"Category","Non.Head","Head","Surprisal.Non.head","Surprisal.head","model","File","regularity","plurality","regularity_num","plurality_num","set"
"Irregular Singular","goose","protector",14.1944675445557,14.3363053798676,"babyLlama_10M","results_experiment_1_babyLlama_10M.csv","Irregular","Singular",0.5,-0.5,"set_goose_swan"
"Irregular Plural","geese","protector",20.0632915496826,13.5343608856201,"babyLlama_10M","results_experiment_1_babyLlama_10M.csv","Irregular","Plural",0.5,0.5,"set_goose_swan"
"Regular Singular","swan","protector",19.5170936584473,16.7913937568665,"babyLlama_10M","results_experiment_1_babyLlama_10M.csv","Regular","Singular",-0.5,-0.5,"set_goose_swan"
"Regular Plural","swans","protector",19.8804054260254,17.9414005279541,"babyLlama_10M","results_experiment_1_babyLlama_10M.csv","Regular","Plural",-0.5,0.5,"set_goose_swan"
"Irregular Singular","goose","trader",14.1944675445557,13.2373843193054,"babyLlama_10M","results_experiment_1_babyLlama_10M.csv","Irregular","Singular",0.5,-0.5,"set_goose_swan"
"Irregular Plural","geese","trader",20.0632915496826,11.7830052375793,"babyLlama_10M","results_experiment_1_babyLlama_10M.csv","Irregular","Plural",0.5,0.5,"set_goose_swan"
"Regular Singular","swan","trader",19.5170936584473,13.4342877864838,"babyLlama_10M","results_experiment_1_babyLlama_10M.csv","Regular","Singular",-0.5,-0.5,"set_goose_swan"
"Regular Plural","swans","trader",19.8804054260254,14.6575081348419,"babyLlama_10M","results_experiment_1_babyLlama_10M.csv","Regular","Plural",-0.5,0.5,"set_goose_swan"
"Irregular Singular","goose","tracker",14.1944675445557,15.39417552948,"babyLlama_10M","results_experiment_1_babyLlama_10M.csv","Irregular","Singular",0.5,-0.5,"set_goose_swan"
"Irregular Plural","geese","tracker",20.0632915496826,15.5557651519775,"babyLlama_10M","results_experiment_1_babyLlama_10M.csv","Irregular","Plural",0.5,0.5,"set_goose_swan"
"Regular Singular","swan","tracker",19.5170936584473,15.9420032501221,"babyLlama_10M","results_experiment_1_babyLlama_10M.csv","Regular","Singular",-0.5,-0.5,"set_goose_swan"
"Regular Plural","swans","tracker",19.8804054260254,16.057457447052,"babyLlama_10M","results_experiment_1_babyLlama_10M.csv","Regular","Plural",-0.5,0.5,"set_goose_swan"
"Irregular Singular","goose","expert",14.194465637207,12.6152324676514,"babyLlama_10M","results_experiment_1_babyLlama_10M.csv","Irregular","Singular",0.5,-0.5,"set_goose_swan"
"Irregular Plural","geese","expert",20.0632915496826,10.8822078704834,"babyLlama_10M","results_experiment_1_babyLlama_10M.csv","Irregular","Plural",0.5,0.5,"set_goose_swan"
"Regular Singular","swan","expert",19.5170936584473,12.8850536346436,"babyLlama_10M","results_experiment_1_babyLlama_10M.csv","Regular","Singular",-0.5,-0.5,"set_goose_swan"
"Regular Plural","swans","expert",19.8804054260254,13.1755380630493,"babyLlama_10M","results_experiment_1_babyLlama_10M.csv","Regular","Plural",-0.5,0.5,"set_goose_swan"
"Irregular Singular","ox","register",12.7763662338257,12.3982629776001,"babyLlama_10M","results_experiment_1_babyLlama_10M.csv","Irregular","Singular",0.5,-0.5,"set_ox_cow"
"Irregular Plural","oxen","register",18.4031553268433,12.5864114761353,"babyLlama_10M","results_experiment_1_babyLlama_10M.csv","Irregular","Plural",0.5,0.5,"set_ox_cow"
"Regular Singular","cow","register",15.4107627868652,13.7952251434326,"babyLlama_10M","results_experiment_1_babyLlama_10M.csv","Regular","Singular",-0.5,-0.5,"set_ox_cow"
"Regular Plural","cows","register",15.1955938339233,11.8102645874023,"babyLlama_10M","results_experiment_1_babyLlama_10M.csv","Regular","Plural",-0.5,0.5,"set_ox_cow"
"Irregular Singular","ox","trader",12.7763652801514,12.4422211647034,"babyLlama_10M","results_experiment_1_babyLlama_10M.csv","Irregular","Singular",0.5,-0.5,"set_ox_cow"
"Irregular Plural","oxen","trader",18.4031553268433,13.1525309085846,"babyLlama_10M","results_experiment_1_babyLlama_10M.csv","Irregular","Plural",0.5,0.5,"set_ox_cow"
"Regular Singular","cow","trader",15.4107627868652,13.2459642887115,"babyLlama_10M","results_experiment_1_babyLlama_10M.csv","Regular","Singular",-0.5,-0.5,"set_ox_cow"
"Regular Plural","cows","trader",15.195595741272,15.4708633422852,"babyLlama_10M","results_experiment_1_babyLlama_10M.csv","Regular","Plural",-0.5,0.5,"set_ox_cow"
"Irregular Singular","ox","tracker",12.7763652801514,17.3522148132324,"babyLlama_10M","results_experiment_1_babyLlama_10M.csv","Irregular","Singular",0.5,-0.5,"set_ox_cow"
"Irregular Plural","oxen","tracker",18.4031553268433,15.6674871444702,"babyLlama_10M","results_experiment_1_babyLlama_10M.csv","Irregular","Plural",0.5,0.5,"set_ox_cow"
"Regular Singular","cow","tracker",15.4107627868652,16.4214115142822,"babyLlama_10M","results_experiment_1_babyLlama_10M.csv","Regular","Singular",-0.5,-0.5,"set_ox_cow"
"Regular Plural","cows","tracker",15.195595741272,16.5956993103027,"babyLlama_10M","results_experiment_1_babyLlama_10M.csv","Regular","Plural",-0.5,0.5,"set_ox_cow"
"Irregular Singular","ox","finder",12.7763652801514,18.0562648773193,"babyLlama_10M","results_experiment_1_babyLlama_10M.csv","Irregular","Singular",0.5,-0.5,"set_ox_cow"
"Irregular Plural","oxen","finder",18.4031553268433,16.9108591079712,"babyLlama_10M","results_experiment_1_babyLlama_10M.csv","Irregular","Plural",0.5,0.5,"set_ox_cow"
"Regular Singular","cow","finder",15.4107627868652,17.4679975509644,"babyLlama_10M","results_experiment_1_babyLlama_10M.csv","Regular","Singular",-0.5,-0.5,"set_ox_cow"
"Regular Plural","cows","finder",15.195595741272,19.7895574569702,"babyLlama_10M","results_experiment_1_babyLlama_10M.csv","Regular","Plural",-0.5,0.5,"set_ox_cow"
"Irregular Singular","louse","issue",13.0697841644287,11.179575920105,"babyLlama_10M","results_experiment_1_babyLlama_10M.csv","Irregular","Singular",0.5,-0.5,"set_louse_flea"
"Irregular Plural","lice","issue",12.2850189208984,10.8832120895386,"babyLlama_10M","results_experiment_1_babyLlama_10M.csv","Irregular","Plural",0.5,0.5,"set_louse_flea"
"Regular Singular","flea","issue",20.5856781005859,11.9445533752441,"babyLlama_10M","results_experiment_1_babyLlama_10M.csv","Regular","Singular",-0.5,-0.5,"set_louse_flea"
"Regular Plural","fleas","issue",21.3737268447876,12.3537549972534,"babyLlama_10M","results_experiment_1_babyLlama_10M.csv","Regular","Plural",-0.5,0.5,"set_louse_flea"
"Irregular Singular","louse","trader",13.0697836875916,12.7258338928223,"babyLlama_10M","results_experiment_1_babyLlama_10M.csv","Irregular","Singular",0.5,-0.5,"set_louse_flea"
"Irregular Plural","lice","trader",12.2850213050842,12.7751641273499,"babyLlama_10M","results_experiment_1_babyLlama_10M.csv","Irregular","Plural",0.5,0.5,"set_louse_flea"
"Regular Singular","flea","trader",20.5856781005859,12.5565710067749,"babyLlama_10M","results_experiment_1_babyLlama_10M.csv","Regular","Singular",-0.5,-0.5,"set_louse_flea"
"Regular Plural","fleas","trader",21.3737268447876,13.9839932918549,"babyLlama_10M","results_experiment_1_babyLlama_10M.csv","Regular","Plural",-0.5,0.5,"set_louse_flea"
"Irregular Singular","louse","tracker",13.0697836875916,15.0972576141357,"babyLlama_10M","results_experiment_1_babyLlama_10M.csv","Irregular","Singular",0.5,-0.5,"set_louse_flea"
"Irregular Plural","lice","tracker",12.2850213050842,14.9073114395142,"babyLlama_10M","results_experiment_1_babyLlama_10M.csv","Irregular","Plural",0.5,0.5,"set_louse_flea"
"Regular Singular","flea","tracker",20.5856781005859,15.172502040863,"babyLlama_10M","results_experiment_1_babyLlama_10M.csv","Regular","Singular",-0.5,-0.5,"set_louse_flea"
"Regular Plural","fleas","tracker",21.3737268447876,16.5633692741394,"babyLlama_10M","results_experiment_1_babyLlama_10M.csv","Regular","Plural",-0.5,0.5,"set_louse_flea"
"Irregular Singular","louse","expert",13.0697841644287,11.8197507858276,"babyLlama_10M","results_experiment_1_babyLlama_10M.csv","Irregular","Singular",0.5,-0.5,"set_louse_flea"
"Irregular Plural","lice","expert",12.2850189208984,11.6988372802734,"babyLlama_10M","results_experiment_1_babyLlama_10M.csv","Irregular","Plural",0.5,0.5,"set_louse_flea"
"Regular Singular","flea","expert",20.5856781005859,12.4087076187134,"babyLlama_10M","results_experiment_1_babyLlama_10M.csv","Regular","Singular",-0.5,-0.5,"set_louse_flea"
"Regular Plural","fleas","expert",21.3737268447876,13.1798648834229,"babyLlama_10M","results_experiment_1_babyLlama_10M.csv","Regular","Plural",-0.5,0.5,"set_louse_flea"
"Irregular Singular","mouse","issue",13.4583854675293,11.172739982605,"babyLlama_10M","results_experiment_1_babyLlama_10M.csv","Irregular","Singular",0.5,-0.5,"set_mouse_rat"
"Irregular Plural","mice","issue",15.3116750717163,11.0289125442505,"babyLlama_10M","results_experiment_1_babyLlama_10M.csv","Irregular","Plural",0.5,0.5,"set_mouse_rat"
"Regular Singular","rat","issue",14.5129194259644,10.5738039016724,"babyLlama_10M","results_experiment_1_babyLlama_10M.csv","Regular","Singular",-0.5,-0.5,"set_mouse_rat"
"Regular Plural","rats","issue",11.677433013916,12.3372917175293,"babyLlama_10M","results_experiment_1_babyLlama_10M.csv","Regular","Plural",-0.5,0.5,"set_mouse_rat"
"Irregular Singular","mouse","trader",13.4583830833435,12.7155952453613,"babyLlama_10M","results_experiment_1_babyLlama_10M.csv","Irregular","Singular",0.5,-0.5,"set_mouse_rat"
"Irregular Plural","mice","trader",15.3116769790649,12.8560192584991,"babyLlama_10M","results_experiment_1_babyLlama_10M.csv","Irregular","Plural",0.5,0.5,"set_mouse_rat"
"Regular Singular","rat","trader",14.5129194259644,12.0959045886993,"babyLlama_10M","results_experiment_1_babyLlama_10M.csv","Regular","Singular",-0.5,-0.5,"set_mouse_rat"
"Regular Plural","rats","trader",11.6774377822876,14.3315913677216,"babyLlama_10M","results_experiment_1_babyLlama_10M.csv","Regular","Plural",-0.5,0.5,"set_mouse_rat"
"Irregular Singular","mouse","tracker",13.4583830833435,15.771390914917,"babyLlama_10M","results_experiment_1_babyLlama_10M.csv","Irregular","Singular",0.5,-0.5,"set_mouse_rat"
"Irregular Plural","mice","tracker",15.3116769790649,15.5907773971558,"babyLlama_10M","results_experiment_1_babyLlama_10M.csv","Irregular","Plural",0.5,0.5,"set_mouse_rat"
"Regular Singular","rat","tracker",14.5129194259644,16.9108371734619,"babyLlama_10M","results_experiment_1_babyLlama_10M.csv","Regular","Singular",-0.5,-0.5,"set_mouse_rat"
"Regular Plural","rats","tracker",11.6774377822876,15.7432489395142,"babyLlama_10M","results_experiment_1_babyLlama_10M.csv","Regular","Plural",-0.5,0.5,"set_mouse_rat"
"Irregular Singular","mouse","inspector",13.4583854675293,12.3386392593384,"babyLlama_10M","results_experiment_1_babyLlama_10M.csv","Irregular","Singular",0.5,-0.5,"set_mouse_rat"
"Irregular Plural","mice","inspector",15.3116750717163,12.9658784866333,"babyLlama_10M","results_experiment_1_babyLlama_10M.csv","Irregular","Plural",0.5,0.5,"set_mouse_rat"
"Regular Singular","rat","inspector",14.5129194259644,12.9970598220825,"babyLlama_10M","results_experiment_1_babyLlama_10M.csv","Regular","Singular",-0.5,-0.5,"set_mouse_rat"
"Regular Plural","rats","inspector",11.677433013916,14.459246635437,"babyLlama_10M","results_experiment_1_babyLlama_10M.csv","Regular","Plural",-0.5,0.5,"set_mouse_rat"
"Irregular Singular","foot","issue",9.91078281402588,12.4915609359741,"babyLlama_10M","results_experiment_1_babyLlama_10M.csv","Irregular","Singular",0.5,-0.5,"set_foot_leg"
"Irregular Plural","feet","issue",13.4258484840393,10.1617393493652,"babyLlama_10M","results_experiment_1_babyLlama_10M.csv","Irregular","Plural",0.5,0.5,"set_foot_leg"
"Regular Singular","leg","issue",12.8363466262817,10.363184928894,"babyLlama_10M","results_experiment_1_babyLlama_10M.csv","Regular","Singular",-0.5,-0.5,"set_foot_leg"
"Regular Plural","legs","issue",14.1907706260681,12.8636856079102,"babyLlama_10M","results_experiment_1_babyLlama_10M.csv","Regular","Plural",-0.5,0.5,"set_foot_leg"
"Irregular Singular","foot","examination",9.91078281402588,13.0710105895996,"babyLlama_10M","results_experiment_1_babyLlama_10M.csv","Irregular","Singular",0.5,-0.5,"set_foot_leg"
"Irregular Plural","feet","examination",13.4258484840393,12.6772804260254,"babyLlama_10M","results_experiment_1_babyLlama_10M.csv","Irregular","Plural",0.5,0.5,"set_foot_leg"
"Regular Singular","leg","examination",12.8363466262817,12.0862255096436,"babyLlama_10M","results_experiment_1_babyLlama_10M.csv","Regular","Singular",-0.5,-0.5,"set_foot_leg"
"Regular Plural","legs","examination",14.1907706260681,14.0575351715088,"babyLlama_10M","results_experiment_1_babyLlama_10M.csv","Regular","Plural",-0.5,0.5,"set_foot_leg"
"Irregular Singular","foot","expert",9.91078281402588,11.9572553634644,"babyLlama_10M","results_experiment_1_babyLlama_10M.csv","Irregular","Singular",0.5,-0.5,"set_foot_leg"
"Irregular Plural","feet","expert",13.4258484840393,12.048282623291,"babyLlama_10M","results_experiment_1_babyLlama_10M.csv","Irregular","Plural",0.5,0.5,"set_foot_leg"
"Regular Singular","leg","expert",12.8363466262817,11.7369260787964,"babyLlama_10M","results_experiment_1_babyLlama_10M.csv","Regular","Singular",-0.5,-0.5,"set_foot_leg"
"Regular Plural","legs","expert",14.1907706260681,13.368127822876,"babyLlama_10M","results_experiment_1_babyLlama_10M.csv","Regular","Plural",-0.5,0.5,"set_foot_leg"
"Irregular Singular","foot","inspector",9.91078281402588,13.2277088165283,"babyLlama_10M","results_experiment_1_babyLlama_10M.csv","Irregular","Singular",0.5,-0.5,"set_foot_leg"
"Irregular Plural","feet","inspector",13.4258484840393,12.6934375762939,"babyLlama_10M","results_experiment_1_babyLlama_10M.csv","Irregular","Plural",0.5,0.5,"set_foot_leg"
"Regular Singular","leg","inspector",12.8363466262817,11.9255657196045,"babyLlama_10M","results_experiment_1_babyLlama_10M.csv","Regular","Singular",-0.5,-0.5,"set_foot_leg"
"Regular Plural","legs","inspector",14.1907706260681,14.8863162994385,"babyLlama_10M","results_experiment_1_babyLlama_10M.csv","Regular","Plural",-0.5,0.5,"set_foot_leg"
"Irregular Singular","tooth","issue",14.6479873657227,12.404107093811,"babyLlama_10M","results_experiment_1_babyLlama_10M.csv","Irregular","Singular",0.5,-0.5,"set_tooth_bone"
"Irregular Plural","teeth","issue",16.0405559539795,11.4038915634155,"babyLlama_10M","results_experiment_1_babyLlama_10M.csv","Irregular","Plural",0.5,0.5,"set_tooth_bone"
"Regular Singular","bone","issue",11.9011898040771,10.5498075485229,"babyLlama_10M","results_experiment_1_babyLlama_10M.csv","Regular","Singular",-0.5,-0.5,"set_tooth_bone"
"Regular Plural","bones","issue",11.9127531051636,12.0486755371094,"babyLlama_10M","results_experiment_1_babyLlama_10M.csv","Regular","Plural",-0.5,0.5,"set_tooth_bone"
"Irregular Singular","tooth","examination",14.6479873657227,13.7963552474976,"babyLlama_10M","results_experiment_1_babyLlama_10M.csv","Irregular","Singular",0.5,-0.5,"set_tooth_bone"
"Irregular Plural","teeth","examination",16.0405559539795,12.2039432525635,"babyLlama_10M","results_experiment_1_babyLlama_10M.csv","Irregular","Plural",0.5,0.5,"set_tooth_bone"
"Regular Singular","bone","examination",11.9011898040771,11.6592178344727,"babyLlama_10M","results_experiment_1_babyLlama_10M.csv","Regular","Singular",-0.5,-0.5,"set_tooth_bone"
"Regular Plural","bones","examination",11.9127531051636,13.5981578826904,"babyLlama_10M","results_experiment_1_babyLlama_10M.csv","Regular","Plural",-0.5,0.5,"set_tooth_bone"
"Irregular Singular","tooth","expert",14.6479873657227,12.6062326431274,"babyLlama_10M","results_experiment_1_babyLlama_10M.csv","Irregular","Singular",0.5,-0.5,"set_tooth_bone"
"Irregular Plural","teeth","expert",16.0405559539795,12.4437580108643,"babyLlama_10M","results_experiment_1_babyLlama_10M.csv","Irregular","Plural",0.5,0.5,"set_tooth_bone"
"Regular Singular","bone","expert",11.9011898040771,11.2819442749023,"babyLlama_10M","results_experiment_1_babyLlama_10M.csv","Regular","Singular",-0.5,-0.5,"set_tooth_bone"
"Regular Plural","bones","expert",11.9127531051636,12.473539352417,"babyLlama_10M","results_experiment_1_babyLlama_10M.csv","Regular","Plural",-0.5,0.5,"set_tooth_bone"
"Irregular Singular","tooth","protector",14.6479840278625,15.0793824195862,"babyLlama_10M","results_experiment_1_babyLlama_10M.csv","Irregular","Singular",0.5,-0.5,"set_tooth_bone"
"Irregular Plural","teeth","protector",16.0405554771423,14.0522241592407,"babyLlama_10M","results_experiment_1_babyLlama_10M.csv","Irregular","Plural",0.5,0.5,"set_tooth_bone"
"Regular Singular","bone","protector",11.90118932724,15.4357261657715,"babyLlama_10M","results_experiment_1_babyLlama_10M.csv","Regular","Singular",-0.5,-0.5,"set_tooth_bone"
"Regular Plural","bones","protector",11.9127521514893,16.8928484916687,"babyLlama_10M","results_experiment_1_babyLlama_10M.csv","Regular","Plural",-0.5,0.5,"set_tooth_bone"
"Irregular Singular","child","patrol",10.9474239349365,13.5156402587891,"babyLlama_10M","results_experiment_1_babyLlama_10M.csv","Irregular","Singular",0.5,-0.5,"set_child_adult"
"Irregular Plural","children","patrol",13.0490465164185,13.0496587753296,"babyLlama_10M","results_experiment_1_babyLlama_10M.csv","Irregular","Plural",0.5,0.5,"set_child_adult"
"Regular Singular","adult","patrol",16.9673080444336,10.5533571243286,"babyLlama_10M","results_experiment_1_babyLlama_10M.csv","Regular","Singular",-0.5,-0.5,"set_child_adult"
"Regular Plural","adults","patrol",19.1391651630402,12.3768882751465,"babyLlama_10M","results_experiment_1_babyLlama_10M.csv","Regular","Plural",-0.5,0.5,"set_child_adult"
"Irregular Singular","child","register",10.9474239349365,12.5128955841064,"babyLlama_10M","results_experiment_1_babyLlama_10M.csv","Irregular","Singular",0.5,-0.5,"set_child_adult"
"Irregular Plural","children","register",13.0490465164185,11.2998809814453,"babyLlama_10M","results_experiment_1_babyLlama_10M.csv","Irregular","Plural",0.5,0.5,"set_child_adult"
"Regular Singular","adult","register",16.9673080444336,12.2703790664673,"babyLlama_10M","results_experiment_1_babyLlama_10M.csv","Regular","Singular",-0.5,-0.5,"set_child_adult"
"Regular Plural","adults","register",19.1391651630402,11.7676477432251,"babyLlama_10M","results_experiment_1_babyLlama_10M.csv","Regular","Plural",-0.5,0.5,"set_child_adult"
"Irregular Singular","child","institute",10.9474239349365,16.1869101524353,"babyLlama_10M","results_experiment_1_babyLlama_10M.csv","Irregular","Singular",0.5,-0.5,"set_child_adult"
"Irregular Plural","children","institute",13.0490465164185,13.8114686012268,"babyLlama_10M","results_experiment_1_babyLlama_10M.csv","Irregular","Plural",0.5,0.5,"set_child_adult"
"Regular Singular","adult","institute",16.9673080444336,15.3898692131042,"babyLlama_10M","results_experiment_1_babyLlama_10M.csv","Regular","Singular",-0.5,-0.5,"set_child_adult"
"Regular Plural","adults","institute",19.1391651630402,15.3029544353485,"babyLlama_10M","results_experiment_1_babyLlama_10M.csv","Regular","Plural",-0.5,0.5,"set_child_adult"
"Irregular Singular","child","crew",10.9474239349365,12.6963233947754,"babyLlama_10M","results_experiment_1_babyLlama_10M.csv","Irregular","Singular",0.5,-0.5,"set_child_adult"
"Irregular Plural","children","crew",13.0490465164185,12.1322660446167,"babyLlama_10M","results_experiment_1_babyLlama_10M.csv","Irregular","Plural",0.5,0.5,"set_child_adult"
"Regular Singular","adult","crew",16.9673080444336,9.68649387359619,"babyLlama_10M","results_experiment_1_babyLlama_10M.csv","Regular","Singular",-0.5,-0.5,"set_child_adult"
"Regular Plural","adults","crew",19.1391651630402,11.1969108581543,"babyLlama_10M","results_experiment_1_babyLlama_10M.csv","Regular","Plural",-0.5,0.5,"set_child_adult"
"Irregular Singular","woman","protector",10.3833589553833,17.9513273239136,"babyLlama_10M","results_experiment_1_babyLlama_10M.csv","Irregular","Singular",0.5,-0.5,"set_woman_girl"
"Irregular Plural","women","protector",12.8869976997375,18.0191125869751,"babyLlama_10M","results_experiment_1_babyLlama_10M.csv","Irregular","Plural",0.5,0.5,"set_woman_girl"
"Regular Singular","girl","protector",11.6770114898682,16.3745718002319,"babyLlama_10M","results_experiment_1_babyLlama_10M.csv","Regular","Singular",-0.5,-0.5,"set_woman_girl"
"Regular Plural","girls","protector",13.7919735908508,17.7265248298645,"babyLlama_10M","results_experiment_1_babyLlama_10M.csv","Regular","Plural",-0.5,0.5,"set_woman_girl"
"Irregular Singular","woman","register",10.3833589553833,13.0567445755005,"babyLlama_10M","results_experiment_1_babyLlama_10M.csv","Irregular","Singular",0.5,-0.5,"set_woman_girl"
"Irregular Plural","women","register",12.8869981765747,11.9593935012817,"babyLlama_10M","results_experiment_1_babyLlama_10M.csv","Irregular","Plural",0.5,0.5,"set_woman_girl"
"Regular Singular","girl","register",11.6770105361938,11.6067085266113,"babyLlama_10M","results_experiment_1_babyLlama_10M.csv","Regular","Singular",-0.5,-0.5,"set_woman_girl"
"Regular Plural","girls","register",13.7919726371765,10.8949871063232,"babyLlama_10M","results_experiment_1_babyLlama_10M.csv","Regular","Plural",-0.5,0.5,"set_woman_girl"
"Irregular Singular","woman","hangout",10.3833589553833,17.8767056465149,"babyLlama_10M","results_experiment_1_babyLlama_10M.csv","Irregular","Singular",0.5,-0.5,"set_woman_girl"
"Irregular Plural","women","hangout",12.8869976997375,18.7057752609253,"babyLlama_10M","results_experiment_1_babyLlama_10M.csv","Irregular","Plural",0.5,0.5,"set_woman_girl"
"Regular Singular","girl","hangout",11.6770114898682,17.0648708343506,"babyLlama_10M","results_experiment_1_babyLlama_10M.csv","Regular","Singular",-0.5,-0.5,"set_woman_girl"
"Regular Plural","girls","hangout",13.7919735908508,16.7794990539551,"babyLlama_10M","results_experiment_1_babyLlama_10M.csv","Regular","Plural",-0.5,0.5,"set_woman_girl"
"Irregular Singular","woman","crew",10.3833589553833,11.5660991668701,"babyLlama_10M","results_experiment_1_babyLlama_10M.csv","Irregular","Singular",0.5,-0.5,"set_woman_girl"
"Irregular Plural","women","crew",12.8869981765747,13.1904125213623,"babyLlama_10M","results_experiment_1_babyLlama_10M.csv","Irregular","Plural",0.5,0.5,"set_woman_girl"
"Regular Singular","girl","crew",11.6770105361938,10.0259952545166,"babyLlama_10M","results_experiment_1_babyLlama_10M.csv","Regular","Singular",-0.5,-0.5,"set_woman_girl"
"Regular Plural","girls","crew",13.7919726371765,11.2672595977783,"babyLlama_10M","results_experiment_1_babyLlama_10M.csv","Regular","Plural",-0.5,0.5,"set_woman_girl"
"Irregular Singular","man","institute",6.84381484985352,15.5260167121887,"babyLlama_10M","results_experiment_1_babyLlama_10M.csv","Irregular","Singular",0.5,-0.5,"set_man_boy"
"Irregular Plural","men","institute",7.76936817169189,14.333812713623,"babyLlama_10M","results_experiment_1_babyLlama_10M.csv","Irregular","Plural",0.5,0.5,"set_man_boy"
"Regular Singular","boy","institute",10.7659282684326,14.7995185852051,"babyLlama_10M","results_experiment_1_babyLlama_10M.csv","Regular","Singular",-0.5,-0.5,"set_man_boy"
"Regular Plural","boys","institute",10.4799518585205,14.0512809753418,"babyLlama_10M","results_experiment_1_babyLlama_10M.csv","Regular","Plural",-0.5,0.5,"set_man_boy"
"Irregular Singular","man","register",6.84381437301636,12.683895111084,"babyLlama_10M","results_experiment_1_babyLlama_10M.csv","Irregular","Singular",0.5,-0.5,"set_man_boy"
"Irregular Plural","men","register",7.76936721801758,11.4327764511108,"babyLlama_10M","results_experiment_1_babyLlama_10M.csv","Irregular","Plural",0.5,0.5,"set_man_boy"
"Regular Singular","boy","register",10.765926361084,12.0229167938232,"babyLlama_10M","results_experiment_1_babyLlama_10M.csv","Regular","Singular",-0.5,-0.5,"set_man_boy"
"Regular Plural","boys","register",10.4799509048462,11.1857891082764,"babyLlama_10M","results_experiment_1_babyLlama_10M.csv","Regular","Plural",-0.5,0.5,"set_man_boy"
"Irregular Singular","man","finder",6.84381484985352,18.4615669250488,"babyLlama_10M","results_experiment_1_babyLlama_10M.csv","Irregular","Singular",0.5,-0.5,"set_man_boy"
"Irregular Plural","men","finder",7.76936817169189,18.9325094223022,"babyLlama_10M","results_experiment_1_babyLlama_10M.csv","Irregular","Plural",0.5,0.5,"set_man_boy"
"Regular Singular","boy","finder",10.7659282684326,17.877010345459,"babyLlama_10M","results_experiment_1_babyLlama_10M.csv","Regular","Singular",-0.5,-0.5,"set_man_boy"
"Regular Plural","boys","finder",10.4799518585205,18.9986877441406,"babyLlama_10M","results_experiment_1_babyLlama_10M.csv","Regular","Plural",-0.5,0.5,"set_man_boy"
"Irregular Singular","man","hangout",6.84381484985352,17.3771858215332,"babyLlama_10M","results_experiment_1_babyLlama_10M.csv","Irregular","Singular",0.5,-0.5,"set_man_boy"
"Irregular Plural","men","hangout",7.76936817169189,18.7036848068237,"babyLlama_10M","results_experiment_1_babyLlama_10M.csv","Irregular","Plural",0.5,0.5,"set_man_boy"
"Regular Singular","boy","hangout",10.7659282684326,16.4189825057983,"babyLlama_10M","results_experiment_1_babyLlama_10M.csv","Regular","Singular",-0.5,-0.5,"set_man_boy"
"Regular Plural","boys","hangout",10.4799518585205,17.1424288749695,"babyLlama_10M","results_experiment_1_babyLlama_10M.csv","Regular","Plural",-0.5,0.5,"set_man_boy"
"Irregular Singular","salesman","institute",27.0330762863159,15.0244896411896,"babyLlama_10M","results_experiment_1_babyLlama_10M.csv","Irregular","Singular",0.5,-0.5,"set_salesman_retailer"
"Irregular Plural","salesmen","institute",27.6791791915894,14.3438475131989,"babyLlama_10M","results_experiment_1_babyLlama_10M.csv","Irregular","Plural",0.5,0.5,"set_salesman_retailer"
"Regular Singular","retailer","institute",24.2691693305969,14.3902270793915,"babyLlama_10M","results_experiment_1_babyLlama_10M.csv","Regular","Singular",-0.5,-0.5,"set_salesman_retailer"
"Regular Plural","retailers","institute",23.9901924133301,14.2163074016571,"babyLlama_10M","results_experiment_1_babyLlama_10M.csv","Regular","Plural",-0.5,0.5,"set_salesman_retailer"
"Irregular Singular","salesman","inspector",27.0330762863159,12.3793163299561,"babyLlama_10M","results_experiment_1_babyLlama_10M.csv","Irregular","Singular",0.5,-0.5,"set_salesman_retailer"
"Irregular Plural","salesmen","inspector",27.6791791915894,14.2371063232422,"babyLlama_10M","results_experiment_1_babyLlama_10M.csv","Irregular","Plural",0.5,0.5,"set_salesman_retailer"
"Regular Singular","retailer","inspector",24.2691693305969,11.6281480789185,"babyLlama_10M","results_experiment_1_babyLlama_10M.csv","Regular","Singular",-0.5,-0.5,"set_salesman_retailer"
"Regular Plural","retailers","inspector",23.9901924133301,13.9574909210205,"babyLlama_10M","results_experiment_1_babyLlama_10M.csv","Regular","Plural",-0.5,0.5,"set_salesman_retailer"
"Irregular Singular","salesman","protector",27.0330762863159,16.8819117546082,"babyLlama_10M","results_experiment_1_babyLlama_10M.csv","Irregular","Singular",0.5,-0.5,"set_salesman_retailer"
"Irregular Plural","salesmen","protector",27.6791791915894,18.4950904846191,"babyLlama_10M","results_experiment_1_babyLlama_10M.csv","Irregular","Plural",0.5,0.5,"set_salesman_retailer"
"Regular Singular","retailer","protector",24.2691693305969,15.1290264129639,"babyLlama_10M","results_experiment_1_babyLlama_10M.csv","Regular","Singular",-0.5,-0.5,"set_salesman_retailer"
"Regular Plural","retailers","protector",23.9901924133301,17.8467516899109,"babyLlama_10M","results_experiment_1_babyLlama_10M.csv","Regular","Plural",-0.5,0.5,"set_salesman_retailer"
"Irregular Singular","salesman","employer",27.0330762863159,12.8351743221283,"babyLlama_10M","results_experiment_1_babyLlama_10M.csv","Irregular","Singular",0.5,-0.5,"set_salesman_retailer"
"Irregular Plural","salesmen","employer",27.6791791915894,14.7342224121094,"babyLlama_10M","results_experiment_1_babyLlama_10M.csv","Irregular","Plural",0.5,0.5,"set_salesman_retailer"
"Regular Singular","retailer","employer",24.2691693305969,12.2805364131927,"babyLlama_10M","results_experiment_1_babyLlama_10M.csv","Regular","Singular",-0.5,-0.5,"set_salesman_retailer"
"Regular Plural","retailers","employer",23.9901924133301,14.6906218528748,"babyLlama_10M","results_experiment_1_babyLlama_10M.csv","Regular","Plural",-0.5,0.5,"set_salesman_retailer"
"Irregular Singular","nobleman","patrol",27.1309499740601,12.4424333572388,"babyLlama_10M","results_experiment_1_babyLlama_10M.csv","Irregular","Singular",0.5,-0.5,"set_nobleman_aristocrat"
"Irregular Plural","noblemen","patrol",28.396276473999,12.3370599746704,"babyLlama_10M","results_experiment_1_babyLlama_10M.csv","Irregular","Plural",0.5,0.5,"set_nobleman_aristocrat"
"Regular Singular","aristocrat","patrol",28.1918349266052,12.626407623291,"babyLlama_10M","results_experiment_1_babyLlama_10M.csv","Regular","Singular",-0.5,-0.5,"set_nobleman_aristocrat"
"Regular Plural","aristocrats","patrol",24.3046565055847,13.3271179199219,"babyLlama_10M","results_experiment_1_babyLlama_10M.csv","Regular","Plural",-0.5,0.5,"set_nobleman_aristocrat"
"Irregular Singular","nobleman","hangout",27.1309499740601,16.0601286888123,"babyLlama_10M","results_experiment_1_babyLlama_10M.csv","Irregular","Singular",0.5,-0.5,"set_nobleman_aristocrat"
"Irregular Plural","noblemen","hangout",28.396276473999,16.908278465271,"babyLlama_10M","results_experiment_1_babyLlama_10M.csv","Irregular","Plural",0.5,0.5,"set_nobleman_aristocrat"
"Regular Singular","aristocrat","hangout",28.1918349266052,16.1092987060547,"babyLlama_10M","results_experiment_1_babyLlama_10M.csv","Regular","Singular",-0.5,-0.5,"set_nobleman_aristocrat"
"Regular Plural","aristocrats","hangout",24.3046565055847,17.8768939971924,"babyLlama_10M","results_experiment_1_babyLlama_10M.csv","Regular","Plural",-0.5,0.5,"set_nobleman_aristocrat"
"Irregular Singular","nobleman","institute",27.1309499740601,15.5068833827972,"babyLlama_10M","results_experiment_1_babyLlama_10M.csv","Irregular","Singular",0.5,-0.5,"set_nobleman_aristocrat"
"Irregular Plural","noblemen","institute",28.396276473999,14.4763448238373,"babyLlama_10M","results_experiment_1_babyLlama_10M.csv","Irregular","Plural",0.5,0.5,"set_nobleman_aristocrat"
"Regular Singular","aristocrat","institute",28.1918349266052,13.939640045166,"babyLlama_10M","results_experiment_1_babyLlama_10M.csv","Regular","Singular",-0.5,-0.5,"set_nobleman_aristocrat"
"Regular Plural","aristocrats","institute",24.3046565055847,13.1220868825912,"babyLlama_10M","results_experiment_1_babyLlama_10M.csv","Regular","Plural",-0.5,0.5,"set_nobleman_aristocrat"
"Irregular Singular","nobleman","crew",27.1309499740601,10.3473491668701,"babyLlama_10M","results_experiment_1_babyLlama_10M.csv","Irregular","Singular",0.5,-0.5,"set_nobleman_aristocrat"
"Irregular Plural","noblemen","crew",28.396276473999,11.4736261367798,"babyLlama_10M","results_experiment_1_babyLlama_10M.csv","Irregular","Plural",0.5,0.5,"set_nobleman_aristocrat"
"Regular Singular","aristocrat","crew",28.1918349266052,10.7384424209595,"babyLlama_10M","results_experiment_1_babyLlama_10M.csv","Regular","Singular",-0.5,-0.5,"set_nobleman_aristocrat"
"Regular Plural","aristocrats","crew",24.3046565055847,12.6399669647217,"babyLlama_10M","results_experiment_1_babyLlama_10M.csv","Regular","Plural",-0.5,0.5,"set_nobleman_aristocrat"
"Irregular Singular","boatman","patrol",18.3328237533569,10.6980991363525,"babyLlama_10M","results_experiment_1_babyLlama_10M.csv","Irregular","Singular",0.5,-0.5,"set_boatman_shipmate"
"Irregular Plural","boatmen","patrol",18.2425661087036,10.9669160842896,"babyLlama_10M","results_experiment_1_babyLlama_10M.csv","Irregular","Plural",0.5,0.5,"set_boatman_shipmate"
"Regular Singular","shipmate","patrol",21.4077835083008,12.4943056106567,"babyLlama_10M","results_experiment_1_babyLlama_10M.csv","Regular","Singular",-0.5,-0.5,"set_boatman_shipmate"
"Regular Plural","shipmates","patrol",23.1400051116943,12.0161294937134,"babyLlama_10M","results_experiment_1_babyLlama_10M.csv","Regular","Plural",-0.5,0.5,"set_boatman_shipmate"
"Irregular Singular","boatman","finder",18.332820892334,17.8622417449951,"babyLlama_10M","results_experiment_1_babyLlama_10M.csv","Irregular","Singular",0.5,-0.5,"set_boatman_shipmate"
"Irregular Plural","boatmen","finder",18.2425651550293,18.3620262145996,"babyLlama_10M","results_experiment_1_babyLlama_10M.csv","Irregular","Plural",0.5,0.5,"set_boatman_shipmate"
"Regular Singular","shipmate","finder",21.4077854156494,19.0254583358765,"babyLlama_10M","results_experiment_1_babyLlama_10M.csv","Regular","Singular",-0.5,-0.5,"set_boatman_shipmate"
"Regular Plural","shipmates","finder",23.1400060653687,19.0703182220459,"babyLlama_10M","results_experiment_1_babyLlama_10M.csv","Regular","Plural",-0.5,0.5,"set_boatman_shipmate"
"Irregular Singular","boatman","inspector",18.3328237533569,11.6962490081787,"babyLlama_10M","results_experiment_1_babyLlama_10M.csv","Irregular","Singular",0.5,-0.5,"set_boatman_shipmate"
"Irregular Plural","boatmen","inspector",18.2425661087036,14.2193012237549,"babyLlama_10M","results_experiment_1_babyLlama_10M.csv","Irregular","Plural",0.5,0.5,"set_boatman_shipmate"
"Regular Singular","shipmate","inspector",21.4077835083008,11.0332832336426,"babyLlama_10M","results_experiment_1_babyLlama_10M.csv","Regular","Singular",-0.5,-0.5,"set_boatman_shipmate"
"Regular Plural","shipmates","inspector",23.1400051116943,13.4437561035156,"babyLlama_10M","results_experiment_1_babyLlama_10M.csv","Regular","Plural",-0.5,0.5,"set_boatman_shipmate"
"Irregular Singular","boatman","employer",18.332820892334,12.7761962413788,"babyLlama_10M","results_experiment_1_babyLlama_10M.csv","Irregular","Singular",0.5,-0.5,"set_boatman_shipmate"
"Irregular Plural","boatmen","employer",18.2425651550293,14.7932236194611,"babyLlama_10M","results_experiment_1_babyLlama_10M.csv","Irregular","Plural",0.5,0.5,"set_boatman_shipmate"
"Regular Singular","shipmate","employer",21.4077854156494,12.5203094482422,"babyLlama_10M","results_experiment_1_babyLlama_10M.csv","Regular","Singular",-0.5,-0.5,"set_boatman_shipmate"
"Regular Plural","shipmates","employer",23.1400060653687,15.2598214149475,"babyLlama_10M","results_experiment_1_babyLlama_10M.csv","Regular","Plural",-0.5,0.5,"set_boatman_shipmate"
"Irregular Singular","craftsman","employer",24.8128128051758,12.7277541160583,"babyLlama_10M","results_experiment_1_babyLlama_10M.csv","Irregular","Singular",0.5,-0.5,"set_craftsman_labourer"
"Irregular Plural","craftsmen","employer",25.4847049713135,14.8307704925537,"babyLlama_10M","results_experiment_1_babyLlama_10M.csv","Irregular","Plural",0.5,0.5,"set_craftsman_labourer"
"Regular Singular","labourer","employer",25.7923674583435,13.2229871749878,"babyLlama_10M","results_experiment_1_babyLlama_10M.csv","Regular","Singular",-0.5,-0.5,"set_craftsman_labourer"
"Regular Plural","labourers","employer",30.6646499633789,14.4959197044373,"babyLlama_10M","results_experiment_1_babyLlama_10M.csv","Regular","Plural",-0.5,0.5,"set_craftsman_labourer"
"Irregular Singular","craftsman","examination",24.8128128051758,12.5424823760986,"babyLlama_10M","results_experiment_1_babyLlama_10M.csv","Irregular","Singular",0.5,-0.5,"set_craftsman_labourer"
"Irregular Plural","craftsmen","examination",25.4847049713135,13.4431171417236,"babyLlama_10M","results_experiment_1_babyLlama_10M.csv","Irregular","Plural",0.5,0.5,"set_craftsman_labourer"
"Regular Singular","labourer","examination",25.7923674583435,13.1296072006226,"babyLlama_10M","results_experiment_1_babyLlama_10M.csv","Regular","Singular",-0.5,-0.5,"set_craftsman_labourer"
"Regular Plural","labourers","examination",30.6646475791931,13.252516746521,"babyLlama_10M","results_experiment_1_babyLlama_10M.csv","Regular","Plural",-0.5,0.5,"set_craftsman_labourer"
"Irregular Singular","craftsman","hangout",24.8128128051758,15.9388980865479,"babyLlama_10M","results_experiment_1_babyLlama_10M.csv","Irregular","Singular",0.5,-0.5,"set_craftsman_labourer"
"Irregular Plural","craftsmen","hangout",25.4847049713135,17.3171186447144,"babyLlama_10M","results_experiment_1_babyLlama_10M.csv","Irregular","Plural",0.5,0.5,"set_craftsman_labourer"
"Regular Singular","labourer","hangout",25.7923674583435,17.4039812088013,"babyLlama_10M","results_experiment_1_babyLlama_10M.csv","Regular","Singular",-0.5,-0.5,"set_craftsman_labourer"
"Regular Plural","labourers","hangout",30.6646499633789,17.5741891860962,"babyLlama_10M","results_experiment_1_babyLlama_10M.csv","Regular","Plural",-0.5,0.5,"set_craftsman_labourer"
"Irregular Singular","craftsman","finder",24.8128128051758,17.8486824035645,"babyLlama_10M","results_experiment_1_babyLlama_10M.csv","Irregular","Singular",0.5,-0.5,"set_craftsman_labourer"
"Irregular Plural","craftsmen","finder",25.4847049713135,18.2900152206421,"babyLlama_10M","results_experiment_1_babyLlama_10M.csv","Irregular","Plural",0.5,0.5,"set_craftsman_labourer"
"Regular Singular","labourer","finder",25.7923674583435,18.0887966156006,"babyLlama_10M","results_experiment_1_babyLlama_10M.csv","Regular","Singular",-0.5,-0.5,"set_craftsman_labourer"
"Regular Plural","labourers","finder",30.6646499633789,18.9359760284424,"babyLlama_10M","results_experiment_1_babyLlama_10M.csv","Regular","Plural",-0.5,0.5,"set_craftsman_labourer"
"Irregular Singular","fireman","examination",17.7492952346802,12.6993646621704,"babyLlama_10M","results_experiment_1_babyLlama_10M.csv","Irregular","Singular",0.5,-0.5,"set_fireman_lifeguard"
"Irregular Plural","firemen","examination",17.4928464889526,13.3147754669189,"babyLlama_10M","results_experiment_1_babyLlama_10M.csv","Irregular","Plural",0.5,0.5,"set_fireman_lifeguard"
"Regular Singular","lifeguard","examination",22.4914598464966,11.6829662322998,"babyLlama_10M","results_experiment_1_babyLlama_10M.csv","Regular","Singular",-0.5,-0.5,"set_fireman_lifeguard"
"Regular Plural","lifeguards","examination",26.3460154533386,13.0166492462158,"babyLlama_10M","results_experiment_1_babyLlama_10M.csv","Regular","Plural",-0.5,0.5,"set_fireman_lifeguard"
"Irregular Singular","fireman","employer",17.7492971420288,12.8488674163818,"babyLlama_10M","results_experiment_1_babyLlama_10M.csv","Irregular","Singular",0.5,-0.5,"set_fireman_lifeguard"
"Irregular Plural","firemen","employer",17.4928469657898,14.8418278694153,"babyLlama_10M","results_experiment_1_babyLlama_10M.csv","Irregular","Plural",0.5,0.5,"set_fireman_lifeguard"
"Regular Singular","lifeguard","employer",22.4914569854736,12.9703786373138,"babyLlama_10M","results_experiment_1_babyLlama_10M.csv","Regular","Singular",-0.5,-0.5,"set_fireman_lifeguard"
"Regular Plural","lifeguards","employer",26.3460154533386,14.4782824516296,"babyLlama_10M","results_experiment_1_babyLlama_10M.csv","Regular","Plural",-0.5,0.5,"set_fireman_lifeguard"
"Irregular Singular","fireman","crew",17.7492952346802,8.97674369812012,"babyLlama_10M","results_experiment_1_babyLlama_10M.csv","Irregular","Singular",0.5,-0.5,"set_fireman_lifeguard"
"Irregular Plural","firemen","crew",17.4928464889526,10.6866054534912,"babyLlama_10M","results_experiment_1_babyLlama_10M.csv","Irregular","Plural",0.5,0.5,"set_fireman_lifeguard"
"Regular Singular","lifeguard","crew",22.4914598464966,10.0648488998413,"babyLlama_10M","results_experiment_1_babyLlama_10M.csv","Regular","Singular",-0.5,-0.5,"set_fireman_lifeguard"
"Regular Plural","lifeguards","crew",26.3460154533386,11.4966106414795,"babyLlama_10M","results_experiment_1_babyLlama_10M.csv","Regular","Plural",-0.5,0.5,"set_fireman_lifeguard"
"Irregular Singular","fireman","patrol",17.7492952346802,11.1147174835205,"babyLlama_10M","results_experiment_1_babyLlama_10M.csv","Irregular","Singular",0.5,-0.5,"set_fireman_lifeguard"
"Irregular Plural","firemen","patrol",17.4928464889526,10.9861154556274,"babyLlama_10M","results_experiment_1_babyLlama_10M.csv","Irregular","Plural",0.5,0.5,"set_fireman_lifeguard"
"Regular Singular","lifeguard","patrol",22.4914598464966,11.6315250396729,"babyLlama_10M","results_experiment_1_babyLlama_10M.csv","Regular","Singular",-0.5,-0.5,"set_fireman_lifeguard"
"Regular Plural","lifeguards","patrol",26.3460154533386,12.3084554672241,"babyLlama_10M","results_experiment_1_babyLlama_10M.csv","Regular","Plural",-0.5,0.5,"set_fireman_lifeguard"
"Irregular Singular","goose","protector",18.2760229110718,13.8288624286652,"babyLlama_2_10M","results_experiment_1_babyLlama_2_10M.csv","Irregular","Singular",0.5,-0.5,"set_goose_swan"
"Irregular Plural","geese","protector",19.4319496154785,12.480236530304,"babyLlama_2_10M","results_experiment_1_babyLlama_2_10M.csv","Irregular","Plural",0.5,0.5,"set_goose_swan"
"Regular Singular","swan","protector",17.0150356292725,12.7807831764221,"babyLlama_2_10M","results_experiment_1_babyLlama_2_10M.csv","Regular","Singular",-0.5,-0.5,"set_goose_swan"
"Regular Plural","swans","protector",18.2850885391235,15.4200735092163,"babyLlama_2_10M","results_experiment_1_babyLlama_2_10M.csv","Regular","Plural",-0.5,0.5,"set_goose_swan"
"Irregular Singular","goose","trader",18.2760229110718,13.7500343322754,"babyLlama_2_10M","results_experiment_1_babyLlama_2_10M.csv","Irregular","Singular",0.5,-0.5,"set_goose_swan"
"Irregular Plural","geese","trader",19.4319496154785,10.2414658069611,"babyLlama_2_10M","results_experiment_1_babyLlama_2_10M.csv","Irregular","Plural",0.5,0.5,"set_goose_swan"
"Regular Singular","swan","trader",17.0150356292725,14.3259243965149,"babyLlama_2_10M","results_experiment_1_babyLlama_2_10M.csv","Regular","Singular",-0.5,-0.5,"set_goose_swan"
"Regular Plural","swans","trader",18.2850885391235,13.7686519622803,"babyLlama_2_10M","results_experiment_1_babyLlama_2_10M.csv","Regular","Plural",-0.5,0.5,"set_goose_swan"
"Irregular Singular","goose","tracker",18.2760229110718,15.200366973877,"babyLlama_2_10M","results_experiment_1_babyLlama_2_10M.csv","Irregular","Singular",0.5,-0.5,"set_goose_swan"
"Irregular Plural","geese","tracker",19.4319496154785,15.0305194854736,"babyLlama_2_10M","results_experiment_1_babyLlama_2_10M.csv","Irregular","Plural",0.5,0.5,"set_goose_swan"
"Regular Singular","swan","tracker",17.0150356292725,16.2412118911743,"babyLlama_2_10M","results_experiment_1_babyLlama_2_10M.csv","Regular","Singular",-0.5,-0.5,"set_goose_swan"
"Regular Plural","swans","tracker",18.2850885391235,15.9805850982666,"babyLlama_2_10M","results_experiment_1_babyLlama_2_10M.csv","Regular","Plural",-0.5,0.5,"set_goose_swan"
"Irregular Singular","goose","expert",18.2760229110718,12.569543838501,"babyLlama_2_10M","results_experiment_1_babyLlama_2_10M.csv","Irregular","Singular",0.5,-0.5,"set_goose_swan"
"Irregular Plural","geese","expert",19.4319496154785,11.6872911453247,"babyLlama_2_10M","results_experiment_1_babyLlama_2_10M.csv","Irregular","Plural",0.5,0.5,"set_goose_swan"
"Regular Singular","swan","expert",17.0150365829468,12.7737522125244,"babyLlama_2_10M","results_experiment_1_babyLlama_2_10M.csv","Regular","Singular",-0.5,-0.5,"set_goose_swan"
"Regular Plural","swans","expert",18.2850904464722,14.1010808944702,"babyLlama_2_10M","results_experiment_1_babyLlama_2_10M.csv","Regular","Plural",-0.5,0.5,"set_goose_swan"
"Irregular Singular","ox","register",13.3476533889771,10.2826690673828,"babyLlama_2_10M","results_experiment_1_babyLlama_2_10M.csv","Irregular","Singular",0.5,-0.5,"set_ox_cow"
"Irregular Plural","oxen","register",19.176965713501,11.2673320770264,"babyLlama_2_10M","results_experiment_1_babyLlama_2_10M.csv","Irregular","Plural",0.5,0.5,"set_ox_cow"
"Regular Singular","cow","register",13.9646224975586,13.1085615158081,"babyLlama_2_10M","results_experiment_1_babyLlama_2_10M.csv","Regular","Singular",-0.5,-0.5,"set_ox_cow"
"Regular Plural","cows","register",18.7067642211914,11.1959800720215,"babyLlama_2_10M","results_experiment_1_babyLlama_2_10M.csv","Regular","Plural",-0.5,0.5,"set_ox_cow"
"Irregular Singular","ox","trader",13.3476533889771,13.8240518569946,"babyLlama_2_10M","results_experiment_1_babyLlama_2_10M.csv","Irregular","Singular",0.5,-0.5,"set_ox_cow"
"Irregular Plural","oxen","trader",19.176965713501,12.9559209346771,"babyLlama_2_10M","results_experiment_1_babyLlama_2_10M.csv","Irregular","Plural",0.5,0.5,"set_ox_cow"
"Regular Singular","cow","trader",13.9646224975586,14.7558832168579,"babyLlama_2_10M","results_experiment_1_babyLlama_2_10M.csv","Regular","Singular",-0.5,-0.5,"set_ox_cow"
"Regular Plural","cows","trader",18.7067642211914,14.5867168903351,"babyLlama_2_10M","results_experiment_1_babyLlama_2_10M.csv","Regular","Plural",-0.5,0.5,"set_ox_cow"
"Irregular Singular","ox","tracker",13.3476533889771,16.8061990737915,"babyLlama_2_10M","results_experiment_1_babyLlama_2_10M.csv","Irregular","Singular",0.5,-0.5,"set_ox_cow"
"Irregular Plural","oxen","tracker",19.176965713501,15.2157564163208,"babyLlama_2_10M","results_experiment_1_babyLlama_2_10M.csv","Irregular","Plural",0.5,0.5,"set_ox_cow"
"Regular Singular","cow","tracker",13.9646224975586,16.0868544578552,"babyLlama_2_10M","results_experiment_1_babyLlama_2_10M.csv","Regular","Singular",-0.5,-0.5,"set_ox_cow"
"Regular Plural","cows","tracker",18.7067642211914,16.1987247467041,"babyLlama_2_10M","results_experiment_1_babyLlama_2_10M.csv","Regular","Plural",-0.5,0.5,"set_ox_cow"
"Irregular Singular","ox","finder",13.3476533889771,17.1689176559448,"babyLlama_2_10M","results_experiment_1_babyLlama_2_10M.csv","Irregular","Singular",0.5,-0.5,"set_ox_cow"
"Irregular Plural","oxen","finder",19.176965713501,16.6469898223877,"babyLlama_2_10M","results_experiment_1_babyLlama_2_10M.csv","Irregular","Plural",0.5,0.5,"set_ox_cow"
"Regular Singular","cow","finder",13.9646224975586,18.3881807327271,"babyLlama_2_10M","results_experiment_1_babyLlama_2_10M.csv","Regular","Singular",-0.5,-0.5,"set_ox_cow"
"Regular Plural","cows","finder",18.7067642211914,18.4673480987549,"babyLlama_2_10M","results_experiment_1_babyLlama_2_10M.csv","Regular","Plural",-0.5,0.5,"set_ox_cow"
"Irregular Singular","louse","issue",17.9339771270752,11.9409599304199,"babyLlama_2_10M","results_experiment_1_babyLlama_2_10M.csv","Irregular","Singular",0.5,-0.5,"set_louse_flea"
"Irregular Plural","lice","issue",15.9544744491577,11.2948293685913,"babyLlama_2_10M","results_experiment_1_babyLlama_2_10M.csv","Irregular","Plural",0.5,0.5,"set_louse_flea"
"Regular Singular","flea","issue",21.9093828201294,11.8669385910034,"babyLlama_2_10M","results_experiment_1_babyLlama_2_10M.csv","Regular","Singular",-0.5,-0.5,"set_louse_flea"
"Regular Plural","fleas","issue",22.4767780303955,10.3145380020142,"babyLlama_2_10M","results_experiment_1_babyLlama_2_10M.csv","Regular","Plural",-0.5,0.5,"set_louse_flea"
"Irregular Singular","louse","trader",17.9339761734009,13.7635681629181,"babyLlama_2_10M","results_experiment_1_babyLlama_2_10M.csv","Irregular","Singular",0.5,-0.5,"set_louse_flea"
"Irregular Plural","lice","trader",15.9544734954834,13.4020109176636,"babyLlama_2_10M","results_experiment_1_babyLlama_2_10M.csv","Irregular","Plural",0.5,0.5,"set_louse_flea"
"Regular Singular","flea","trader",21.9093828201294,12.7637221813202,"babyLlama_2_10M","results_experiment_1_babyLlama_2_10M.csv","Regular","Singular",-0.5,-0.5,"set_louse_flea"
"Regular Plural","fleas","trader",22.4767780303955,12.5744690895081,"babyLlama_2_10M","results_experiment_1_babyLlama_2_10M.csv","Regular","Plural",-0.5,0.5,"set_louse_flea"
"Irregular Singular","louse","tracker",17.9339761734009,16.6093912124634,"babyLlama_2_10M","results_experiment_1_babyLlama_2_10M.csv","Irregular","Singular",0.5,-0.5,"set_louse_flea"
"Irregular Plural","lice","tracker",15.9544734954834,15.8295764923096,"babyLlama_2_10M","results_experiment_1_babyLlama_2_10M.csv","Irregular","Plural",0.5,0.5,"set_louse_flea"
"Regular Singular","flea","tracker",21.9093828201294,14.5004434585571,"babyLlama_2_10M","results_experiment_1_babyLlama_2_10M.csv","Regular","Singular",-0.5,-0.5,"set_louse_flea"
"Regular Plural","fleas","tracker",22.4767780303955,14.7887439727783,"babyLlama_2_10M","results_experiment_1_babyLlama_2_10M.csv","Regular","Plural",-0.5,0.5,"set_louse_flea"
"Irregular Singular","louse","expert",17.9339771270752,12.8303461074829,"babyLlama_2_10M","results_experiment_1_babyLlama_2_10M.csv","Irregular","Singular",0.5,-0.5,"set_louse_flea"
"Irregular Plural","lice","expert",15.9544744491577,11.0674018859863,"babyLlama_2_10M","results_experiment_1_babyLlama_2_10M.csv","Irregular","Plural",0.5,0.5,"set_louse_flea"
"Regular Singular","flea","expert",21.9093828201294,11.3586463928223,"babyLlama_2_10M","results_experiment_1_babyLlama_2_10M.csv","Regular","Singular",-0.5,-0.5,"set_louse_flea"
"Regular Plural","fleas","expert",22.4767780303955,11.9958782196045,"babyLlama_2_10M","results_experiment_1_babyLlama_2_10M.csv","Regular","Plural",-0.5,0.5,"set_louse_flea"
"Irregular Singular","mouse","issue",19.5455465316772,11.4833030700684,"babyLlama_2_10M","results_experiment_1_babyLlama_2_10M.csv","Irregular","Singular",0.5,-0.5,"set_mouse_rat"
"Irregular Plural","mice","issue",19.5108909606934,11.3300313949585,"babyLlama_2_10M","results_experiment_1_babyLlama_2_10M.csv","Irregular","Plural",0.5,0.5,"set_mouse_rat"
"Regular Singular","rat","issue",13.3011455535889,9.77645111083984,"babyLlama_2_10M","results_experiment_1_babyLlama_2_10M.csv","Regular","Singular",-0.5,-0.5,"set_mouse_rat"
"Regular Plural","rats","issue",18.0293006896973,10.7003774642944,"babyLlama_2_10M","results_experiment_1_babyLlama_2_10M.csv","Regular","Plural",-0.5,0.5,"set_mouse_rat"
"Irregular Singular","mouse","trader",19.5455465316772,13.9298882484436,"babyLlama_2_10M","results_experiment_1_babyLlama_2_10M.csv","Irregular","Singular",0.5,-0.5,"set_mouse_rat"
"Irregular Plural","mice","trader",19.5108919143677,14.5977356433868,"babyLlama_2_10M","results_experiment_1_babyLlama_2_10M.csv","Irregular","Plural",0.5,0.5,"set_mouse_rat"
"Regular Singular","rat","trader",13.3011455535889,12.6308119297028,"babyLlama_2_10M","results_experiment_1_babyLlama_2_10M.csv","Regular","Singular",-0.5,-0.5,"set_mouse_rat"
"Regular Plural","rats","trader",18.0292997360229,15.0046770572662,"babyLlama_2_10M","results_experiment_1_babyLlama_2_10M.csv","Regular","Plural",-0.5,0.5,"set_mouse_rat"
"Irregular Singular","mouse","tracker",19.5455465316772,16.0571784973145,"babyLlama_2_10M","results_experiment_1_babyLlama_2_10M.csv","Irregular","Singular",0.5,-0.5,"set_mouse_rat"
"Irregular Plural","mice","tracker",19.5108919143677,15.4699020385742,"babyLlama_2_10M","results_experiment_1_babyLlama_2_10M.csv","Irregular","Plural",0.5,0.5,"set_mouse_rat"
"Regular Singular","rat","tracker",13.3011455535889,15.4886918067932,"babyLlama_2_10M","results_experiment_1_babyLlama_2_10M.csv","Regular","Singular",-0.5,-0.5,"set_mouse_rat"
"Regular Plural","rats","tracker",18.0292997360229,16.2505207061768,"babyLlama_2_10M","results_experiment_1_babyLlama_2_10M.csv","Regular","Plural",-0.5,0.5,"set_mouse_rat"
"Irregular Singular","mouse","inspector",19.5455465316772,10.8411102294922,"babyLlama_2_10M","results_experiment_1_babyLlama_2_10M.csv","Irregular","Singular",0.5,-0.5,"set_mouse_rat"
"Irregular Plural","mice","inspector",19.5108909606934,11.7120351791382,"babyLlama_2_10M","results_experiment_1_babyLlama_2_10M.csv","Irregular","Plural",0.5,0.5,"set_mouse_rat"
"Regular Singular","rat","inspector",13.3011455535889,10.9715270996094,"babyLlama_2_10M","results_experiment_1_babyLlama_2_10M.csv","Regular","Singular",-0.5,-0.5,"set_mouse_rat"
"Regular Plural","rats","inspector",18.0293006896973,12.8880996704102,"babyLlama_2_10M","results_experiment_1_babyLlama_2_10M.csv","Regular","Plural",-0.5,0.5,"set_mouse_rat"
"Irregular Singular","foot","issue",11.8915996551514,11.9669952392578,"babyLlama_2_10M","results_experiment_1_babyLlama_2_10M.csv","Irregular","Singular",0.5,-0.5,"set_foot_leg"
"Irregular Plural","feet","issue",15.8981604576111,10.1447582244873,"babyLlama_2_10M","results_experiment_1_babyLlama_2_10M.csv","Irregular","Plural",0.5,0.5,"set_foot_leg"
"Regular Singular","leg","issue",14.8634767532349,10.6236371994019,"babyLlama_2_10M","results_experiment_1_babyLlama_2_10M.csv","Regular","Singular",-0.5,-0.5,"set_foot_leg"
"Regular Plural","legs","issue",15.2038168907166,11.1968097686768,"babyLlama_2_10M","results_experiment_1_babyLlama_2_10M.csv","Regular","Plural",-0.5,0.5,"set_foot_leg"
"Irregular Singular","foot","examination",11.8915996551514,12.2804641723633,"babyLlama_2_10M","results_experiment_1_babyLlama_2_10M.csv","Irregular","Singular",0.5,-0.5,"set_foot_leg"
"Irregular Plural","feet","examination",15.8981604576111,10.9803285598755,"babyLlama_2_10M","results_experiment_1_babyLlama_2_10M.csv","Irregular","Plural",0.5,0.5,"set_foot_leg"
"Regular Singular","leg","examination",14.8634767532349,10.5655584335327,"babyLlama_2_10M","results_experiment_1_babyLlama_2_10M.csv","Regular","Singular",-0.5,-0.5,"set_foot_leg"
"Regular Plural","legs","examination",15.2038168907166,12.0307178497314,"babyLlama_2_10M","results_experiment_1_babyLlama_2_10M.csv","Regular","Plural",-0.5,0.5,"set_foot_leg"
"Irregular Singular","foot","expert",11.8915996551514,12.0776805877686,"babyLlama_2_10M","results_experiment_1_babyLlama_2_10M.csv","Irregular","Singular",0.5,-0.5,"set_foot_leg"
"Irregular Plural","feet","expert",15.8981604576111,11.4111194610596,"babyLlama_2_10M","results_experiment_1_babyLlama_2_10M.csv","Irregular","Plural",0.5,0.5,"set_foot_leg"
"Regular Singular","leg","expert",14.8634767532349,11.930383682251,"babyLlama_2_10M","results_experiment_1_babyLlama_2_10M.csv","Regular","Singular",-0.5,-0.5,"set_foot_leg"
"Regular Plural","legs","expert",15.2038168907166,13.3186292648315,"babyLlama_2_10M","results_experiment_1_babyLlama_2_10M.csv","Regular","Plural",-0.5,0.5,"set_foot_leg"
"Irregular Singular","foot","inspector",11.8915996551514,11.8710994720459,"babyLlama_2_10M","results_experiment_1_babyLlama_2_10M.csv","Irregular","Singular",0.5,-0.5,"set_foot_leg"
"Irregular Plural","feet","inspector",15.8981604576111,11.4271907806396,"babyLlama_2_10M","results_experiment_1_babyLlama_2_10M.csv","Irregular","Plural",0.5,0.5,"set_foot_leg"
"Regular Singular","leg","inspector",14.8634767532349,11.5096426010132,"babyLlama_2_10M","results_experiment_1_babyLlama_2_10M.csv","Regular","Singular",-0.5,-0.5,"set_foot_leg"
"Regular Plural","legs","inspector",15.2038168907166,12.9311552047729,"babyLlama_2_10M","results_experiment_1_babyLlama_2_10M.csv","Regular","Plural",-0.5,0.5,"set_foot_leg"
"Irregular Singular","tooth","issue",18.5972285270691,11.0987701416016,"babyLlama_2_10M","results_experiment_1_babyLlama_2_10M.csv","Irregular","Singular",0.5,-0.5,"set_tooth_bone"
"Irregular Plural","teeth","issue",20.0111503601074,11.1032524108887,"babyLlama_2_10M","results_experiment_1_babyLlama_2_10M.csv","Irregular","Plural",0.5,0.5,"set_tooth_bone"
"Regular Singular","bone","issue",16.5459151268005,10.909008026123,"babyLlama_2_10M","results_experiment_1_babyLlama_2_10M.csv","Regular","Singular",-0.5,-0.5,"set_tooth_bone"
"Regular Plural","bones","issue",16.8843970298767,11.5086612701416,"babyLlama_2_10M","results_experiment_1_babyLlama_2_10M.csv","Regular","Plural",-0.5,0.5,"set_tooth_bone"
"Irregular Singular","tooth","examination",18.5972285270691,12.5812587738037,"babyLlama_2_10M","results_experiment_1_babyLlama_2_10M.csv","Irregular","Singular",0.5,-0.5,"set_tooth_bone"
"Irregular Plural","teeth","examination",20.0111503601074,12.3658046722412,"babyLlama_2_10M","results_experiment_1_babyLlama_2_10M.csv","Irregular","Plural",0.5,0.5,"set_tooth_bone"
"Regular Singular","bone","examination",16.5459151268005,12.4703121185303,"babyLlama_2_10M","results_experiment_1_babyLlama_2_10M.csv","Regular","Singular",-0.5,-0.5,"set_tooth_bone"
"Regular Plural","bones","examination",16.8843970298767,13.3497638702393,"babyLlama_2_10M","results_experiment_1_babyLlama_2_10M.csv","Regular","Plural",-0.5,0.5,"set_tooth_bone"
"Irregular Singular","tooth","expert",18.5972285270691,13.0078372955322,"babyLlama_2_10M","results_experiment_1_babyLlama_2_10M.csv","Irregular","Singular",0.5,-0.5,"set_tooth_bone"
"Irregular Plural","teeth","expert",20.0111503601074,12.7415466308594,"babyLlama_2_10M","results_experiment_1_babyLlama_2_10M.csv","Irregular","Plural",0.5,0.5,"set_tooth_bone"
"Regular Singular","bone","expert",16.5459151268005,11.7364292144775,"babyLlama_2_10M","results_experiment_1_babyLlama_2_10M.csv","Regular","Singular",-0.5,-0.5,"set_tooth_bone"
"Regular Plural","bones","expert",16.8843970298767,13.5381622314453,"babyLlama_2_10M","results_experiment_1_babyLlama_2_10M.csv","Regular","Plural",-0.5,0.5,"set_tooth_bone"
"Irregular Singular","tooth","protector",18.5972285270691,15.0856761932373,"babyLlama_2_10M","results_experiment_1_babyLlama_2_10M.csv","Irregular","Singular",0.5,-0.5,"set_tooth_bone"
"Irregular Plural","teeth","protector",20.0111513137817,13.9559288024902,"babyLlama_2_10M","results_experiment_1_babyLlama_2_10M.csv","Irregular","Plural",0.5,0.5,"set_tooth_bone"
"Regular Singular","bone","protector",16.5459141731262,15.1841979026794,"babyLlama_2_10M","results_experiment_1_babyLlama_2_10M.csv","Regular","Singular",-0.5,-0.5,"set_tooth_bone"
"Regular Plural","bones","protector",16.8843965530396,16.1673083305359,"babyLlama_2_10M","results_experiment_1_babyLlama_2_10M.csv","Regular","Plural",-0.5,0.5,"set_tooth_bone"
"Irregular Singular","child","patrol",10.3535537719727,13.4057168960571,"babyLlama_2_10M","results_experiment_1_babyLlama_2_10M.csv","Irregular","Singular",0.5,-0.5,"set_child_adult"
"Irregular Plural","children","patrol",11.5284929275513,11.8111457824707,"babyLlama_2_10M","results_experiment_1_babyLlama_2_10M.csv","Irregular","Plural",0.5,0.5,"set_child_adult"
"Regular Singular","adult","patrol",17.2614297866821,11.0309753417969,"babyLlama_2_10M","results_experiment_1_babyLlama_2_10M.csv","Regular","Singular",-0.5,-0.5,"set_child_adult"
"Regular Plural","adults","patrol",18.1494467258453,12.5103960037231,"babyLlama_2_10M","results_experiment_1_babyLlama_2_10M.csv","Regular","Plural",-0.5,0.5,"set_child_adult"
"Irregular Singular","child","register",10.3535537719727,13.058500289917,"babyLlama_2_10M","results_experiment_1_babyLlama_2_10M.csv","Irregular","Singular",0.5,-0.5,"set_child_adult"
"Irregular Plural","children","register",11.5284929275513,11.6745891571045,"babyLlama_2_10M","results_experiment_1_babyLlama_2_10M.csv","Irregular","Plural",0.5,0.5,"set_child_adult"
"Regular Singular","adult","register",17.2614297866821,11.2694549560547,"babyLlama_2_10M","results_experiment_1_babyLlama_2_10M.csv","Regular","Singular",-0.5,-0.5,"set_child_adult"
"Regular Plural","adults","register",18.1494467258453,11.0514802932739,"babyLlama_2_10M","results_experiment_1_babyLlama_2_10M.csv","Regular","Plural",-0.5,0.5,"set_child_adult"
"Irregular Singular","child","institute",10.3535537719727,16.5185737609863,"babyLlama_2_10M","results_experiment_1_babyLlama_2_10M.csv","Irregular","Singular",0.5,-0.5,"set_child_adult"
"Irregular Plural","children","institute",11.5284929275513,13.7071347236633,"babyLlama_2_10M","results_experiment_1_babyLlama_2_10M.csv","Irregular","Plural",0.5,0.5,"set_child_adult"
"Regular Singular","adult","institute",17.2614283561707,13.3634693622589,"babyLlama_2_10M","results_experiment_1_babyLlama_2_10M.csv","Regular","Singular",-0.5,-0.5,"set_child_adult"
"Regular Plural","adults","institute",18.1494467258453,14.0945825576782,"babyLlama_2_10M","results_experiment_1_babyLlama_2_10M.csv","Regular","Plural",-0.5,0.5,"set_child_adult"
"Irregular Singular","child","crew",10.3535537719727,12.9992513656616,"babyLlama_2_10M","results_experiment_1_babyLlama_2_10M.csv","Irregular","Singular",0.5,-0.5,"set_child_adult"
"Irregular Plural","children","crew",11.5284929275513,11.6486597061157,"babyLlama_2_10M","results_experiment_1_babyLlama_2_10M.csv","Irregular","Plural",0.5,0.5,"set_child_adult"
"Regular Singular","adult","crew",17.2614297866821,10.0364875793457,"babyLlama_2_10M","results_experiment_1_babyLlama_2_10M.csv","Regular","Singular",-0.5,-0.5,"set_child_adult"
"Regular Plural","adults","crew",18.1494467258453,11.2281351089478,"babyLlama_2_10M","results_experiment_1_babyLlama_2_10M.csv","Regular","Plural",-0.5,0.5,"set_child_adult"
"Irregular Singular","woman","protector",13.3936243057251,17.0278754234314,"babyLlama_2_10M","results_experiment_1_babyLlama_2_10M.csv","Irregular","Singular",0.5,-0.5,"set_woman_girl"
"Irregular Plural","women","protector",16.0888223648071,15.9007301330566,"babyLlama_2_10M","results_experiment_1_babyLlama_2_10M.csv","Irregular","Plural",0.5,0.5,"set_woman_girl"
"Regular Singular","girl","protector",13.1541919708252,15.3911776542664,"babyLlama_2_10M","results_experiment_1_babyLlama_2_10M.csv","Regular","Singular",-0.5,-0.5,"set_woman_girl"
"Regular Plural","girls","protector",13.3152601718903,17.4815273284912,"babyLlama_2_10M","results_experiment_1_babyLlama_2_10M.csv","Regular","Plural",-0.5,0.5,"set_woman_girl"
"Irregular Singular","woman","register",13.3936243057251,12.6285448074341,"babyLlama_2_10M","results_experiment_1_babyLlama_2_10M.csv","Irregular","Singular",0.5,-0.5,"set_woman_girl"
"Irregular Plural","women","register",16.0888223648071,11.1406059265137,"babyLlama_2_10M","results_experiment_1_babyLlama_2_10M.csv","Irregular","Plural",0.5,0.5,"set_woman_girl"
"Regular Singular","girl","register",13.1541919708252,12.3039493560791,"babyLlama_2_10M","results_experiment_1_babyLlama_2_10M.csv","Regular","Singular",-0.5,-0.5,"set_woman_girl"
"Regular Plural","girls","register",13.3152599334717,11.5194807052612,"babyLlama_2_10M","results_experiment_1_babyLlama_2_10M.csv","Regular","Plural",-0.5,0.5,"set_woman_girl"
"Irregular Singular","woman","hangout",13.3936243057251,16.7601733207703,"babyLlama_2_10M","results_experiment_1_babyLlama_2_10M.csv","Irregular","Singular",0.5,-0.5,"set_woman_girl"
"Irregular Plural","women","hangout",16.0888223648071,15.953519821167,"babyLlama_2_10M","results_experiment_1_babyLlama_2_10M.csv","Irregular","Plural",0.5,0.5,"set_woman_girl"
"Regular Singular","girl","hangout",13.1541919708252,15.7205505371094,"babyLlama_2_10M","results_experiment_1_babyLlama_2_10M.csv","Regular","Singular",-0.5,-0.5,"set_woman_girl"
"Regular Plural","girls","hangout",13.3152601718903,16.5269651412964,"babyLlama_2_10M","results_experiment_1_babyLlama_2_10M.csv","Regular","Plural",-0.5,0.5,"set_woman_girl"
"Irregular Singular","woman","crew",13.3936243057251,10.7130174636841,"babyLlama_2_10M","results_experiment_1_babyLlama_2_10M.csv","Irregular","Singular",0.5,-0.5,"set_woman_girl"
"Irregular Plural","women","crew",16.0888223648071,11.339545249939,"babyLlama_2_10M","results_experiment_1_babyLlama_2_10M.csv","Irregular","Plural",0.5,0.5,"set_woman_girl"
"Regular Singular","girl","crew",13.1541919708252,9.18549633026123,"babyLlama_2_10M","results_experiment_1_babyLlama_2_10M.csv","Regular","Singular",-0.5,-0.5,"set_woman_girl"
"Regular Plural","girls","crew",13.3152599334717,10.4199876785278,"babyLlama_2_10M","results_experiment_1_babyLlama_2_10M.csv","Regular","Plural",-0.5,0.5,"set_woman_girl"
"Irregular Singular","man","institute",10.5430393218994,15.5917899608612,"babyLlama_2_10M","results_experiment_1_babyLlama_2_10M.csv","Irregular","Singular",0.5,-0.5,"set_man_boy"
"Irregular Plural","men","institute",10.3345508575439,14.5162851810455,"babyLlama_2_10M","results_experiment_1_babyLlama_2_10M.csv","Irregular","Plural",0.5,0.5,"set_man_boy"
"Regular Singular","boy","institute",11.7894668579102,15.1882419586182,"babyLlama_2_10M","results_experiment_1_babyLlama_2_10M.csv","Regular","Singular",-0.5,-0.5,"set_man_boy"
"Regular Plural","boys","institute",11.4062376022339,13.9170875549316,"babyLlama_2_10M","results_experiment_1_babyLlama_2_10M.csv","Regular","Plural",-0.5,0.5,"set_man_boy"
"Irregular Singular","man","register",10.5430393218994,12.2849807739258,"babyLlama_2_10M","results_experiment_1_babyLlama_2_10M.csv","Irregular","Singular",0.5,-0.5,"set_man_boy"
"Irregular Plural","men","register",10.3345508575439,11.7671318054199,"babyLlama_2_10M","results_experiment_1_babyLlama_2_10M.csv","Irregular","Plural",0.5,0.5,"set_man_boy"
"Regular Singular","boy","register",11.7894668579102,12.4460048675537,"babyLlama_2_10M","results_experiment_1_babyLlama_2_10M.csv","Regular","Singular",-0.5,-0.5,"set_man_boy"
"Regular Plural","boys","register",11.4062376022339,11.6130352020264,"babyLlama_2_10M","results_experiment_1_babyLlama_2_10M.csv","Regular","Plural",-0.5,0.5,"set_man_boy"
"Irregular Singular","man","finder",10.5430393218994,18.3470306396484,"babyLlama_2_10M","results_experiment_1_babyLlama_2_10M.csv","Irregular","Singular",0.5,-0.5,"set_man_boy"
"Irregular Plural","men","finder",10.3345508575439,19.3108625411987,"babyLlama_2_10M","results_experiment_1_babyLlama_2_10M.csv","Irregular","Plural",0.5,0.5,"set_man_boy"
"Regular Singular","boy","finder",11.7894668579102,17.6120042800903,"babyLlama_2_10M","results_experiment_1_babyLlama_2_10M.csv","Regular","Singular",-0.5,-0.5,"set_man_boy"
"Regular Plural","boys","finder",11.4062376022339,19.4904136657715,"babyLlama_2_10M","results_experiment_1_babyLlama_2_10M.csv","Regular","Plural",-0.5,0.5,"set_man_boy"
"Irregular Singular","man","hangout",10.5430393218994,16.0605583190918,"babyLlama_2_10M","results_experiment_1_babyLlama_2_10M.csv","Irregular","Singular",0.5,-0.5,"set_man_boy"
"Irregular Plural","men","hangout",10.3345508575439,17.0424642562866,"babyLlama_2_10M","results_experiment_1_babyLlama_2_10M.csv","Irregular","Plural",0.5,0.5,"set_man_boy"
"Regular Singular","boy","hangout",11.7894668579102,16.6132464408875,"babyLlama_2_10M","results_experiment_1_babyLlama_2_10M.csv","Regular","Singular",-0.5,-0.5,"set_man_boy"
"Regular Plural","boys","hangout",11.4062376022339,17.001455783844,"babyLlama_2_10M","results_experiment_1_babyLlama_2_10M.csv","Regular","Plural",-0.5,0.5,"set_man_boy"
"Irregular Singular","salesman","institute",25.8414211273193,15.0856957435608,"babyLlama_2_10M","results_experiment_1_babyLlama_2_10M.csv","Irregular","Singular",0.5,-0.5,"set_salesman_retailer"
"Irregular Plural","salesmen","institute",27.4737758636475,14.3393847942352,"babyLlama_2_10M","results_experiment_1_babyLlama_2_10M.csv","Irregular","Plural",0.5,0.5,"set_salesman_retailer"
"Regular Singular","retailer","institute",24.7423295974731,14.176260471344,"babyLlama_2_10M","results_experiment_1_babyLlama_2_10M.csv","Regular","Singular",-0.5,-0.5,"set_salesman_retailer"
"Regular Plural","retailers","institute",23.8863248825073,14.205607175827,"babyLlama_2_10M","results_experiment_1_babyLlama_2_10M.csv","Regular","Plural",-0.5,0.5,"set_salesman_retailer"
"Irregular Singular","salesman","inspector",25.8414211273193,11.3625221252441,"babyLlama_2_10M","results_experiment_1_babyLlama_2_10M.csv","Irregular","Singular",0.5,-0.5,"set_salesman_retailer"
"Irregular Plural","salesmen","inspector",27.4737758636475,12.5435733795166,"babyLlama_2_10M","results_experiment_1_babyLlama_2_10M.csv","Irregular","Plural",0.5,0.5,"set_salesman_retailer"
"Regular Singular","retailer","inspector",24.7423295974731,10.2789793014526,"babyLlama_2_10M","results_experiment_1_babyLlama_2_10M.csv","Regular","Singular",-0.5,-0.5,"set_salesman_retailer"
"Regular Plural","retailers","inspector",23.8863248825073,12.6016616821289,"babyLlama_2_10M","results_experiment_1_babyLlama_2_10M.csv","Regular","Plural",-0.5,0.5,"set_salesman_retailer"
"Irregular Singular","salesman","protector",25.8414211273193,15.5899076461792,"babyLlama_2_10M","results_experiment_1_babyLlama_2_10M.csv","Irregular","Singular",0.5,-0.5,"set_salesman_retailer"
"Irregular Plural","salesmen","protector",27.4737758636475,16.4635066986084,"babyLlama_2_10M","results_experiment_1_babyLlama_2_10M.csv","Irregular","Plural",0.5,0.5,"set_salesman_retailer"
"Regular Singular","retailer","protector",24.7423295974731,14.7232685089111,"babyLlama_2_10M","results_experiment_1_babyLlama_2_10M.csv","Regular","Singular",-0.5,-0.5,"set_salesman_retailer"
"Regular Plural","retailers","protector",23.8863248825073,17.3065128326416,"babyLlama_2_10M","results_experiment_1_babyLlama_2_10M.csv","Regular","Plural",-0.5,0.5,"set_salesman_retailer"
"Irregular Singular","salesman","employer",25.8414211273193,13.3741376399994,"babyLlama_2_10M","results_experiment_1_babyLlama_2_10M.csv","Irregular","Singular",0.5,-0.5,"set_salesman_retailer"
"Irregular Plural","salesmen","employer",27.4737758636475,14.5843124389648,"babyLlama_2_10M","results_experiment_1_babyLlama_2_10M.csv","Irregular","Plural",0.5,0.5,"set_salesman_retailer"
"Regular Singular","retailer","employer",24.7423295974731,12.2745609283447,"babyLlama_2_10M","results_experiment_1_babyLlama_2_10M.csv","Regular","Singular",-0.5,-0.5,"set_salesman_retailer"
"Regular Plural","retailers","employer",23.8863248825073,14.1968898773193,"babyLlama_2_10M","results_experiment_1_babyLlama_2_10M.csv","Regular","Plural",-0.5,0.5,"set_salesman_retailer"
"Irregular Singular","nobleman","patrol",25.054931640625,12.3322467803955,"babyLlama_2_10M","results_experiment_1_babyLlama_2_10M.csv","Irregular","Singular",0.5,-0.5,"set_nobleman_aristocrat"
"Irregular Plural","noblemen","patrol",25.5664806365967,11.6895198822021,"babyLlama_2_10M","results_experiment_1_babyLlama_2_10M.csv","Irregular","Plural",0.5,0.5,"set_nobleman_aristocrat"
"Regular Singular","aristocrat","patrol",27.0126619338989,12.8170261383057,"babyLlama_2_10M","results_experiment_1_babyLlama_2_10M.csv","Regular","Singular",-0.5,-0.5,"set_nobleman_aristocrat"
"Regular Plural","aristocrats","patrol",23.5334062576294,11.7617444992065,"babyLlama_2_10M","results_experiment_1_babyLlama_2_10M.csv","Regular","Plural",-0.5,0.5,"set_nobleman_aristocrat"
"Irregular Singular","nobleman","hangout",25.054931640625,15.3997941017151,"babyLlama_2_10M","results_experiment_1_babyLlama_2_10M.csv","Irregular","Singular",0.5,-0.5,"set_nobleman_aristocrat"
"Irregular Plural","noblemen","hangout",25.5664806365967,16.6530804634094,"babyLlama_2_10M","results_experiment_1_babyLlama_2_10M.csv","Irregular","Plural",0.5,0.5,"set_nobleman_aristocrat"
"Regular Singular","aristocrat","hangout",27.0126619338989,14.605498790741,"babyLlama_2_10M","results_experiment_1_babyLlama_2_10M.csv","Regular","Singular",-0.5,-0.5,"set_nobleman_aristocrat"
"Regular Plural","aristocrats","hangout",23.5334062576294,17.875298500061,"babyLlama_2_10M","results_experiment_1_babyLlama_2_10M.csv","Regular","Plural",-0.5,0.5,"set_nobleman_aristocrat"
"Irregular Singular","nobleman","institute",25.054931640625,15.3989012241364,"babyLlama_2_10M","results_experiment_1_babyLlama_2_10M.csv","Irregular","Singular",0.5,-0.5,"set_nobleman_aristocrat"
"Irregular Plural","noblemen","institute",25.5664806365967,14.426483631134,"babyLlama_2_10M","results_experiment_1_babyLlama_2_10M.csv","Irregular","Plural",0.5,0.5,"set_nobleman_aristocrat"
"Regular Singular","aristocrat","institute",27.0126619338989,13.855459690094,"babyLlama_2_10M","results_experiment_1_babyLlama_2_10M.csv","Regular","Singular",-0.5,-0.5,"set_nobleman_aristocrat"
"Regular Plural","aristocrats","institute",23.5334062576294,14.5733850002289,"babyLlama_2_10M","results_experiment_1_babyLlama_2_10M.csv","Regular","Plural",-0.5,0.5,"set_nobleman_aristocrat"
"Irregular Singular","nobleman","crew",25.054931640625,10.4860763549805,"babyLlama_2_10M","results_experiment_1_babyLlama_2_10M.csv","Irregular","Singular",0.5,-0.5,"set_nobleman_aristocrat"
"Irregular Plural","noblemen","crew",25.5664806365967,11.4528570175171,"babyLlama_2_10M","results_experiment_1_babyLlama_2_10M.csv","Irregular","Plural",0.5,0.5,"set_nobleman_aristocrat"
"Regular Singular","aristocrat","crew",27.0126619338989,11.806170463562,"babyLlama_2_10M","results_experiment_1_babyLlama_2_10M.csv","Regular","Singular",-0.5,-0.5,"set_nobleman_aristocrat"
"Regular Plural","aristocrats","crew",23.5334062576294,11.4869146347046,"babyLlama_2_10M","results_experiment_1_babyLlama_2_10M.csv","Regular","Plural",-0.5,0.5,"set_nobleman_aristocrat"
"Irregular Singular","boatman","patrol",19.6534194946289,10.835352897644,"babyLlama_2_10M","results_experiment_1_babyLlama_2_10M.csv","Irregular","Singular",0.5,-0.5,"set_boatman_shipmate"
"Irregular Plural","boatmen","patrol",17.8439917564392,10.3402099609375,"babyLlama_2_10M","results_experiment_1_babyLlama_2_10M.csv","Irregular","Plural",0.5,0.5,"set_boatman_shipmate"
"Regular Singular","shipmate","patrol",21.1952276229858,11.5431995391846,"babyLlama_2_10M","results_experiment_1_babyLlama_2_10M.csv","Regular","Singular",-0.5,-0.5,"set_boatman_shipmate"
"Regular Plural","shipmates","patrol",20.3442010879517,11.3915405273438,"babyLlama_2_10M","results_experiment_1_babyLlama_2_10M.csv","Regular","Plural",-0.5,0.5,"set_boatman_shipmate"
"Irregular Singular","boatman","finder",19.6534194946289,18.0929927825928,"babyLlama_2_10M","results_experiment_1_babyLlama_2_10M.csv","Irregular","Singular",0.5,-0.5,"set_boatman_shipmate"
"Irregular Plural","boatmen","finder",17.8439922332764,18.9595460891724,"babyLlama_2_10M","results_experiment_1_babyLlama_2_10M.csv","Irregular","Plural",0.5,0.5,"set_boatman_shipmate"
"Regular Singular","shipmate","finder",21.1952276229858,17.0795373916626,"babyLlama_2_10M","results_experiment_1_babyLlama_2_10M.csv","Regular","Singular",-0.5,-0.5,"set_boatman_shipmate"
"Regular Plural","shipmates","finder",20.3442010879517,19.3531398773193,"babyLlama_2_10M","results_experiment_1_babyLlama_2_10M.csv","Regular","Plural",-0.5,0.5,"set_boatman_shipmate"
"Irregular Singular","boatman","inspector",19.6534194946289,11.5164861679077,"babyLlama_2_10M","results_experiment_1_babyLlama_2_10M.csv","Irregular","Singular",0.5,-0.5,"set_boatman_shipmate"
"Irregular Plural","boatmen","inspector",17.8439917564392,12.7403964996338,"babyLlama_2_10M","results_experiment_1_babyLlama_2_10M.csv","Irregular","Plural",0.5,0.5,"set_boatman_shipmate"
"Regular Singular","shipmate","inspector",21.1952276229858,10.2852401733398,"babyLlama_2_10M","results_experiment_1_babyLlama_2_10M.csv","Regular","Singular",-0.5,-0.5,"set_boatman_shipmate"
"Regular Plural","shipmates","inspector",20.3442010879517,12.6116914749146,"babyLlama_2_10M","results_experiment_1_babyLlama_2_10M.csv","Regular","Plural",-0.5,0.5,"set_boatman_shipmate"
"Irregular Singular","boatman","employer",19.6534194946289,13.3972870111465,"babyLlama_2_10M","results_experiment_1_babyLlama_2_10M.csv","Irregular","Singular",0.5,-0.5,"set_boatman_shipmate"
"Irregular Plural","boatmen","employer",17.8439922332764,14.6491570472717,"babyLlama_2_10M","results_experiment_1_babyLlama_2_10M.csv","Irregular","Plural",0.5,0.5,"set_boatman_shipmate"
"Regular Singular","shipmate","employer",21.1952276229858,12.4584914445877,"babyLlama_2_10M","results_experiment_1_babyLlama_2_10M.csv","Regular","Singular",-0.5,-0.5,"set_boatman_shipmate"
"Regular Plural","shipmates","employer",20.3442010879517,14.6519935131073,"babyLlama_2_10M","results_experiment_1_babyLlama_2_10M.csv","Regular","Plural",-0.5,0.5,"set_boatman_shipmate"
"Irregular Singular","craftsman","employer",28.3658862113953,13.7225167751312,"babyLlama_2_10M","results_experiment_1_babyLlama_2_10M.csv","Irregular","Singular",0.5,-0.5,"set_craftsman_labourer"
"Irregular Plural","craftsmen","employer",28.4804086685181,14.5334253311157,"babyLlama_2_10M","results_experiment_1_babyLlama_2_10M.csv","Irregular","Plural",0.5,0.5,"set_craftsman_labourer"
"Regular Singular","labourer","employer",27.6523127555847,13.42007791996,"babyLlama_2_10M","results_experiment_1_babyLlama_2_10M.csv","Regular","Singular",-0.5,-0.5,"set_craftsman_labourer"
"Regular Plural","labourers","employer",31.1968674659729,15.0395011901855,"babyLlama_2_10M","results_experiment_1_babyLlama_2_10M.csv","Regular","Plural",-0.5,0.5,"set_craftsman_labourer"
"Irregular Singular","craftsman","examination",28.3658862113953,12.2343130111694,"babyLlama_2_10M","results_experiment_1_babyLlama_2_10M.csv","Irregular","Singular",0.5,-0.5,"set_craftsman_labourer"
"Irregular Plural","craftsmen","examination",28.4804086685181,12.4339199066162,"babyLlama_2_10M","results_experiment_1_babyLlama_2_10M.csv","Irregular","Plural",0.5,0.5,"set_craftsman_labourer"
"Regular Singular","labourer","examination",27.652307510376,12.4132747650146,"babyLlama_2_10M","results_experiment_1_babyLlama_2_10M.csv","Regular","Singular",-0.5,-0.5,"set_craftsman_labourer"
"Regular Plural","labourers","examination",31.196873664856,11.6209020614624,"babyLlama_2_10M","results_experiment_1_babyLlama_2_10M.csv","Regular","Plural",-0.5,0.5,"set_craftsman_labourer"
"Irregular Singular","craftsman","hangout",28.3658862113953,14.5890226364136,"babyLlama_2_10M","results_experiment_1_babyLlama_2_10M.csv","Irregular","Singular",0.5,-0.5,"set_craftsman_labourer"
"Irregular Plural","craftsmen","hangout",28.4804086685181,16.3349256515503,"babyLlama_2_10M","results_experiment_1_babyLlama_2_10M.csv","Irregular","Plural",0.5,0.5,"set_craftsman_labourer"
"Regular Singular","labourer","hangout",27.6523127555847,16.0236015319824,"babyLlama_2_10M","results_experiment_1_babyLlama_2_10M.csv","Regular","Singular",-0.5,-0.5,"set_craftsman_labourer"
"Regular Plural","labourers","hangout",31.1968674659729,17.5335445404053,"babyLlama_2_10M","results_experiment_1_babyLlama_2_10M.csv","Regular","Plural",-0.5,0.5,"set_craftsman_labourer"
"Irregular Singular","craftsman","finder",28.3658862113953,17.8917808532715,"babyLlama_2_10M","results_experiment_1_babyLlama_2_10M.csv","Irregular","Singular",0.5,-0.5,"set_craftsman_labourer"
"Irregular Plural","craftsmen","finder",28.4804086685181,18.7480916976929,"babyLlama_2_10M","results_experiment_1_babyLlama_2_10M.csv","Irregular","Plural",0.5,0.5,"set_craftsman_labourer"
"Regular Singular","labourer","finder",27.6523127555847,17.2768716812134,"babyLlama_2_10M","results_experiment_1_babyLlama_2_10M.csv","Regular","Singular",-0.5,-0.5,"set_craftsman_labourer"
"Regular Plural","labourers","finder",31.1968674659729,18.8532752990723,"babyLlama_2_10M","results_experiment_1_babyLlama_2_10M.csv","Regular","Plural",-0.5,0.5,"set_craftsman_labourer"
"Irregular Singular","fireman","examination",18.62939453125,12.9673185348511,"babyLlama_2_10M","results_experiment_1_babyLlama_2_10M.csv","Irregular","Singular",0.5,-0.5,"set_fireman_lifeguard"
"Irregular Plural","firemen","examination",17.0189180374146,12.7619009017944,"babyLlama_2_10M","results_experiment_1_babyLlama_2_10M.csv","Irregular","Plural",0.5,0.5,"set_fireman_lifeguard"
"Regular Singular","lifeguard","examination",22.6081504821777,10.1791286468506,"babyLlama_2_10M","results_experiment_1_babyLlama_2_10M.csv","Regular","Singular",-0.5,-0.5,"set_fireman_lifeguard"
"Regular Plural","lifeguards","examination",27.1604344844818,12.6763496398926,"babyLlama_2_10M","results_experiment_1_babyLlama_2_10M.csv","Regular","Plural",-0.5,0.5,"set_fireman_lifeguard"
"Irregular Singular","fireman","employer",18.6293935775757,13.3903474807739,"babyLlama_2_10M","results_experiment_1_babyLlama_2_10M.csv","Irregular","Singular",0.5,-0.5,"set_fireman_lifeguard"
"Irregular Plural","firemen","employer",17.0189180374146,14.8604030609131,"babyLlama_2_10M","results_experiment_1_babyLlama_2_10M.csv","Irregular","Plural",0.5,0.5,"set_fireman_lifeguard"
"Regular Singular","lifeguard","employer",22.6081514358521,12.6117379665375,"babyLlama_2_10M","results_experiment_1_babyLlama_2_10M.csv","Regular","Singular",-0.5,-0.5,"set_fireman_lifeguard"
"Regular Plural","lifeguards","employer",27.1604344844818,13.8936014175415,"babyLlama_2_10M","results_experiment_1_babyLlama_2_10M.csv","Regular","Plural",-0.5,0.5,"set_fireman_lifeguard"
"Irregular Singular","fireman","crew",18.62939453125,9.89403915405273,"babyLlama_2_10M","results_experiment_1_babyLlama_2_10M.csv","Irregular","Singular",0.5,-0.5,"set_fireman_lifeguard"
"Irregular Plural","firemen","crew",17.0189180374146,10.8898363113403,"babyLlama_2_10M","results_experiment_1_babyLlama_2_10M.csv","Irregular","Plural",0.5,0.5,"set_fireman_lifeguard"
"Regular Singular","lifeguard","crew",22.6081504821777,8.65576171875,"babyLlama_2_10M","results_experiment_1_babyLlama_2_10M.csv","Regular","Singular",-0.5,-0.5,"set_fireman_lifeguard"
"Regular Plural","lifeguards","crew",27.1604344844818,11.3273544311523,"babyLlama_2_10M","results_experiment_1_babyLlama_2_10M.csv","Regular","Plural",-0.5,0.5,"set_fireman_lifeguard"
"Irregular Singular","fireman","patrol",18.62939453125,11.0161485671997,"babyLlama_2_10M","results_experiment_1_babyLlama_2_10M.csv","Irregular","Singular",0.5,-0.5,"set_fireman_lifeguard"
"Irregular Plural","firemen","patrol",17.0189180374146,10.5264406204224,"babyLlama_2_10M","results_experiment_1_babyLlama_2_10M.csv","Irregular","Plural",0.5,0.5,"set_fireman_lifeguard"
"Regular Singular","lifeguard","patrol",22.6081504821777,9.78144454956055,"babyLlama_2_10M","results_experiment_1_babyLlama_2_10M.csv","Regular","Singular",-0.5,-0.5,"set_fireman_lifeguard"
"Regular Plural","lifeguards","patrol",27.1604344844818,11.3680410385132,"babyLlama_2_10M","results_experiment_1_babyLlama_2_10M.csv","Regular","Plural",-0.5,0.5,"set_fireman_lifeguard"
"Irregular Singular","goose","protector",17.2410917282104,14.13516497612,"distill_tree__360_10M.csv","results_experiment_1_distill_tree__360_10M.csv.csv","Irregular","Singular",0.5,-0.5,"set_goose_swan"
"Irregular Plural","geese","protector",21.1440353393555,12.7925186157227,"distill_tree__360_10M.csv","results_experiment_1_distill_tree__360_10M.csv.csv","Irregular","Plural",0.5,0.5,"set_goose_swan"
"Regular Singular","swan","protector",15.9562821388245,15.9125423431396,"distill_tree__360_10M.csv","results_experiment_1_distill_tree__360_10M.csv.csv","Regular","Singular",-0.5,-0.5,"set_goose_swan"
"Regular Plural","swans","protector",17.4012880325317,17.6237626075745,"distill_tree__360_10M.csv","results_experiment_1_distill_tree__360_10M.csv.csv","Regular","Plural",-0.5,0.5,"set_goose_swan"
"Irregular Singular","goose","trader",17.2410917282104,13.6659564971924,"distill_tree__360_10M.csv","results_experiment_1_distill_tree__360_10M.csv.csv","Irregular","Singular",0.5,-0.5,"set_goose_swan"
"Irregular Plural","geese","trader",21.1440353393555,12.4759044647217,"distill_tree__360_10M.csv","results_experiment_1_distill_tree__360_10M.csv.csv","Irregular","Plural",0.5,0.5,"set_goose_swan"
"Regular Singular","swan","trader",15.9562821388245,13.7614169120789,"distill_tree__360_10M.csv","results_experiment_1_distill_tree__360_10M.csv.csv","Regular","Singular",-0.5,-0.5,"set_goose_swan"
"Regular Plural","swans","trader",17.4012880325317,14.6492631435394,"distill_tree__360_10M.csv","results_experiment_1_distill_tree__360_10M.csv.csv","Regular","Plural",-0.5,0.5,"set_goose_swan"
"Irregular Singular","goose","tracker",17.2410917282104,14.6856789588928,"distill_tree__360_10M.csv","results_experiment_1_distill_tree__360_10M.csv.csv","Irregular","Singular",0.5,-0.5,"set_goose_swan"
"Irregular Plural","geese","tracker",21.1440353393555,13.3269081115723,"distill_tree__360_10M.csv","results_experiment_1_distill_tree__360_10M.csv.csv","Irregular","Plural",0.5,0.5,"set_goose_swan"
"Regular Singular","swan","tracker",15.9562821388245,15.1157274246216,"distill_tree__360_10M.csv","results_experiment_1_distill_tree__360_10M.csv.csv","Regular","Singular",-0.5,-0.5,"set_goose_swan"
"Regular Plural","swans","tracker",17.4012880325317,15.6774544715881,"distill_tree__360_10M.csv","results_experiment_1_distill_tree__360_10M.csv.csv","Regular","Plural",-0.5,0.5,"set_goose_swan"
"Irregular Singular","goose","expert",17.2410917282104,12.7568740844727,"distill_tree__360_10M.csv","results_experiment_1_distill_tree__360_10M.csv.csv","Irregular","Singular",0.5,-0.5,"set_goose_swan"
"Irregular Plural","geese","expert",21.1440353393555,10.8310718536377,"distill_tree__360_10M.csv","results_experiment_1_distill_tree__360_10M.csv.csv","Irregular","Plural",0.5,0.5,"set_goose_swan"
"Regular Singular","swan","expert",15.9562821388245,12.9394950866699,"distill_tree__360_10M.csv","results_experiment_1_distill_tree__360_10M.csv.csv","Regular","Singular",-0.5,-0.5,"set_goose_swan"
"Regular Plural","swans","expert",17.4012880325317,13.3443336486816,"distill_tree__360_10M.csv","results_experiment_1_distill_tree__360_10M.csv.csv","Regular","Plural",-0.5,0.5,"set_goose_swan"
"Irregular Singular","ox","register",14.3991899490356,11.6527318954468,"distill_tree__360_10M.csv","results_experiment_1_distill_tree__360_10M.csv.csv","Irregular","Singular",0.5,-0.5,"set_ox_cow"
"Irregular Plural","oxen","register",19.6973457336426,12.7878189086914,"distill_tree__360_10M.csv","results_experiment_1_distill_tree__360_10M.csv.csv","Irregular","Plural",0.5,0.5,"set_ox_cow"
"Regular Singular","cow","register",12.8692073822021,12.2417621612549,"distill_tree__360_10M.csv","results_experiment_1_distill_tree__360_10M.csv.csv","Regular","Singular",-0.5,-0.5,"set_ox_cow"
"Regular Plural","cows","register",14.6161909103394,10.1819305419922,"distill_tree__360_10M.csv","results_experiment_1_distill_tree__360_10M.csv.csv","Regular","Plural",-0.5,0.5,"set_ox_cow"
"Irregular Singular","ox","trader",14.3991899490356,12.6473805904388,"distill_tree__360_10M.csv","results_experiment_1_distill_tree__360_10M.csv.csv","Irregular","Singular",0.5,-0.5,"set_ox_cow"
"Irregular Plural","oxen","trader",19.6973457336426,13.8658354282379,"distill_tree__360_10M.csv","results_experiment_1_distill_tree__360_10M.csv.csv","Irregular","Plural",0.5,0.5,"set_ox_cow"
"Regular Singular","cow","trader",12.8692064285278,12.7068967819214,"distill_tree__360_10M.csv","results_experiment_1_distill_tree__360_10M.csv.csv","Regular","Singular",-0.5,-0.5,"set_ox_cow"
"Regular Plural","cows","trader",14.6161909103394,14.6173701286316,"distill_tree__360_10M.csv","results_experiment_1_distill_tree__360_10M.csv.csv","Regular","Plural",-0.5,0.5,"set_ox_cow"
"Irregular Singular","ox","tracker",14.3991899490356,15.9483947753906,"distill_tree__360_10M.csv","results_experiment_1_distill_tree__360_10M.csv.csv","Irregular","Singular",0.5,-0.5,"set_ox_cow"
"Irregular Plural","oxen","tracker",19.6973457336426,15.122416973114,"distill_tree__360_10M.csv","results_experiment_1_distill_tree__360_10M.csv.csv","Irregular","Plural",0.5,0.5,"set_ox_cow"
"Regular Singular","cow","tracker",12.8692064285278,14.0135812759399,"distill_tree__360_10M.csv","results_experiment_1_distill_tree__360_10M.csv.csv","Regular","Singular",-0.5,-0.5,"set_ox_cow"
"Regular Plural","cows","tracker",14.6161909103394,15.9773025512695,"distill_tree__360_10M.csv","results_experiment_1_distill_tree__360_10M.csv.csv","Regular","Plural",-0.5,0.5,"set_ox_cow"
"Irregular Singular","ox","finder",14.3991899490356,17.5766649246216,"distill_tree__360_10M.csv","results_experiment_1_distill_tree__360_10M.csv.csv","Irregular","Singular",0.5,-0.5,"set_ox_cow"
"Irregular Plural","oxen","finder",19.6973457336426,16.853955745697,"distill_tree__360_10M.csv","results_experiment_1_distill_tree__360_10M.csv.csv","Irregular","Plural",0.5,0.5,"set_ox_cow"
"Regular Singular","cow","finder",12.8692064285278,16.1568031311035,"distill_tree__360_10M.csv","results_experiment_1_distill_tree__360_10M.csv.csv","Regular","Singular",-0.5,-0.5,"set_ox_cow"
"Regular Plural","cows","finder",14.6161909103394,18.3904733657837,"distill_tree__360_10M.csv","results_experiment_1_distill_tree__360_10M.csv.csv","Regular","Plural",-0.5,0.5,"set_ox_cow"
"Irregular Singular","louse","issue",17.744957447052,11.3775625228882,"distill_tree__360_10M.csv","results_experiment_1_distill_tree__360_10M.csv.csv","Irregular","Singular",0.5,-0.5,"set_louse_flea"
"Irregular Plural","lice","issue",15.1285409927368,10.7242984771729,"distill_tree__360_10M.csv","results_experiment_1_distill_tree__360_10M.csv.csv","Irregular","Plural",0.5,0.5,"set_louse_flea"
"Regular Singular","flea","issue",20.8503398895264,11.0202388763428,"distill_tree__360_10M.csv","results_experiment_1_distill_tree__360_10M.csv.csv","Regular","Singular",-0.5,-0.5,"set_louse_flea"
"Regular Plural","fleas","issue",20.643611907959,12.1819801330566,"distill_tree__360_10M.csv","results_experiment_1_distill_tree__360_10M.csv.csv","Regular","Plural",-0.5,0.5,"set_louse_flea"
"Irregular Singular","louse","trader",17.744957447052,13.7044939994812,"distill_tree__360_10M.csv","results_experiment_1_distill_tree__360_10M.csv.csv","Irregular","Singular",0.5,-0.5,"set_louse_flea"
"Irregular Plural","lice","trader",15.1285409927368,13.6907052993774,"distill_tree__360_10M.csv","results_experiment_1_distill_tree__360_10M.csv.csv","Irregular","Plural",0.5,0.5,"set_louse_flea"
"Regular Singular","flea","trader",20.8503398895264,12.6367952823639,"distill_tree__360_10M.csv","results_experiment_1_distill_tree__360_10M.csv.csv","Regular","Singular",-0.5,-0.5,"set_louse_flea"
"Regular Plural","fleas","trader",20.643611907959,13.5678555965424,"distill_tree__360_10M.csv","results_experiment_1_distill_tree__360_10M.csv.csv","Regular","Plural",-0.5,0.5,"set_louse_flea"
"Irregular Singular","louse","tracker",17.744957447052,15.6032800674438,"distill_tree__360_10M.csv","results_experiment_1_distill_tree__360_10M.csv.csv","Irregular","Singular",0.5,-0.5,"set_louse_flea"
"Irregular Plural","lice","tracker",15.1285409927368,14.8694400787354,"distill_tree__360_10M.csv","results_experiment_1_distill_tree__360_10M.csv.csv","Irregular","Plural",0.5,0.5,"set_louse_flea"
"Regular Singular","flea","tracker",20.8503398895264,13.8253846168518,"distill_tree__360_10M.csv","results_experiment_1_distill_tree__360_10M.csv.csv","Regular","Singular",-0.5,-0.5,"set_louse_flea"
"Regular Plural","fleas","tracker",20.643611907959,15.3448224067688,"distill_tree__360_10M.csv","results_experiment_1_distill_tree__360_10M.csv.csv","Regular","Plural",-0.5,0.5,"set_louse_flea"
"Irregular Singular","louse","expert",17.744957447052,12.5461597442627,"distill_tree__360_10M.csv","results_experiment_1_distill_tree__360_10M.csv.csv","Irregular","Singular",0.5,-0.5,"set_louse_flea"
"Irregular Plural","lice","expert",15.1285409927368,11.695650100708,"distill_tree__360_10M.csv","results_experiment_1_distill_tree__360_10M.csv.csv","Irregular","Plural",0.5,0.5,"set_louse_flea"
"Regular Singular","flea","expert",20.8503398895264,12.557165145874,"distill_tree__360_10M.csv","results_experiment_1_distill_tree__360_10M.csv.csv","Regular","Singular",-0.5,-0.5,"set_louse_flea"
"Regular Plural","fleas","expert",20.643611907959,12.9241704940796,"distill_tree__360_10M.csv","results_experiment_1_distill_tree__360_10M.csv.csv","Regular","Plural",-0.5,0.5,"set_louse_flea"
"Irregular Singular","mouse","issue",15.1666316986084,10.8970174789429,"distill_tree__360_10M.csv","results_experiment_1_distill_tree__360_10M.csv.csv","Irregular","Singular",0.5,-0.5,"set_mouse_rat"
"Irregular Plural","mice","issue",15.7195482254028,10.38636302948,"distill_tree__360_10M.csv","results_experiment_1_distill_tree__360_10M.csv.csv","Irregular","Plural",0.5,0.5,"set_mouse_rat"
"Regular Singular","rat","issue",13.2876148223877,11.085470199585,"distill_tree__360_10M.csv","results_experiment_1_distill_tree__360_10M.csv.csv","Regular","Singular",-0.5,-0.5,"set_mouse_rat"
"Regular Plural","rats","issue",15.0610594749451,11.373851776123,"distill_tree__360_10M.csv","results_experiment_1_distill_tree__360_10M.csv.csv","Regular","Plural",-0.5,0.5,"set_mouse_rat"
"Irregular Singular","mouse","trader",15.1666316986084,13.0983099937439,"distill_tree__360_10M.csv","results_experiment_1_distill_tree__360_10M.csv.csv","Irregular","Singular",0.5,-0.5,"set_mouse_rat"
"Irregular Plural","mice","trader",15.7195482254028,13.4418931007385,"distill_tree__360_10M.csv","results_experiment_1_distill_tree__360_10M.csv.csv","Irregular","Plural",0.5,0.5,"set_mouse_rat"
"Regular Singular","rat","trader",13.2876129150391,12.7211737632751,"distill_tree__360_10M.csv","results_experiment_1_distill_tree__360_10M.csv.csv","Regular","Singular",-0.5,-0.5,"set_mouse_rat"
"Regular Plural","rats","trader",15.0610594749451,13.363881111145,"distill_tree__360_10M.csv","results_experiment_1_distill_tree__360_10M.csv.csv","Regular","Plural",-0.5,0.5,"set_mouse_rat"
"Irregular Singular","mouse","tracker",15.1666316986084,16.1594624519348,"distill_tree__360_10M.csv","results_experiment_1_distill_tree__360_10M.csv.csv","Irregular","Singular",0.5,-0.5,"set_mouse_rat"
"Irregular Plural","mice","tracker",15.7195482254028,15.5564546585083,"distill_tree__360_10M.csv","results_experiment_1_distill_tree__360_10M.csv.csv","Irregular","Plural",0.5,0.5,"set_mouse_rat"
"Regular Singular","rat","tracker",13.2876129150391,15.3121962547302,"distill_tree__360_10M.csv","results_experiment_1_distill_tree__360_10M.csv.csv","Regular","Singular",-0.5,-0.5,"set_mouse_rat"
"Regular Plural","rats","tracker",15.0610594749451,14.8097124099731,"distill_tree__360_10M.csv","results_experiment_1_distill_tree__360_10M.csv.csv","Regular","Plural",-0.5,0.5,"set_mouse_rat"
"Irregular Singular","mouse","inspector",15.1666316986084,12.0705671310425,"distill_tree__360_10M.csv","results_experiment_1_distill_tree__360_10M.csv.csv","Irregular","Singular",0.5,-0.5,"set_mouse_rat"
"Irregular Plural","mice","inspector",15.7195482254028,11.3614549636841,"distill_tree__360_10M.csv","results_experiment_1_distill_tree__360_10M.csv.csv","Irregular","Plural",0.5,0.5,"set_mouse_rat"
"Regular Singular","rat","inspector",13.2876148223877,12.4595470428467,"distill_tree__360_10M.csv","results_experiment_1_distill_tree__360_10M.csv.csv","Regular","Singular",-0.5,-0.5,"set_mouse_rat"
"Regular Plural","rats","inspector",15.0610594749451,13.0810699462891,"distill_tree__360_10M.csv","results_experiment_1_distill_tree__360_10M.csv.csv","Regular","Plural",-0.5,0.5,"set_mouse_rat"
"Irregular Singular","foot","issue",12.3271608352661,11.5930624008179,"distill_tree__360_10M.csv","results_experiment_1_distill_tree__360_10M.csv.csv","Irregular","Singular",0.5,-0.5,"set_foot_leg"
"Irregular Plural","feet","issue",15.0796570777893,9.99859237670898,"distill_tree__360_10M.csv","results_experiment_1_distill_tree__360_10M.csv.csv","Irregular","Plural",0.5,0.5,"set_foot_leg"
"Regular Singular","leg","issue",13.6990489959717,11.3427448272705,"distill_tree__360_10M.csv","results_experiment_1_distill_tree__360_10M.csv.csv","Regular","Singular",-0.5,-0.5,"set_foot_leg"
"Regular Plural","legs","issue",16.7651796340942,12.0491228103638,"distill_tree__360_10M.csv","results_experiment_1_distill_tree__360_10M.csv.csv","Regular","Plural",-0.5,0.5,"set_foot_leg"
"Irregular Singular","foot","examination",12.3271608352661,11.3077602386475,"distill_tree__360_10M.csv","results_experiment_1_distill_tree__360_10M.csv.csv","Irregular","Singular",0.5,-0.5,"set_foot_leg"
"Irregular Plural","feet","examination",15.0796570777893,10.9858131408691,"distill_tree__360_10M.csv","results_experiment_1_distill_tree__360_10M.csv.csv","Irregular","Plural",0.5,0.5,"set_foot_leg"
"Regular Singular","leg","examination",13.6990489959717,11.7016620635986,"distill_tree__360_10M.csv","results_experiment_1_distill_tree__360_10M.csv.csv","Regular","Singular",-0.5,-0.5,"set_foot_leg"
"Regular Plural","legs","examination",16.7651796340942,12.7545881271362,"distill_tree__360_10M.csv","results_experiment_1_distill_tree__360_10M.csv.csv","Regular","Plural",-0.5,0.5,"set_foot_leg"
"Irregular Singular","foot","expert",12.3271608352661,12.6510763168335,"distill_tree__360_10M.csv","results_experiment_1_distill_tree__360_10M.csv.csv","Irregular","Singular",0.5,-0.5,"set_foot_leg"
"Irregular Plural","feet","expert",15.0796570777893,12.1777515411377,"distill_tree__360_10M.csv","results_experiment_1_distill_tree__360_10M.csv.csv","Irregular","Plural",0.5,0.5,"set_foot_leg"
"Regular Singular","leg","expert",13.6990489959717,12.0714845657349,"distill_tree__360_10M.csv","results_experiment_1_distill_tree__360_10M.csv.csv","Regular","Singular",-0.5,-0.5,"set_foot_leg"
"Regular Plural","legs","expert",16.7651796340942,13.3388681411743,"distill_tree__360_10M.csv","results_experiment_1_distill_tree__360_10M.csv.csv","Regular","Plural",-0.5,0.5,"set_foot_leg"
"Irregular Singular","foot","inspector",12.3271608352661,11.1507530212402,"distill_tree__360_10M.csv","results_experiment_1_distill_tree__360_10M.csv.csv","Irregular","Singular",0.5,-0.5,"set_foot_leg"
"Irregular Plural","feet","inspector",15.0796570777893,12.5176563262939,"distill_tree__360_10M.csv","results_experiment_1_distill_tree__360_10M.csv.csv","Irregular","Plural",0.5,0.5,"set_foot_leg"
"Regular Singular","leg","inspector",13.6990489959717,11.7435207366943,"distill_tree__360_10M.csv","results_experiment_1_distill_tree__360_10M.csv.csv","Regular","Singular",-0.5,-0.5,"set_foot_leg"
"Regular Plural","legs","inspector",16.7651796340942,13.3038053512573,"distill_tree__360_10M.csv","results_experiment_1_distill_tree__360_10M.csv.csv","Regular","Plural",-0.5,0.5,"set_foot_leg"
"Irregular Singular","tooth","issue",16.2548379898071,11.2590427398682,"distill_tree__360_10M.csv","results_experiment_1_distill_tree__360_10M.csv.csv","Irregular","Singular",0.5,-0.5,"set_tooth_bone"
"Irregular Plural","teeth","issue",20.3465890884399,12.1107025146484,"distill_tree__360_10M.csv","results_experiment_1_distill_tree__360_10M.csv.csv","Irregular","Plural",0.5,0.5,"set_tooth_bone"
"Regular Singular","bone","issue",12.7087306976318,10.2589521408081,"distill_tree__360_10M.csv","results_experiment_1_distill_tree__360_10M.csv.csv","Regular","Singular",-0.5,-0.5,"set_tooth_bone"
"Regular Plural","bones","issue",14.2835626602173,12.1557455062866,"distill_tree__360_10M.csv","results_experiment_1_distill_tree__360_10M.csv.csv","Regular","Plural",-0.5,0.5,"set_tooth_bone"
"Irregular Singular","tooth","examination",16.2548379898071,12.8527374267578,"distill_tree__360_10M.csv","results_experiment_1_distill_tree__360_10M.csv.csv","Irregular","Singular",0.5,-0.5,"set_tooth_bone"
"Irregular Plural","teeth","examination",20.3465890884399,12.8559608459473,"distill_tree__360_10M.csv","results_experiment_1_distill_tree__360_10M.csv.csv","Irregular","Plural",0.5,0.5,"set_tooth_bone"
"Regular Singular","bone","examination",12.7087306976318,11.0143823623657,"distill_tree__360_10M.csv","results_experiment_1_distill_tree__360_10M.csv.csv","Regular","Singular",-0.5,-0.5,"set_tooth_bone"
"Regular Plural","bones","examination",14.2835626602173,13.20152759552,"distill_tree__360_10M.csv","results_experiment_1_distill_tree__360_10M.csv.csv","Regular","Plural",-0.5,0.5,"set_tooth_bone"
"Irregular Singular","tooth","expert",16.2548379898071,12.972806930542,"distill_tree__360_10M.csv","results_experiment_1_distill_tree__360_10M.csv.csv","Irregular","Singular",0.5,-0.5,"set_tooth_bone"
"Irregular Plural","teeth","expert",20.3465890884399,13.0902423858643,"distill_tree__360_10M.csv","results_experiment_1_distill_tree__360_10M.csv.csv","Irregular","Plural",0.5,0.5,"set_tooth_bone"
"Regular Singular","bone","expert",12.7087306976318,11.6016235351562,"distill_tree__360_10M.csv","results_experiment_1_distill_tree__360_10M.csv.csv","Regular","Singular",-0.5,-0.5,"set_tooth_bone"
"Regular Plural","bones","expert",14.2835626602173,13.0116729736328,"distill_tree__360_10M.csv","results_experiment_1_distill_tree__360_10M.csv.csv","Regular","Plural",-0.5,0.5,"set_tooth_bone"
"Irregular Singular","tooth","protector",16.2548379898071,15.3111553192139,"distill_tree__360_10M.csv","results_experiment_1_distill_tree__360_10M.csv.csv","Irregular","Singular",0.5,-0.5,"set_tooth_bone"
"Irregular Plural","teeth","protector",20.3465890884399,14.3571305274963,"distill_tree__360_10M.csv","results_experiment_1_distill_tree__360_10M.csv.csv","Irregular","Plural",0.5,0.5,"set_tooth_bone"
"Regular Singular","bone","protector",12.7087306976318,15.2422924041748,"distill_tree__360_10M.csv","results_experiment_1_distill_tree__360_10M.csv.csv","Regular","Singular",-0.5,-0.5,"set_tooth_bone"
"Regular Plural","bones","protector",14.2835626602173,16.6954708099365,"distill_tree__360_10M.csv","results_experiment_1_distill_tree__360_10M.csv.csv","Regular","Plural",-0.5,0.5,"set_tooth_bone"
"Irregular Singular","child","patrol",10.7646017074585,12.3767635822296,"distill_tree__360_10M.csv","results_experiment_1_distill_tree__360_10M.csv.csv","Irregular","Singular",0.5,-0.5,"set_child_adult"
"Irregular Plural","children","patrol",13.3443336486816,12.0627760887146,"distill_tree__360_10M.csv","results_experiment_1_distill_tree__360_10M.csv.csv","Irregular","Plural",0.5,0.5,"set_child_adult"
"Regular Singular","adult","patrol",19.8561677932739,11.4819250106812,"distill_tree__360_10M.csv","results_experiment_1_distill_tree__360_10M.csv.csv","Regular","Singular",-0.5,-0.5,"set_child_adult"
"Regular Plural","adults","patrol",21.0432813167572,11.7204072475433,"distill_tree__360_10M.csv","results_experiment_1_distill_tree__360_10M.csv.csv","Regular","Plural",-0.5,0.5,"set_child_adult"
"Irregular Singular","child","register",10.7646036148071,13.7410354614258,"distill_tree__360_10M.csv","results_experiment_1_distill_tree__360_10M.csv.csv","Irregular","Singular",0.5,-0.5,"set_child_adult"
"Irregular Plural","children","register",13.344334602356,11.1949405670166,"distill_tree__360_10M.csv","results_experiment_1_distill_tree__360_10M.csv.csv","Irregular","Plural",0.5,0.5,"set_child_adult"
"Regular Singular","adult","register",19.8561677932739,11.9007806777954,"distill_tree__360_10M.csv","results_experiment_1_distill_tree__360_10M.csv.csv","Regular","Singular",-0.5,-0.5,"set_child_adult"
"Regular Plural","adults","register",21.0432813167572,11.7834510803223,"distill_tree__360_10M.csv","results_experiment_1_distill_tree__360_10M.csv.csv","Regular","Plural",-0.5,0.5,"set_child_adult"
"Irregular Singular","child","institute",10.7646017074585,16.6417150497437,"distill_tree__360_10M.csv","results_experiment_1_distill_tree__360_10M.csv.csv","Irregular","Singular",0.5,-0.5,"set_child_adult"
"Irregular Plural","children","institute",13.3443336486816,14.8210906982422,"distill_tree__360_10M.csv","results_experiment_1_distill_tree__360_10M.csv.csv","Irregular","Plural",0.5,0.5,"set_child_adult"
"Regular Singular","adult","institute",19.8561677932739,15.3041791915894,"distill_tree__360_10M.csv","results_experiment_1_distill_tree__360_10M.csv.csv","Regular","Singular",-0.5,-0.5,"set_child_adult"
"Regular Plural","adults","institute",21.0432813167572,15.4379172325134,"distill_tree__360_10M.csv","results_experiment_1_distill_tree__360_10M.csv.csv","Regular","Plural",-0.5,0.5,"set_child_adult"
"Irregular Singular","child","crew",10.7646036148071,13.1252384185791,"distill_tree__360_10M.csv","results_experiment_1_distill_tree__360_10M.csv.csv","Irregular","Singular",0.5,-0.5,"set_child_adult"
"Irregular Plural","children","crew",13.344334602356,12.0518465042114,"distill_tree__360_10M.csv","results_experiment_1_distill_tree__360_10M.csv.csv","Irregular","Plural",0.5,0.5,"set_child_adult"
"Regular Singular","adult","crew",19.8561677932739,10.2154369354248,"distill_tree__360_10M.csv","results_experiment_1_distill_tree__360_10M.csv.csv","Regular","Singular",-0.5,-0.5,"set_child_adult"
"Regular Plural","adults","crew",21.0432813167572,11.5149660110474,"distill_tree__360_10M.csv","results_experiment_1_distill_tree__360_10M.csv.csv","Regular","Plural",-0.5,0.5,"set_child_adult"
"Irregular Singular","woman","protector",11.8227863311768,16.0086870193481,"distill_tree__360_10M.csv","results_experiment_1_distill_tree__360_10M.csv.csv","Irregular","Singular",0.5,-0.5,"set_woman_girl"
"Irregular Plural","women","protector",16.0022392272949,16.1043224334717,"distill_tree__360_10M.csv","results_experiment_1_distill_tree__360_10M.csv.csv","Irregular","Plural",0.5,0.5,"set_woman_girl"
"Regular Singular","girl","protector",11.3547859191895,15.3464193344116,"distill_tree__360_10M.csv","results_experiment_1_distill_tree__360_10M.csv.csv","Regular","Singular",-0.5,-0.5,"set_woman_girl"
"Regular Plural","girls","protector",13.0768914222717,16.6193418502808,"distill_tree__360_10M.csv","results_experiment_1_distill_tree__360_10M.csv.csv","Regular","Plural",-0.5,0.5,"set_woman_girl"
"Irregular Singular","woman","register",11.8227872848511,12.5858592987061,"distill_tree__360_10M.csv","results_experiment_1_distill_tree__360_10M.csv.csv","Irregular","Singular",0.5,-0.5,"set_woman_girl"
"Irregular Plural","women","register",16.0022392272949,12.435245513916,"distill_tree__360_10M.csv","results_experiment_1_distill_tree__360_10M.csv.csv","Irregular","Plural",0.5,0.5,"set_woman_girl"
"Regular Singular","girl","register",11.3547868728638,11.6097440719604,"distill_tree__360_10M.csv","results_experiment_1_distill_tree__360_10M.csv.csv","Regular","Singular",-0.5,-0.5,"set_woman_girl"
"Regular Plural","girls","register",13.0768914222717,11.1901435852051,"distill_tree__360_10M.csv","results_experiment_1_distill_tree__360_10M.csv.csv","Regular","Plural",-0.5,0.5,"set_woman_girl"
"Irregular Singular","woman","hangout",11.8227863311768,16.7254958152771,"distill_tree__360_10M.csv","results_experiment_1_distill_tree__360_10M.csv.csv","Irregular","Singular",0.5,-0.5,"set_woman_girl"
"Irregular Plural","women","hangout",16.0022392272949,16.1792144775391,"distill_tree__360_10M.csv","results_experiment_1_distill_tree__360_10M.csv.csv","Irregular","Plural",0.5,0.5,"set_woman_girl"
"Regular Singular","girl","hangout",11.3547859191895,16.6642141342163,"distill_tree__360_10M.csv","results_experiment_1_distill_tree__360_10M.csv.csv","Regular","Singular",-0.5,-0.5,"set_woman_girl"
"Regular Plural","girls","hangout",13.0768914222717,15.6629867553711,"distill_tree__360_10M.csv","results_experiment_1_distill_tree__360_10M.csv.csv","Regular","Plural",-0.5,0.5,"set_woman_girl"
"Irregular Singular","woman","crew",11.8227872848511,11.0562286376953,"distill_tree__360_10M.csv","results_experiment_1_distill_tree__360_10M.csv.csv","Irregular","Singular",0.5,-0.5,"set_woman_girl"
"Irregular Plural","women","crew",16.0022392272949,12.1016082763672,"distill_tree__360_10M.csv","results_experiment_1_distill_tree__360_10M.csv.csv","Irregular","Plural",0.5,0.5,"set_woman_girl"
"Regular Singular","girl","crew",11.3547868728638,9.65843296051025,"distill_tree__360_10M.csv","results_experiment_1_distill_tree__360_10M.csv.csv","Regular","Singular",-0.5,-0.5,"set_woman_girl"
"Regular Plural","girls","crew",13.0768914222717,10.9152069091797,"distill_tree__360_10M.csv","results_experiment_1_distill_tree__360_10M.csv.csv","Regular","Plural",-0.5,0.5,"set_woman_girl"
"Irregular Singular","man","institute",8.16010093688965,16.415379524231,"distill_tree__360_10M.csv","results_experiment_1_distill_tree__360_10M.csv.csv","Irregular","Singular",0.5,-0.5,"set_man_boy"
"Irregular Plural","men","institute",9.36861896514893,15.1233463287354,"distill_tree__360_10M.csv","results_experiment_1_distill_tree__360_10M.csv.csv","Irregular","Plural",0.5,0.5,"set_man_boy"
"Regular Singular","boy","institute",10.4846696853638,16.394199848175,"distill_tree__360_10M.csv","results_experiment_1_distill_tree__360_10M.csv.csv","Regular","Singular",-0.5,-0.5,"set_man_boy"
"Regular Plural","boys","institute",11.1956491470337,14.9120044708252,"distill_tree__360_10M.csv","results_experiment_1_distill_tree__360_10M.csv.csv","Regular","Plural",-0.5,0.5,"set_man_boy"
"Irregular Singular","man","register",8.16010189056396,12.1798238754272,"distill_tree__360_10M.csv","results_experiment_1_distill_tree__360_10M.csv.csv","Irregular","Singular",0.5,-0.5,"set_man_boy"
"Irregular Plural","men","register",9.36861991882324,10.8012619018555,"distill_tree__360_10M.csv","results_experiment_1_distill_tree__360_10M.csv.csv","Irregular","Plural",0.5,0.5,"set_man_boy"
"Regular Singular","boy","register",10.4846706390381,12.0553350448608,"distill_tree__360_10M.csv","results_experiment_1_distill_tree__360_10M.csv.csv","Regular","Singular",-0.5,-0.5,"set_man_boy"
"Regular Plural","boys","register",11.195650100708,10.8435459136963,"distill_tree__360_10M.csv","results_experiment_1_distill_tree__360_10M.csv.csv","Regular","Plural",-0.5,0.5,"set_man_boy"
"Irregular Singular","man","finder",8.16010093688965,17.0952768325806,"distill_tree__360_10M.csv","results_experiment_1_distill_tree__360_10M.csv.csv","Irregular","Singular",0.5,-0.5,"set_man_boy"
"Irregular Plural","men","finder",9.36861896514893,17.5078315734863,"distill_tree__360_10M.csv","results_experiment_1_distill_tree__360_10M.csv.csv","Irregular","Plural",0.5,0.5,"set_man_boy"
"Regular Singular","boy","finder",10.4846696853638,16.5350122451782,"distill_tree__360_10M.csv","results_experiment_1_distill_tree__360_10M.csv.csv","Regular","Singular",-0.5,-0.5,"set_man_boy"
"Regular Plural","boys","finder",11.1956491470337,17.9287872314453,"distill_tree__360_10M.csv","results_experiment_1_distill_tree__360_10M.csv.csv","Regular","Plural",-0.5,0.5,"set_man_boy"
"Irregular Singular","man","hangout",8.16010093688965,16.6280212402344,"distill_tree__360_10M.csv","results_experiment_1_distill_tree__360_10M.csv.csv","Irregular","Singular",0.5,-0.5,"set_man_boy"
"Irregular Plural","men","hangout",9.36861896514893,16.6594734191895,"distill_tree__360_10M.csv","results_experiment_1_distill_tree__360_10M.csv.csv","Irregular","Plural",0.5,0.5,"set_man_boy"
"Regular Singular","boy","hangout",10.4846696853638,16.0361771583557,"distill_tree__360_10M.csv","results_experiment_1_distill_tree__360_10M.csv.csv","Regular","Singular",-0.5,-0.5,"set_man_boy"
"Regular Plural","boys","hangout",11.1956491470337,15.7288436889648,"distill_tree__360_10M.csv","results_experiment_1_distill_tree__360_10M.csv.csv","Regular","Plural",-0.5,0.5,"set_man_boy"
"Irregular Singular","salesman","institute",24.8335156440735,15.735734462738,"distill_tree__360_10M.csv","results_experiment_1_distill_tree__360_10M.csv.csv","Irregular","Singular",0.5,-0.5,"set_salesman_retailer"
"Irregular Plural","salesmen","institute",25.5707812309265,15.0177145004272,"distill_tree__360_10M.csv","results_experiment_1_distill_tree__360_10M.csv.csv","Irregular","Plural",0.5,0.5,"set_salesman_retailer"
"Regular Singular","retailer","institute",26.5861773490906,15.5925092697144,"distill_tree__360_10M.csv","results_experiment_1_distill_tree__360_10M.csv.csv","Regular","Singular",-0.5,-0.5,"set_salesman_retailer"
"Regular Plural","retailers","institute",25.8968386650085,15.1692354679108,"distill_tree__360_10M.csv","results_experiment_1_distill_tree__360_10M.csv.csv","Regular","Plural",-0.5,0.5,"set_salesman_retailer"
"Irregular Singular","salesman","inspector",24.8335156440735,11.1909112930298,"distill_tree__360_10M.csv","results_experiment_1_distill_tree__360_10M.csv.csv","Irregular","Singular",0.5,-0.5,"set_salesman_retailer"
"Irregular Plural","salesmen","inspector",25.5707812309265,12.9756259918213,"distill_tree__360_10M.csv","results_experiment_1_distill_tree__360_10M.csv.csv","Irregular","Plural",0.5,0.5,"set_salesman_retailer"
"Regular Singular","retailer","inspector",26.5861773490906,11.765739440918,"distill_tree__360_10M.csv","results_experiment_1_distill_tree__360_10M.csv.csv","Regular","Singular",-0.5,-0.5,"set_salesman_retailer"
"Regular Plural","retailers","inspector",25.8968386650085,13.61572265625,"distill_tree__360_10M.csv","results_experiment_1_distill_tree__360_10M.csv.csv","Regular","Plural",-0.5,0.5,"set_salesman_retailer"
"Irregular Singular","salesman","protector",24.8335156440735,16.2297739982605,"distill_tree__360_10M.csv","results_experiment_1_distill_tree__360_10M.csv.csv","Irregular","Singular",0.5,-0.5,"set_salesman_retailer"
"Irregular Plural","salesmen","protector",25.5707812309265,17.0986194610596,"distill_tree__360_10M.csv","results_experiment_1_distill_tree__360_10M.csv.csv","Irregular","Plural",0.5,0.5,"set_salesman_retailer"
"Regular Singular","retailer","protector",26.5861773490906,13.3892459869385,"distill_tree__360_10M.csv","results_experiment_1_distill_tree__360_10M.csv.csv","Regular","Singular",-0.5,-0.5,"set_salesman_retailer"
"Regular Plural","retailers","protector",25.8968386650085,16.3029198646545,"distill_tree__360_10M.csv","results_experiment_1_distill_tree__360_10M.csv.csv","Regular","Plural",-0.5,0.5,"set_salesman_retailer"
"Irregular Singular","salesman","employer",24.8335156440735,12.9167580604553,"distill_tree__360_10M.csv","results_experiment_1_distill_tree__360_10M.csv.csv","Irregular","Singular",0.5,-0.5,"set_salesman_retailer"
"Irregular Plural","salesmen","employer",25.5707812309265,15.1403646469116,"distill_tree__360_10M.csv","results_experiment_1_distill_tree__360_10M.csv.csv","Irregular","Plural",0.5,0.5,"set_salesman_retailer"
"Regular Singular","retailer","employer",26.5861773490906,12.4683989286423,"distill_tree__360_10M.csv","results_experiment_1_distill_tree__360_10M.csv.csv","Regular","Singular",-0.5,-0.5,"set_salesman_retailer"
"Regular Plural","retailers","employer",25.8968386650085,14.6925237178802,"distill_tree__360_10M.csv","results_experiment_1_distill_tree__360_10M.csv.csv","Regular","Plural",-0.5,0.5,"set_salesman_retailer"
"Irregular Singular","nobleman","patrol",23.3685789108276,12.0016603469849,"distill_tree__360_10M.csv","results_experiment_1_distill_tree__360_10M.csv.csv","Irregular","Singular",0.5,-0.5,"set_nobleman_aristocrat"
"Irregular Plural","noblemen","patrol",24.8522529602051,10.8226685523987,"distill_tree__360_10M.csv","results_experiment_1_distill_tree__360_10M.csv.csv","Irregular","Plural",0.5,0.5,"set_nobleman_aristocrat"
"Regular Singular","aristocrat","patrol",28.73228931427,11.0531060695648,"distill_tree__360_10M.csv","results_experiment_1_distill_tree__360_10M.csv.csv","Regular","Singular",-0.5,-0.5,"set_nobleman_aristocrat"
"Regular Plural","aristocrats","patrol",25.8297443389893,11.3562853336334,"distill_tree__360_10M.csv","results_experiment_1_distill_tree__360_10M.csv.csv","Regular","Plural",-0.5,0.5,"set_nobleman_aristocrat"
"Irregular Singular","nobleman","hangout",23.3685789108276,15.9167737960815,"distill_tree__360_10M.csv","results_experiment_1_distill_tree__360_10M.csv.csv","Irregular","Singular",0.5,-0.5,"set_nobleman_aristocrat"
"Irregular Plural","noblemen","hangout",24.8522529602051,15.9270462989807,"distill_tree__360_10M.csv","results_experiment_1_distill_tree__360_10M.csv.csv","Irregular","Plural",0.5,0.5,"set_nobleman_aristocrat"
"Regular Singular","aristocrat","hangout",28.73228931427,15.6485896110535,"distill_tree__360_10M.csv","results_experiment_1_distill_tree__360_10M.csv.csv","Regular","Singular",-0.5,-0.5,"set_nobleman_aristocrat"
"Regular Plural","aristocrats","hangout",25.8297443389893,16.9429974555969,"distill_tree__360_10M.csv","results_experiment_1_distill_tree__360_10M.csv.csv","Regular","Plural",-0.5,0.5,"set_nobleman_aristocrat"
"Irregular Singular","nobleman","institute",23.3685789108276,15.8236949443817,"distill_tree__360_10M.csv","results_experiment_1_distill_tree__360_10M.csv.csv","Irregular","Singular",0.5,-0.5,"set_nobleman_aristocrat"
"Irregular Plural","noblemen","institute",24.8522529602051,14.7014169692993,"distill_tree__360_10M.csv","results_experiment_1_distill_tree__360_10M.csv.csv","Irregular","Plural",0.5,0.5,"set_nobleman_aristocrat"
"Regular Singular","aristocrat","institute",28.73228931427,15.6962585449219,"distill_tree__360_10M.csv","results_experiment_1_distill_tree__360_10M.csv.csv","Regular","Singular",-0.5,-0.5,"set_nobleman_aristocrat"
"Regular Plural","aristocrats","institute",25.8297443389893,13.8200931549072,"distill_tree__360_10M.csv","results_experiment_1_distill_tree__360_10M.csv.csv","Regular","Plural",-0.5,0.5,"set_nobleman_aristocrat"
"Irregular Singular","nobleman","crew",23.3685789108276,10.7322616577148,"distill_tree__360_10M.csv","results_experiment_1_distill_tree__360_10M.csv.csv","Irregular","Singular",0.5,-0.5,"set_nobleman_aristocrat"
"Irregular Plural","noblemen","crew",24.8522529602051,10.9288940429688,"distill_tree__360_10M.csv","results_experiment_1_distill_tree__360_10M.csv.csv","Irregular","Plural",0.5,0.5,"set_nobleman_aristocrat"
"Regular Singular","aristocrat","crew",28.73228931427,11.9349164962769,"distill_tree__360_10M.csv","results_experiment_1_distill_tree__360_10M.csv.csv","Regular","Singular",-0.5,-0.5,"set_nobleman_aristocrat"
"Regular Plural","aristocrats","crew",25.8297443389893,12.186261177063,"distill_tree__360_10M.csv","results_experiment_1_distill_tree__360_10M.csv.csv","Regular","Plural",-0.5,0.5,"set_nobleman_aristocrat"
"Irregular Singular","boatman","patrol",19.4218726158142,11.7945580482483,"distill_tree__360_10M.csv","results_experiment_1_distill_tree__360_10M.csv.csv","Irregular","Singular",0.5,-0.5,"set_boatman_shipmate"
"Irregular Plural","boatmen","patrol",19.4046325683594,10.9761111736298,"distill_tree__360_10M.csv","results_experiment_1_distill_tree__360_10M.csv.csv","Irregular","Plural",0.5,0.5,"set_boatman_shipmate"
"Regular Singular","shipmate","patrol",21.553014755249,11.410712480545,"distill_tree__360_10M.csv","results_experiment_1_distill_tree__360_10M.csv.csv","Regular","Singular",-0.5,-0.5,"set_boatman_shipmate"
"Regular Plural","shipmates","patrol",22.7833662033081,11.2680704593658,"distill_tree__360_10M.csv","results_experiment_1_distill_tree__360_10M.csv.csv","Regular","Plural",-0.5,0.5,"set_boatman_shipmate"
"Irregular Singular","boatman","finder",19.4218726158142,17.0585517883301,"distill_tree__360_10M.csv","results_experiment_1_distill_tree__360_10M.csv.csv","Irregular","Singular",0.5,-0.5,"set_boatman_shipmate"
"Irregular Plural","boatmen","finder",19.4046325683594,17.4164094924927,"distill_tree__360_10M.csv","results_experiment_1_distill_tree__360_10M.csv.csv","Irregular","Plural",0.5,0.5,"set_boatman_shipmate"
"Regular Singular","shipmate","finder",21.553014755249,16.9677906036377,"distill_tree__360_10M.csv","results_experiment_1_distill_tree__360_10M.csv.csv","Regular","Singular",-0.5,-0.5,"set_boatman_shipmate"
"Regular Plural","shipmates","finder",22.7833662033081,17.6949625015259,"distill_tree__360_10M.csv","results_experiment_1_distill_tree__360_10M.csv.csv","Regular","Plural",-0.5,0.5,"set_boatman_shipmate"
"Irregular Singular","boatman","inspector",19.4218726158142,10.4220409393311,"distill_tree__360_10M.csv","results_experiment_1_distill_tree__360_10M.csv.csv","Irregular","Singular",0.5,-0.5,"set_boatman_shipmate"
"Irregular Plural","boatmen","inspector",19.4046325683594,12.9308109283447,"distill_tree__360_10M.csv","results_experiment_1_distill_tree__360_10M.csv.csv","Irregular","Plural",0.5,0.5,"set_boatman_shipmate"
"Regular Singular","shipmate","inspector",21.553014755249,10.4913930892944,"distill_tree__360_10M.csv","results_experiment_1_distill_tree__360_10M.csv.csv","Regular","Singular",-0.5,-0.5,"set_boatman_shipmate"
"Regular Plural","shipmates","inspector",22.7833662033081,12.811541557312,"distill_tree__360_10M.csv","results_experiment_1_distill_tree__360_10M.csv.csv","Regular","Plural",-0.5,0.5,"set_boatman_shipmate"
"Irregular Singular","boatman","employer",19.4218726158142,13.0256668329239,"distill_tree__360_10M.csv","results_experiment_1_distill_tree__360_10M.csv.csv","Irregular","Singular",0.5,-0.5,"set_boatman_shipmate"
"Irregular Plural","boatmen","employer",19.4046325683594,14.9608955383301,"distill_tree__360_10M.csv","results_experiment_1_distill_tree__360_10M.csv.csv","Irregular","Plural",0.5,0.5,"set_boatman_shipmate"
"Regular Singular","shipmate","employer",21.553014755249,12.2684946060181,"distill_tree__360_10M.csv","results_experiment_1_distill_tree__360_10M.csv.csv","Regular","Singular",-0.5,-0.5,"set_boatman_shipmate"
"Regular Plural","shipmates","employer",22.7833662033081,14.2467043399811,"distill_tree__360_10M.csv","results_experiment_1_distill_tree__360_10M.csv.csv","Regular","Plural",-0.5,0.5,"set_boatman_shipmate"
"Irregular Singular","craftsman","employer",25.3693046569824,12.9435470104218,"distill_tree__360_10M.csv","results_experiment_1_distill_tree__360_10M.csv.csv","Irregular","Singular",0.5,-0.5,"set_craftsman_labourer"
"Irregular Plural","craftsmen","employer",26.274320602417,15.1004791259766,"distill_tree__360_10M.csv","results_experiment_1_distill_tree__360_10M.csv.csv","Irregular","Plural",0.5,0.5,"set_craftsman_labourer"
"Regular Singular","labourer","employer",28.6548595428467,12.9037642478943,"distill_tree__360_10M.csv","results_experiment_1_distill_tree__360_10M.csv.csv","Regular","Singular",-0.5,-0.5,"set_craftsman_labourer"
"Regular Plural","labourers","employer",30.3196096420288,15.8351144790649,"distill_tree__360_10M.csv","results_experiment_1_distill_tree__360_10M.csv.csv","Regular","Plural",-0.5,0.5,"set_craftsman_labourer"
"Irregular Singular","craftsman","examination",25.3693046569824,12.6014461517334,"distill_tree__360_10M.csv","results_experiment_1_distill_tree__360_10M.csv.csv","Irregular","Singular",0.5,-0.5,"set_craftsman_labourer"
"Irregular Plural","craftsmen","examination",26.274320602417,13.3213586807251,"distill_tree__360_10M.csv","results_experiment_1_distill_tree__360_10M.csv.csv","Irregular","Plural",0.5,0.5,"set_craftsman_labourer"
"Regular Singular","labourer","examination",28.6548590660095,12.6348419189453,"distill_tree__360_10M.csv","results_experiment_1_distill_tree__360_10M.csv.csv","Regular","Singular",-0.5,-0.5,"set_craftsman_labourer"
"Regular Plural","labourers","examination",30.3196091651917,13.0952005386353,"distill_tree__360_10M.csv","results_experiment_1_distill_tree__360_10M.csv.csv","Regular","Plural",-0.5,0.5,"set_craftsman_labourer"
"Irregular Singular","craftsman","hangout",25.3693046569824,15.3997039794922,"distill_tree__360_10M.csv","results_experiment_1_distill_tree__360_10M.csv.csv","Irregular","Singular",0.5,-0.5,"set_craftsman_labourer"
"Irregular Plural","craftsmen","hangout",26.274320602417,15.7087078094482,"distill_tree__360_10M.csv","results_experiment_1_distill_tree__360_10M.csv.csv","Irregular","Plural",0.5,0.5,"set_craftsman_labourer"
"Regular Singular","labourer","hangout",28.6548595428467,16.1216621398926,"distill_tree__360_10M.csv","results_experiment_1_distill_tree__360_10M.csv.csv","Regular","Singular",-0.5,-0.5,"set_craftsman_labourer"
"Regular Plural","labourers","hangout",30.3196096420288,16.5967035293579,"distill_tree__360_10M.csv","results_experiment_1_distill_tree__360_10M.csv.csv","Regular","Plural",-0.5,0.5,"set_craftsman_labourer"
"Irregular Singular","craftsman","finder",25.3693046569824,17.6733946800232,"distill_tree__360_10M.csv","results_experiment_1_distill_tree__360_10M.csv.csv","Irregular","Singular",0.5,-0.5,"set_craftsman_labourer"
"Irregular Plural","craftsmen","finder",26.274320602417,17.4754867553711,"distill_tree__360_10M.csv","results_experiment_1_distill_tree__360_10M.csv.csv","Irregular","Plural",0.5,0.5,"set_craftsman_labourer"
"Regular Singular","labourer","finder",28.6548595428467,16.5992641448975,"distill_tree__360_10M.csv","results_experiment_1_distill_tree__360_10M.csv.csv","Regular","Singular",-0.5,-0.5,"set_craftsman_labourer"
"Regular Plural","labourers","finder",30.3196096420288,18.3666610717773,"distill_tree__360_10M.csv","results_experiment_1_distill_tree__360_10M.csv.csv","Regular","Plural",-0.5,0.5,"set_craftsman_labourer"
"Irregular Singular","fireman","examination",15.5811495780945,12.922233581543,"distill_tree__360_10M.csv","results_experiment_1_distill_tree__360_10M.csv.csv","Irregular","Singular",0.5,-0.5,"set_fireman_lifeguard"
"Irregular Plural","firemen","examination",16.1771669387817,13.453031539917,"distill_tree__360_10M.csv","results_experiment_1_distill_tree__360_10M.csv.csv","Irregular","Plural",0.5,0.5,"set_fireman_lifeguard"
"Regular Singular","lifeguard","examination",22.2020711898804,10.5857410430908,"distill_tree__360_10M.csv","results_experiment_1_distill_tree__360_10M.csv.csv","Regular","Singular",-0.5,-0.5,"set_fireman_lifeguard"
"Regular Plural","lifeguards","examination",26.9049999713898,12.3186492919922,"distill_tree__360_10M.csv","results_experiment_1_distill_tree__360_10M.csv.csv","Regular","Plural",-0.5,0.5,"set_fireman_lifeguard"
"Irregular Singular","fireman","employer",15.5811495780945,12.1958441734314,"distill_tree__360_10M.csv","results_experiment_1_distill_tree__360_10M.csv.csv","Irregular","Singular",0.5,-0.5,"set_fireman_lifeguard"
"Irregular Plural","firemen","employer",16.1771669387817,14.434451341629,"distill_tree__360_10M.csv","results_experiment_1_distill_tree__360_10M.csv.csv","Irregular","Plural",0.5,0.5,"set_fireman_lifeguard"
"Regular Singular","lifeguard","employer",22.2020711898804,12.883145570755,"distill_tree__360_10M.csv","results_experiment_1_distill_tree__360_10M.csv.csv","Regular","Singular",-0.5,-0.5,"set_fireman_lifeguard"
"Regular Plural","lifeguards","employer",26.9049999713898,14.4408931732178,"distill_tree__360_10M.csv","results_experiment_1_distill_tree__360_10M.csv.csv","Regular","Plural",-0.5,0.5,"set_fireman_lifeguard"
"Irregular Singular","fireman","crew",15.5811495780945,9.23679351806641,"distill_tree__360_10M.csv","results_experiment_1_distill_tree__360_10M.csv.csv","Irregular","Singular",0.5,-0.5,"set_fireman_lifeguard"
"Irregular Plural","firemen","crew",16.1771669387817,10.0132751464844,"distill_tree__360_10M.csv","results_experiment_1_distill_tree__360_10M.csv.csv","Irregular","Plural",0.5,0.5,"set_fireman_lifeguard"
"Regular Singular","lifeguard","crew",22.2020711898804,10.0990829467773,"distill_tree__360_10M.csv","results_experiment_1_distill_tree__360_10M.csv.csv","Regular","Singular",-0.5,-0.5,"set_fireman_lifeguard"
"Regular Plural","lifeguards","crew",26.9049999713898,11.9923610687256,"distill_tree__360_10M.csv","results_experiment_1_distill_tree__360_10M.csv.csv","Regular","Plural",-0.5,0.5,"set_fireman_lifeguard"
"Irregular Singular","fireman","patrol",15.5811495780945,11.3380396366119,"distill_tree__360_10M.csv","results_experiment_1_distill_tree__360_10M.csv.csv","Irregular","Singular",0.5,-0.5,"set_fireman_lifeguard"
"Irregular Plural","firemen","patrol",16.1771669387817,10.2727105617523,"distill_tree__360_10M.csv","results_experiment_1_distill_tree__360_10M.csv.csv","Irregular","Plural",0.5,0.5,"set_fireman_lifeguard"
"Regular Singular","lifeguard","patrol",22.2020711898804,10.6178598403931,"distill_tree__360_10M.csv","results_experiment_1_distill_tree__360_10M.csv.csv","Regular","Singular",-0.5,-0.5,"set_fireman_lifeguard"
"Regular Plural","lifeguards","patrol",26.9049999713898,11.7414345741272,"distill_tree__360_10M.csv","results_experiment_1_distill_tree__360_10M.csv.csv","Regular","Plural",-0.5,0.5,"set_fireman_lifeguard"
"Irregular Singular","goose","protector",16.9695529937744,13.9480752944946,"distill_tree__58_10M","results_experiment_1_distill_tree__58_10M.csv","Irregular","Singular",0.5,-0.5,"set_goose_swan"
"Irregular Plural","geese","protector",21.5427198410034,12.5894732475281,"distill_tree__58_10M","results_experiment_1_distill_tree__58_10M.csv","Irregular","Plural",0.5,0.5,"set_goose_swan"
"Regular Singular","swan","protector",17.7753739356995,15.9459056854248,"distill_tree__58_10M","results_experiment_1_distill_tree__58_10M.csv","Regular","Singular",-0.5,-0.5,"set_goose_swan"
"Regular Plural","swans","protector",19.3488416671753,17.5142087936401,"distill_tree__58_10M","results_experiment_1_distill_tree__58_10M.csv","Regular","Plural",-0.5,0.5,"set_goose_swan"
"Irregular Singular","goose","trader",16.9695529937744,14.0364801883698,"distill_tree__58_10M","results_experiment_1_distill_tree__58_10M.csv","Irregular","Singular",0.5,-0.5,"set_goose_swan"
"Irregular Plural","geese","trader",21.5427198410034,11.6032762527466,"distill_tree__58_10M","results_experiment_1_distill_tree__58_10M.csv","Irregular","Plural",0.5,0.5,"set_goose_swan"
"Regular Singular","swan","trader",17.7753739356995,13.6243336200714,"distill_tree__58_10M","results_experiment_1_distill_tree__58_10M.csv","Regular","Singular",-0.5,-0.5,"set_goose_swan"
"Regular Plural","swans","trader",19.3488416671753,14.8236486911774,"distill_tree__58_10M","results_experiment_1_distill_tree__58_10M.csv","Regular","Plural",-0.5,0.5,"set_goose_swan"
"Irregular Singular","goose","tracker",16.9695529937744,14.0917778015137,"distill_tree__58_10M","results_experiment_1_distill_tree__58_10M.csv","Irregular","Singular",0.5,-0.5,"set_goose_swan"
"Irregular Plural","geese","tracker",21.5427198410034,13.2632741928101,"distill_tree__58_10M","results_experiment_1_distill_tree__58_10M.csv","Irregular","Plural",0.5,0.5,"set_goose_swan"
"Regular Singular","swan","tracker",17.7753739356995,14.2186951637268,"distill_tree__58_10M","results_experiment_1_distill_tree__58_10M.csv","Regular","Singular",-0.5,-0.5,"set_goose_swan"
"Regular Plural","swans","tracker",19.3488416671753,15.1372156143188,"distill_tree__58_10M","results_experiment_1_distill_tree__58_10M.csv","Regular","Plural",-0.5,0.5,"set_goose_swan"
"Irregular Singular","goose","expert",16.9695510864258,12.4536571502686,"distill_tree__58_10M","results_experiment_1_distill_tree__58_10M.csv","Irregular","Singular",0.5,-0.5,"set_goose_swan"
"Irregular Plural","geese","expert",21.5427207946777,9.81552219390869,"distill_tree__58_10M","results_experiment_1_distill_tree__58_10M.csv","Irregular","Plural",0.5,0.5,"set_goose_swan"
"Regular Singular","swan","expert",17.7753777503967,12.2434997558594,"distill_tree__58_10M","results_experiment_1_distill_tree__58_10M.csv","Regular","Singular",-0.5,-0.5,"set_goose_swan"
"Regular Plural","swans","expert",19.3488392829895,12.7617149353027,"distill_tree__58_10M","results_experiment_1_distill_tree__58_10M.csv","Regular","Plural",-0.5,0.5,"set_goose_swan"
"Irregular Singular","ox","register",12.8995590209961,12.7572154998779,"distill_tree__58_10M","results_experiment_1_distill_tree__58_10M.csv","Irregular","Singular",0.5,-0.5,"set_ox_cow"
"Irregular Plural","oxen","register",17.2934980392456,13.1943979263306,"distill_tree__58_10M","results_experiment_1_distill_tree__58_10M.csv","Irregular","Plural",0.5,0.5,"set_ox_cow"
"Regular Singular","cow","register",13.5253505706787,13.0247917175293,"distill_tree__58_10M","results_experiment_1_distill_tree__58_10M.csv","Regular","Singular",-0.5,-0.5,"set_ox_cow"
"Regular Plural","cows","register",15.4672536849976,11.1809749603271,"distill_tree__58_10M","results_experiment_1_distill_tree__58_10M.csv","Regular","Plural",-0.5,0.5,"set_ox_cow"
"Irregular Singular","ox","trader",12.8995590209961,13.5267992019653,"distill_tree__58_10M","results_experiment_1_distill_tree__58_10M.csv","Irregular","Singular",0.5,-0.5,"set_ox_cow"
"Irregular Plural","oxen","trader",17.2934999465942,14.4910998344421,"distill_tree__58_10M","results_experiment_1_distill_tree__58_10M.csv","Irregular","Plural",0.5,0.5,"set_ox_cow"
"Regular Singular","cow","trader",13.5253486633301,12.5880398750305,"distill_tree__58_10M","results_experiment_1_distill_tree__58_10M.csv","Regular","Singular",-0.5,-0.5,"set_ox_cow"
"Regular Plural","cows","trader",15.4672555923462,14.6024169921875,"distill_tree__58_10M","results_experiment_1_distill_tree__58_10M.csv","Regular","Plural",-0.5,0.5,"set_ox_cow"
"Irregular Singular","ox","tracker",12.8995590209961,16.4327187538147,"distill_tree__58_10M","results_experiment_1_distill_tree__58_10M.csv","Irregular","Singular",0.5,-0.5,"set_ox_cow"
"Irregular Plural","oxen","tracker",17.2934999465942,15.4850807189941,"distill_tree__58_10M","results_experiment_1_distill_tree__58_10M.csv","Irregular","Plural",0.5,0.5,"set_ox_cow"
"Regular Singular","cow","tracker",13.5253486633301,14.8106698989868,"distill_tree__58_10M","results_experiment_1_distill_tree__58_10M.csv","Regular","Singular",-0.5,-0.5,"set_ox_cow"
"Regular Plural","cows","tracker",15.4672555923462,15.8814830780029,"distill_tree__58_10M","results_experiment_1_distill_tree__58_10M.csv","Regular","Plural",-0.5,0.5,"set_ox_cow"
"Irregular Singular","ox","finder",12.8995590209961,17.9140424728394,"distill_tree__58_10M","results_experiment_1_distill_tree__58_10M.csv","Irregular","Singular",0.5,-0.5,"set_ox_cow"
"Irregular Plural","oxen","finder",17.2934999465942,16.9485712051392,"distill_tree__58_10M","results_experiment_1_distill_tree__58_10M.csv","Irregular","Plural",0.5,0.5,"set_ox_cow"
"Regular Singular","cow","finder",13.5253486633301,16.6401653289795,"distill_tree__58_10M","results_experiment_1_distill_tree__58_10M.csv","Regular","Singular",-0.5,-0.5,"set_ox_cow"
"Regular Plural","cows","finder",15.4672555923462,18.4692831039429,"distill_tree__58_10M","results_experiment_1_distill_tree__58_10M.csv","Regular","Plural",-0.5,0.5,"set_ox_cow"
"Irregular Singular","louse","issue",19.2086925506592,11.2937440872192,"distill_tree__58_10M","results_experiment_1_distill_tree__58_10M.csv","Irregular","Singular",0.5,-0.5,"set_louse_flea"
"Irregular Plural","lice","issue",15.8267960548401,10.3802833557129,"distill_tree__58_10M","results_experiment_1_distill_tree__58_10M.csv","Irregular","Plural",0.5,0.5,"set_louse_flea"
"Regular Singular","flea","issue",22.8399057388306,10.5514059066772,"distill_tree__58_10M","results_experiment_1_distill_tree__58_10M.csv","Regular","Singular",-0.5,-0.5,"set_louse_flea"
"Regular Plural","fleas","issue",22.4204206466675,12.0111513137817,"distill_tree__58_10M","results_experiment_1_distill_tree__58_10M.csv","Regular","Plural",-0.5,0.5,"set_louse_flea"
"Irregular Singular","louse","trader",19.2086915969849,13.6206600666046,"distill_tree__58_10M","results_experiment_1_distill_tree__58_10M.csv","Irregular","Singular",0.5,-0.5,"set_louse_flea"
"Irregular Plural","lice","trader",15.8267955780029,13.441556930542,"distill_tree__58_10M","results_experiment_1_distill_tree__58_10M.csv","Irregular","Plural",0.5,0.5,"set_louse_flea"
"Regular Singular","flea","trader",22.8399057388306,12.5670595169067,"distill_tree__58_10M","results_experiment_1_distill_tree__58_10M.csv","Regular","Singular",-0.5,-0.5,"set_louse_flea"
"Regular Plural","fleas","trader",22.4204177856445,13.7165565490723,"distill_tree__58_10M","results_experiment_1_distill_tree__58_10M.csv","Regular","Plural",-0.5,0.5,"set_louse_flea"
"Irregular Singular","louse","tracker",19.2086915969849,15.4543323516846,"distill_tree__58_10M","results_experiment_1_distill_tree__58_10M.csv","Irregular","Singular",0.5,-0.5,"set_louse_flea"
"Irregular Plural","lice","tracker",15.8267955780029,14.5529932975769,"distill_tree__58_10M","results_experiment_1_distill_tree__58_10M.csv","Irregular","Plural",0.5,0.5,"set_louse_flea"
"Regular Singular","flea","tracker",22.8399057388306,13.224543094635,"distill_tree__58_10M","results_experiment_1_distill_tree__58_10M.csv","Regular","Singular",-0.5,-0.5,"set_louse_flea"
"Regular Plural","fleas","tracker",22.4204177856445,14.7950835227966,"distill_tree__58_10M","results_experiment_1_distill_tree__58_10M.csv","Regular","Plural",-0.5,0.5,"set_louse_flea"
"Irregular Singular","louse","expert",19.2086925506592,12.1330480575562,"distill_tree__58_10M","results_experiment_1_distill_tree__58_10M.csv","Irregular","Singular",0.5,-0.5,"set_louse_flea"
"Irregular Plural","lice","expert",15.8267960548401,11.1518211364746,"distill_tree__58_10M","results_experiment_1_distill_tree__58_10M.csv","Irregular","Plural",0.5,0.5,"set_louse_flea"
"Regular Singular","flea","expert",22.8399057388306,11.8701791763306,"distill_tree__58_10M","results_experiment_1_distill_tree__58_10M.csv","Regular","Singular",-0.5,-0.5,"set_louse_flea"
"Regular Plural","fleas","expert",22.4204206466675,12.5181140899658,"distill_tree__58_10M","results_experiment_1_distill_tree__58_10M.csv","Regular","Plural",-0.5,0.5,"set_louse_flea"
"Irregular Singular","mouse","issue",16.6654024124146,10.7055110931396,"distill_tree__58_10M","results_experiment_1_distill_tree__58_10M.csv","Irregular","Singular",0.5,-0.5,"set_mouse_rat"
"Irregular Plural","mice","issue",16.5571203231812,9.85369777679443,"distill_tree__58_10M","results_experiment_1_distill_tree__58_10M.csv","Irregular","Plural",0.5,0.5,"set_mouse_rat"
"Regular Singular","rat","issue",13.2099342346191,10.7369842529297,"distill_tree__58_10M","results_experiment_1_distill_tree__58_10M.csv","Regular","Singular",-0.5,-0.5,"set_mouse_rat"
"Regular Plural","rats","issue",14.2617340087891,11.586763381958,"distill_tree__58_10M","results_experiment_1_distill_tree__58_10M.csv","Regular","Plural",-0.5,0.5,"set_mouse_rat"
"Irregular Singular","mouse","trader",16.6654033660889,12.8726532459259,"distill_tree__58_10M","results_experiment_1_distill_tree__58_10M.csv","Irregular","Singular",0.5,-0.5,"set_mouse_rat"
"Irregular Plural","mice","trader",16.5571222305298,13.2517905235291,"distill_tree__58_10M","results_experiment_1_distill_tree__58_10M.csv","Irregular","Plural",0.5,0.5,"set_mouse_rat"
"Regular Singular","rat","trader",13.2099342346191,13.3571035861969,"distill_tree__58_10M","results_experiment_1_distill_tree__58_10M.csv","Regular","Singular",-0.5,-0.5,"set_mouse_rat"
"Regular Plural","rats","trader",14.2617335319519,13.6025586128235,"distill_tree__58_10M","results_experiment_1_distill_tree__58_10M.csv","Regular","Plural",-0.5,0.5,"set_mouse_rat"
"Irregular Singular","mouse","tracker",16.6654033660889,15.9369134902954,"distill_tree__58_10M","results_experiment_1_distill_tree__58_10M.csv","Irregular","Singular",0.5,-0.5,"set_mouse_rat"
"Irregular Plural","mice","tracker",16.5571222305298,15.1535391807556,"distill_tree__58_10M","results_experiment_1_distill_tree__58_10M.csv","Irregular","Plural",0.5,0.5,"set_mouse_rat"
"Regular Singular","rat","tracker",13.2099342346191,15.4497518539429,"distill_tree__58_10M","results_experiment_1_distill_tree__58_10M.csv","Regular","Singular",-0.5,-0.5,"set_mouse_rat"
"Regular Plural","rats","tracker",14.2617335319519,14.938775062561,"distill_tree__58_10M","results_experiment_1_distill_tree__58_10M.csv","Regular","Plural",-0.5,0.5,"set_mouse_rat"
"Irregular Singular","mouse","inspector",16.6654024124146,11.9021596908569,"distill_tree__58_10M","results_experiment_1_distill_tree__58_10M.csv","Irregular","Singular",0.5,-0.5,"set_mouse_rat"
"Irregular Plural","mice","inspector",16.5571203231812,11.1274080276489,"distill_tree__58_10M","results_experiment_1_distill_tree__58_10M.csv","Irregular","Plural",0.5,0.5,"set_mouse_rat"
"Regular Singular","rat","inspector",13.2099342346191,12.3264179229736,"distill_tree__58_10M","results_experiment_1_distill_tree__58_10M.csv","Regular","Singular",-0.5,-0.5,"set_mouse_rat"
"Regular Plural","rats","inspector",14.2617340087891,13.1983423233032,"distill_tree__58_10M","results_experiment_1_distill_tree__58_10M.csv","Regular","Plural",-0.5,0.5,"set_mouse_rat"
"Irregular Singular","foot","issue",13.8471813201904,11.4009685516357,"distill_tree__58_10M","results_experiment_1_distill_tree__58_10M.csv","Irregular","Singular",0.5,-0.5,"set_foot_leg"
"Irregular Plural","feet","issue",15.3503882884979,9.95102882385254,"distill_tree__58_10M","results_experiment_1_distill_tree__58_10M.csv","Irregular","Plural",0.5,0.5,"set_foot_leg"
"Regular Singular","leg","issue",15.3557500839233,11.1723546981812,"distill_tree__58_10M","results_experiment_1_distill_tree__58_10M.csv","Regular","Singular",-0.5,-0.5,"set_foot_leg"
"Regular Plural","legs","issue",17.0098123550415,11.9929456710815,"distill_tree__58_10M","results_experiment_1_distill_tree__58_10M.csv","Regular","Plural",-0.5,0.5,"set_foot_leg"
"Irregular Singular","foot","examination",13.8471813201904,11.5998964309692,"distill_tree__58_10M","results_experiment_1_distill_tree__58_10M.csv","Irregular","Singular",0.5,-0.5,"set_foot_leg"
"Irregular Plural","feet","examination",15.3503882884979,11.2340545654297,"distill_tree__58_10M","results_experiment_1_distill_tree__58_10M.csv","Irregular","Plural",0.5,0.5,"set_foot_leg"
"Regular Singular","leg","examination",15.3557500839233,11.513204574585,"distill_tree__58_10M","results_experiment_1_distill_tree__58_10M.csv","Regular","Singular",-0.5,-0.5,"set_foot_leg"
"Regular Plural","legs","examination",17.0098123550415,12.9112930297852,"distill_tree__58_10M","results_experiment_1_distill_tree__58_10M.csv","Regular","Plural",-0.5,0.5,"set_foot_leg"
"Irregular Singular","foot","expert",13.8471813201904,12.117603302002,"distill_tree__58_10M","results_experiment_1_distill_tree__58_10M.csv","Irregular","Singular",0.5,-0.5,"set_foot_leg"
"Irregular Plural","feet","expert",15.3503882884979,11.9417543411255,"distill_tree__58_10M","results_experiment_1_distill_tree__58_10M.csv","Irregular","Plural",0.5,0.5,"set_foot_leg"
"Regular Singular","leg","expert",15.3557500839233,11.7953081130981,"distill_tree__58_10M","results_experiment_1_distill_tree__58_10M.csv","Regular","Singular",-0.5,-0.5,"set_foot_leg"
"Regular Plural","legs","expert",17.0098123550415,12.798773765564,"distill_tree__58_10M","results_experiment_1_distill_tree__58_10M.csv","Regular","Plural",-0.5,0.5,"set_foot_leg"
"Irregular Singular","foot","inspector",13.8471813201904,11.094349861145,"distill_tree__58_10M","results_experiment_1_distill_tree__58_10M.csv","Irregular","Singular",0.5,-0.5,"set_foot_leg"
"Irregular Plural","feet","inspector",15.3503882884979,12.7089881896973,"distill_tree__58_10M","results_experiment_1_distill_tree__58_10M.csv","Irregular","Plural",0.5,0.5,"set_foot_leg"
"Regular Singular","leg","inspector",15.3557500839233,11.7078981399536,"distill_tree__58_10M","results_experiment_1_distill_tree__58_10M.csv","Regular","Singular",-0.5,-0.5,"set_foot_leg"
"Regular Plural","legs","inspector",17.0098123550415,13.3927946090698,"distill_tree__58_10M","results_experiment_1_distill_tree__58_10M.csv","Regular","Plural",-0.5,0.5,"set_foot_leg"
"Irregular Singular","tooth","issue",15.9945139884949,11.1314649581909,"distill_tree__58_10M","results_experiment_1_distill_tree__58_10M.csv","Irregular","Singular",0.5,-0.5,"set_tooth_bone"
"Irregular Plural","teeth","issue",19.229437828064,11.9541301727295,"distill_tree__58_10M","results_experiment_1_distill_tree__58_10M.csv","Irregular","Plural",0.5,0.5,"set_tooth_bone"
"Regular Singular","bone","issue",11.8335762023926,10.2282781600952,"distill_tree__58_10M","results_experiment_1_distill_tree__58_10M.csv","Regular","Singular",-0.5,-0.5,"set_tooth_bone"
"Regular Plural","bones","issue",14.4210772514343,11.9641885757446,"distill_tree__58_10M","results_experiment_1_distill_tree__58_10M.csv","Regular","Plural",-0.5,0.5,"set_tooth_bone"
"Irregular Singular","tooth","examination",15.9945139884949,13.0413703918457,"distill_tree__58_10M","results_experiment_1_distill_tree__58_10M.csv","Irregular","Singular",0.5,-0.5,"set_tooth_bone"
"Irregular Plural","teeth","examination",19.229437828064,12.9809646606445,"distill_tree__58_10M","results_experiment_1_distill_tree__58_10M.csv","Irregular","Plural",0.5,0.5,"set_tooth_bone"
"Regular Singular","bone","examination",11.8335762023926,11.0542402267456,"distill_tree__58_10M","results_experiment_1_distill_tree__58_10M.csv","Regular","Singular",-0.5,-0.5,"set_tooth_bone"
"Regular Plural","bones","examination",14.4210772514343,13.2404384613037,"distill_tree__58_10M","results_experiment_1_distill_tree__58_10M.csv","Regular","Plural",-0.5,0.5,"set_tooth_bone"
"Irregular Singular","tooth","expert",15.9945139884949,12.5250844955444,"distill_tree__58_10M","results_experiment_1_distill_tree__58_10M.csv","Irregular","Singular",0.5,-0.5,"set_tooth_bone"
"Irregular Plural","teeth","expert",19.229437828064,12.8533267974854,"distill_tree__58_10M","results_experiment_1_distill_tree__58_10M.csv","Irregular","Plural",0.5,0.5,"set_tooth_bone"
"Regular Singular","bone","expert",11.8335762023926,11.2475137710571,"distill_tree__58_10M","results_experiment_1_distill_tree__58_10M.csv","Regular","Singular",-0.5,-0.5,"set_tooth_bone"
"Regular Plural","bones","expert",14.4210772514343,12.4329118728638,"distill_tree__58_10M","results_experiment_1_distill_tree__58_10M.csv","Regular","Plural",-0.5,0.5,"set_tooth_bone"
"Irregular Singular","tooth","protector",15.994514465332,15.1702432632446,"distill_tree__58_10M","results_experiment_1_distill_tree__58_10M.csv","Irregular","Singular",0.5,-0.5,"set_tooth_bone"
"Irregular Plural","teeth","protector",19.2294359207153,13.6921501159668,"distill_tree__58_10M","results_experiment_1_distill_tree__58_10M.csv","Irregular","Plural",0.5,0.5,"set_tooth_bone"
"Regular Singular","bone","protector",11.8335762023926,13.9877648353577,"distill_tree__58_10M","results_experiment_1_distill_tree__58_10M.csv","Regular","Singular",-0.5,-0.5,"set_tooth_bone"
"Regular Plural","bones","protector",14.4210729598999,16.3818697929382,"distill_tree__58_10M","results_experiment_1_distill_tree__58_10M.csv","Regular","Plural",-0.5,0.5,"set_tooth_bone"
"Irregular Singular","child","patrol",13.7080411911011,11.484169960022,"distill_tree__58_10M","results_experiment_1_distill_tree__58_10M.csv","Irregular","Singular",0.5,-0.5,"set_child_adult"
"Irregular Plural","children","patrol",15.1641893386841,12.3253855705261,"distill_tree__58_10M","results_experiment_1_distill_tree__58_10M.csv","Irregular","Plural",0.5,0.5,"set_child_adult"
"Regular Singular","adult","patrol",19.2178993225098,11.7167174816132,"distill_tree__58_10M","results_experiment_1_distill_tree__58_10M.csv","Regular","Singular",-0.5,-0.5,"set_child_adult"
"Regular Plural","adults","patrol",20.0369513034821,11.8218441009521,"distill_tree__58_10M","results_experiment_1_distill_tree__58_10M.csv","Regular","Plural",-0.5,0.5,"set_child_adult"
"Irregular Singular","child","register",13.7080411911011,14.7789621353149,"distill_tree__58_10M","results_experiment_1_distill_tree__58_10M.csv","Irregular","Singular",0.5,-0.5,"set_child_adult"
"Irregular Plural","children","register",15.1641893386841,11.8990316390991,"distill_tree__58_10M","results_experiment_1_distill_tree__58_10M.csv","Irregular","Plural",0.5,0.5,"set_child_adult"
"Regular Singular","adult","register",19.2179002761841,12.9488716125488,"distill_tree__58_10M","results_experiment_1_distill_tree__58_10M.csv","Regular","Singular",-0.5,-0.5,"set_child_adult"
"Regular Plural","adults","register",20.0369513034821,12.1219301223755,"distill_tree__58_10M","results_experiment_1_distill_tree__58_10M.csv","Regular","Plural",-0.5,0.5,"set_child_adult"
"Irregular Singular","child","institute",13.7080411911011,15.8518953323364,"distill_tree__58_10M","results_experiment_1_distill_tree__58_10M.csv","Irregular","Singular",0.5,-0.5,"set_child_adult"
"Irregular Plural","children","institute",15.1641893386841,14.2006306648254,"distill_tree__58_10M","results_experiment_1_distill_tree__58_10M.csv","Irregular","Plural",0.5,0.5,"set_child_adult"
"Regular Singular","adult","institute",19.2178993225098,15.3381433486938,"distill_tree__58_10M","results_experiment_1_distill_tree__58_10M.csv","Regular","Singular",-0.5,-0.5,"set_child_adult"
"Regular Plural","adults","institute",20.0369513034821,15.1113846302032,"distill_tree__58_10M","results_experiment_1_distill_tree__58_10M.csv","Regular","Plural",-0.5,0.5,"set_child_adult"
"Irregular Singular","child","crew",13.7080411911011,12.8893737792969,"distill_tree__58_10M","results_experiment_1_distill_tree__58_10M.csv","Irregular","Singular",0.5,-0.5,"set_child_adult"
"Irregular Plural","children","crew",15.1641893386841,12.5372629165649,"distill_tree__58_10M","results_experiment_1_distill_tree__58_10M.csv","Irregular","Plural",0.5,0.5,"set_child_adult"
"Regular Singular","adult","crew",19.2179002761841,10.0244789123535,"distill_tree__58_10M","results_experiment_1_distill_tree__58_10M.csv","Regular","Singular",-0.5,-0.5,"set_child_adult"
"Regular Plural","adults","crew",20.0369513034821,11.4222269058228,"distill_tree__58_10M","results_experiment_1_distill_tree__58_10M.csv","Regular","Plural",-0.5,0.5,"set_child_adult"
"Irregular Singular","woman","protector",12.10866355896,15.1955399513245,"distill_tree__58_10M","results_experiment_1_distill_tree__58_10M.csv","Irregular","Singular",0.5,-0.5,"set_woman_girl"
"Irregular Plural","women","protector",14.2072086334229,16.6519241333008,"distill_tree__58_10M","results_experiment_1_distill_tree__58_10M.csv","Irregular","Plural",0.5,0.5,"set_woman_girl"
"Regular Singular","girl","protector",12.6208534240723,14.542426109314,"distill_tree__58_10M","results_experiment_1_distill_tree__58_10M.csv","Regular","Singular",-0.5,-0.5,"set_woman_girl"
"Regular Plural","girls","protector",14.4333131313324,16.3572883605957,"distill_tree__58_10M","results_experiment_1_distill_tree__58_10M.csv","Regular","Plural",-0.5,0.5,"set_woman_girl"
"Irregular Singular","woman","register",12.10866355896,13.6744518280029,"distill_tree__58_10M","results_experiment_1_distill_tree__58_10M.csv","Irregular","Singular",0.5,-0.5,"set_woman_girl"
"Irregular Plural","women","register",14.2072081565857,13.2566566467285,"distill_tree__58_10M","results_experiment_1_distill_tree__58_10M.csv","Irregular","Plural",0.5,0.5,"set_woman_girl"
"Regular Singular","girl","register",12.6208515167236,12.5959606170654,"distill_tree__58_10M","results_experiment_1_distill_tree__58_10M.csv","Regular","Singular",-0.5,-0.5,"set_woman_girl"
"Regular Plural","girls","register",14.4333148002625,11.929557800293,"distill_tree__58_10M","results_experiment_1_distill_tree__58_10M.csv","Regular","Plural",-0.5,0.5,"set_woman_girl"
"Irregular Singular","woman","hangout",12.10866355896,16.3993239402771,"distill_tree__58_10M","results_experiment_1_distill_tree__58_10M.csv","Irregular","Singular",0.5,-0.5,"set_woman_girl"
"Irregular Plural","women","hangout",14.2072086334229,16.0416193008423,"distill_tree__58_10M","results_experiment_1_distill_tree__58_10M.csv","Irregular","Plural",0.5,0.5,"set_woman_girl"
"Regular Singular","girl","hangout",12.6208534240723,15.9829978942871,"distill_tree__58_10M","results_experiment_1_distill_tree__58_10M.csv","Regular","Singular",-0.5,-0.5,"set_woman_girl"
"Regular Plural","girls","hangout",14.4333131313324,15.0280208587646,"distill_tree__58_10M","results_experiment_1_distill_tree__58_10M.csv","Regular","Plural",-0.5,0.5,"set_woman_girl"
"Irregular Singular","woman","crew",12.10866355896,11.5186958312988,"distill_tree__58_10M","results_experiment_1_distill_tree__58_10M.csv","Irregular","Singular",0.5,-0.5,"set_woman_girl"
"Irregular Plural","women","crew",14.2072081565857,12.4765005111694,"distill_tree__58_10M","results_experiment_1_distill_tree__58_10M.csv","Irregular","Plural",0.5,0.5,"set_woman_girl"
"Regular Singular","girl","crew",12.6208515167236,10.4652252197266,"distill_tree__58_10M","results_experiment_1_distill_tree__58_10M.csv","Regular","Singular",-0.5,-0.5,"set_woman_girl"
"Regular Plural","girls","crew",14.4333148002625,11.5026588439941,"distill_tree__58_10M","results_experiment_1_distill_tree__58_10M.csv","Regular","Plural",-0.5,0.5,"set_woman_girl"
"Irregular Singular","man","institute",8.77267837524414,16.0454595088959,"distill_tree__58_10M","results_experiment_1_distill_tree__58_10M.csv","Irregular","Singular",0.5,-0.5,"set_man_boy"
"Irregular Plural","men","institute",11.0068674087524,14.2562353610992,"distill_tree__58_10M","results_experiment_1_distill_tree__58_10M.csv","Irregular","Plural",0.5,0.5,"set_man_boy"
"Regular Singular","boy","institute",12.2175989151001,15.7986290454865,"distill_tree__58_10M","results_experiment_1_distill_tree__58_10M.csv","Regular","Singular",-0.5,-0.5,"set_man_boy"
"Regular Plural","boys","institute",12.1324625015259,14.2811222076416,"distill_tree__58_10M","results_experiment_1_distill_tree__58_10M.csv","Regular","Plural",-0.5,0.5,"set_man_boy"
"Irregular Singular","man","register",8.77267837524414,13.2700033187866,"distill_tree__58_10M","results_experiment_1_distill_tree__58_10M.csv","Irregular","Singular",0.5,-0.5,"set_man_boy"
"Irregular Plural","men","register",11.0068664550781,11.5304355621338,"distill_tree__58_10M","results_experiment_1_distill_tree__58_10M.csv","Irregular","Plural",0.5,0.5,"set_man_boy"
"Regular Singular","boy","register",12.2175989151001,13.0948295593262,"distill_tree__58_10M","results_experiment_1_distill_tree__58_10M.csv","Regular","Singular",-0.5,-0.5,"set_man_boy"
"Regular Plural","boys","register",12.1324615478516,11.2299871444702,"distill_tree__58_10M","results_experiment_1_distill_tree__58_10M.csv","Regular","Plural",-0.5,0.5,"set_man_boy"
"Irregular Singular","man","finder",8.77267837524414,17.4999494552612,"distill_tree__58_10M","results_experiment_1_distill_tree__58_10M.csv","Irregular","Singular",0.5,-0.5,"set_man_boy"
"Irregular Plural","men","finder",11.0068674087524,17.6618137359619,"distill_tree__58_10M","results_experiment_1_distill_tree__58_10M.csv","Irregular","Plural",0.5,0.5,"set_man_boy"
"Regular Singular","boy","finder",12.2175989151001,16.5798149108887,"distill_tree__58_10M","results_experiment_1_distill_tree__58_10M.csv","Regular","Singular",-0.5,-0.5,"set_man_boy"
"Regular Plural","boys","finder",12.1324625015259,17.9843873977661,"distill_tree__58_10M","results_experiment_1_distill_tree__58_10M.csv","Regular","Plural",-0.5,0.5,"set_man_boy"
"Irregular Singular","man","hangout",8.77267837524414,15.801296710968,"distill_tree__58_10M","results_experiment_1_distill_tree__58_10M.csv","Irregular","Singular",0.5,-0.5,"set_man_boy"
"Irregular Plural","men","hangout",11.0068674087524,16.2654581069946,"distill_tree__58_10M","results_experiment_1_distill_tree__58_10M.csv","Irregular","Plural",0.5,0.5,"set_man_boy"
"Regular Singular","boy","hangout",12.2175989151001,15.2343463897705,"distill_tree__58_10M","results_experiment_1_distill_tree__58_10M.csv","Regular","Singular",-0.5,-0.5,"set_man_boy"
"Regular Plural","boys","hangout",12.1324625015259,14.8164076805115,"distill_tree__58_10M","results_experiment_1_distill_tree__58_10M.csv","Regular","Plural",-0.5,0.5,"set_man_boy"
"Irregular Singular","salesman","institute",25.7478604316711,15.3074836730957,"distill_tree__58_10M","results_experiment_1_distill_tree__58_10M.csv","Irregular","Singular",0.5,-0.5,"set_salesman_retailer"
"Irregular Plural","salesmen","institute",26.7597546577454,14.4760558605194,"distill_tree__58_10M","results_experiment_1_distill_tree__58_10M.csv","Irregular","Plural",0.5,0.5,"set_salesman_retailer"
"Regular Singular","retailer","institute",26.968966960907,15.4712510108948,"distill_tree__58_10M","results_experiment_1_distill_tree__58_10M.csv","Regular","Singular",-0.5,-0.5,"set_salesman_retailer"
"Regular Plural","retailers","institute",26.7934556007385,14.6850707530975,"distill_tree__58_10M","results_experiment_1_distill_tree__58_10M.csv","Regular","Plural",-0.5,0.5,"set_salesman_retailer"
"Irregular Singular","salesman","inspector",25.7478604316711,11.0351409912109,"distill_tree__58_10M","results_experiment_1_distill_tree__58_10M.csv","Irregular","Singular",0.5,-0.5,"set_salesman_retailer"
"Irregular Plural","salesmen","inspector",26.7597546577454,13.0867519378662,"distill_tree__58_10M","results_experiment_1_distill_tree__58_10M.csv","Irregular","Plural",0.5,0.5,"set_salesman_retailer"
"Regular Singular","retailer","inspector",26.968966960907,11.8726511001587,"distill_tree__58_10M","results_experiment_1_distill_tree__58_10M.csv","Regular","Singular",-0.5,-0.5,"set_salesman_retailer"
"Regular Plural","retailers","inspector",26.7934556007385,13.7668933868408,"distill_tree__58_10M","results_experiment_1_distill_tree__58_10M.csv","Regular","Plural",-0.5,0.5,"set_salesman_retailer"
"Irregular Singular","salesman","protector",25.7478604316711,16.6334290504456,"distill_tree__58_10M","results_experiment_1_distill_tree__58_10M.csv","Irregular","Singular",0.5,-0.5,"set_salesman_retailer"
"Irregular Plural","salesmen","protector",26.7597546577454,17.0476117134094,"distill_tree__58_10M","results_experiment_1_distill_tree__58_10M.csv","Irregular","Plural",0.5,0.5,"set_salesman_retailer"
"Regular Singular","retailer","protector",26.968966960907,12.9147562980652,"distill_tree__58_10M","results_experiment_1_distill_tree__58_10M.csv","Regular","Singular",-0.5,-0.5,"set_salesman_retailer"
"Regular Plural","retailers","protector",26.7934556007385,15.9739675521851,"distill_tree__58_10M","results_experiment_1_distill_tree__58_10M.csv","Regular","Plural",-0.5,0.5,"set_salesman_retailer"
"Irregular Singular","salesman","employer",25.7478604316711,12.4398488998413,"distill_tree__58_10M","results_experiment_1_distill_tree__58_10M.csv","Irregular","Singular",0.5,-0.5,"set_salesman_retailer"
"Irregular Plural","salesmen","employer",26.7597546577454,15.1941494941711,"distill_tree__58_10M","results_experiment_1_distill_tree__58_10M.csv","Irregular","Plural",0.5,0.5,"set_salesman_retailer"
"Regular Singular","retailer","employer",26.968966960907,12.5590567588806,"distill_tree__58_10M","results_experiment_1_distill_tree__58_10M.csv","Regular","Singular",-0.5,-0.5,"set_salesman_retailer"
"Regular Plural","retailers","employer",26.7934556007385,14.7529091835022,"distill_tree__58_10M","results_experiment_1_distill_tree__58_10M.csv","Regular","Plural",-0.5,0.5,"set_salesman_retailer"
"Irregular Singular","nobleman","patrol",21.9043793678284,12.4423024654388,"distill_tree__58_10M","results_experiment_1_distill_tree__58_10M.csv","Irregular","Singular",0.5,-0.5,"set_nobleman_aristocrat"
"Irregular Plural","noblemen","patrol",23.4231486320496,11.1611757278442,"distill_tree__58_10M","results_experiment_1_distill_tree__58_10M.csv","Irregular","Plural",0.5,0.5,"set_nobleman_aristocrat"
"Regular Singular","aristocrat","patrol",27.3752689361572,11.3767786026001,"distill_tree__58_10M","results_experiment_1_distill_tree__58_10M.csv","Regular","Singular",-0.5,-0.5,"set_nobleman_aristocrat"
"Regular Plural","aristocrats","patrol",24.6787910461426,11.6233260631561,"distill_tree__58_10M","results_experiment_1_distill_tree__58_10M.csv","Regular","Plural",-0.5,0.5,"set_nobleman_aristocrat"
"Irregular Singular","nobleman","hangout",21.9043793678284,15.5228033065796,"distill_tree__58_10M","results_experiment_1_distill_tree__58_10M.csv","Irregular","Singular",0.5,-0.5,"set_nobleman_aristocrat"
"Irregular Plural","noblemen","hangout",23.4231486320496,16.0268497467041,"distill_tree__58_10M","results_experiment_1_distill_tree__58_10M.csv","Irregular","Plural",0.5,0.5,"set_nobleman_aristocrat"
"Regular Singular","aristocrat","hangout",27.3752689361572,15.7490091323853,"distill_tree__58_10M","results_experiment_1_distill_tree__58_10M.csv","Regular","Singular",-0.5,-0.5,"set_nobleman_aristocrat"
"Regular Plural","aristocrats","hangout",24.6787910461426,16.4954385757446,"distill_tree__58_10M","results_experiment_1_distill_tree__58_10M.csv","Regular","Plural",-0.5,0.5,"set_nobleman_aristocrat"
"Irregular Singular","nobleman","institute",21.9043793678284,15.5369894504547,"distill_tree__58_10M","results_experiment_1_distill_tree__58_10M.csv","Irregular","Singular",0.5,-0.5,"set_nobleman_aristocrat"
"Irregular Plural","noblemen","institute",23.4231486320496,13.8904685974121,"distill_tree__58_10M","results_experiment_1_distill_tree__58_10M.csv","Irregular","Plural",0.5,0.5,"set_nobleman_aristocrat"
"Regular Singular","aristocrat","institute",27.3752689361572,15.6065692901611,"distill_tree__58_10M","results_experiment_1_distill_tree__58_10M.csv","Regular","Singular",-0.5,-0.5,"set_nobleman_aristocrat"
"Regular Plural","aristocrats","institute",24.6787910461426,13.3852820396423,"distill_tree__58_10M","results_experiment_1_distill_tree__58_10M.csv","Regular","Plural",-0.5,0.5,"set_nobleman_aristocrat"
"Irregular Singular","nobleman","crew",21.9043793678284,11.0983333587646,"distill_tree__58_10M","results_experiment_1_distill_tree__58_10M.csv","Irregular","Singular",0.5,-0.5,"set_nobleman_aristocrat"
"Irregular Plural","noblemen","crew",23.4231486320496,11.4571590423584,"distill_tree__58_10M","results_experiment_1_distill_tree__58_10M.csv","Irregular","Plural",0.5,0.5,"set_nobleman_aristocrat"
"Regular Singular","aristocrat","crew",27.3752689361572,11.932032585144,"distill_tree__58_10M","results_experiment_1_distill_tree__58_10M.csv","Regular","Singular",-0.5,-0.5,"set_nobleman_aristocrat"
"Regular Plural","aristocrats","crew",24.6787910461426,12.4743366241455,"distill_tree__58_10M","results_experiment_1_distill_tree__58_10M.csv","Regular","Plural",-0.5,0.5,"set_nobleman_aristocrat"
"Irregular Singular","boatman","patrol",19.649760723114,12.092889547348,"distill_tree__58_10M","results_experiment_1_distill_tree__58_10M.csv","Irregular","Singular",0.5,-0.5,"set_boatman_shipmate"
"Irregular Plural","boatmen","patrol",19.5792260169983,11.0287868976593,"distill_tree__58_10M","results_experiment_1_distill_tree__58_10M.csv","Irregular","Plural",0.5,0.5,"set_boatman_shipmate"
"Regular Singular","shipmate","patrol",23.1254262924194,11.5606737136841,"distill_tree__58_10M","results_experiment_1_distill_tree__58_10M.csv","Regular","Singular",-0.5,-0.5,"set_boatman_shipmate"
"Regular Plural","shipmates","patrol",25.0959892272949,11.3904082775116,"distill_tree__58_10M","results_experiment_1_distill_tree__58_10M.csv","Regular","Plural",-0.5,0.5,"set_boatman_shipmate"
"Irregular Singular","boatman","finder",19.649760723114,17.6084127426147,"distill_tree__58_10M","results_experiment_1_distill_tree__58_10M.csv","Irregular","Singular",0.5,-0.5,"set_boatman_shipmate"
"Irregular Plural","boatmen","finder",19.5792260169983,17.7240471839905,"distill_tree__58_10M","results_experiment_1_distill_tree__58_10M.csv","Irregular","Plural",0.5,0.5,"set_boatman_shipmate"
"Regular Singular","shipmate","finder",23.1254262924194,17.7994031906128,"distill_tree__58_10M","results_experiment_1_distill_tree__58_10M.csv","Regular","Singular",-0.5,-0.5,"set_boatman_shipmate"
"Regular Plural","shipmates","finder",25.0959892272949,18.3567085266113,"distill_tree__58_10M","results_experiment_1_distill_tree__58_10M.csv","Regular","Plural",-0.5,0.5,"set_boatman_shipmate"
"Irregular Singular","boatman","inspector",19.6497583389282,10.5775556564331,"distill_tree__58_10M","results_experiment_1_distill_tree__58_10M.csv","Irregular","Singular",0.5,-0.5,"set_boatman_shipmate"
"Irregular Plural","boatmen","inspector",19.5792231559753,13.0395374298096,"distill_tree__58_10M","results_experiment_1_distill_tree__58_10M.csv","Irregular","Plural",0.5,0.5,"set_boatman_shipmate"
"Regular Singular","shipmate","inspector",23.1254262924194,10.5539541244507,"distill_tree__58_10M","results_experiment_1_distill_tree__58_10M.csv","Regular","Singular",-0.5,-0.5,"set_boatman_shipmate"
"Regular Plural","shipmates","inspector",25.0959901809692,12.828010559082,"distill_tree__58_10M","results_experiment_1_distill_tree__58_10M.csv","Regular","Plural",-0.5,0.5,"set_boatman_shipmate"
"Irregular Singular","boatman","employer",19.649760723114,12.8280084133148,"distill_tree__58_10M","results_experiment_1_distill_tree__58_10M.csv","Irregular","Singular",0.5,-0.5,"set_boatman_shipmate"
"Irregular Plural","boatmen","employer",19.5792260169983,14.8998510837555,"distill_tree__58_10M","results_experiment_1_distill_tree__58_10M.csv","Irregular","Plural",0.5,0.5,"set_boatman_shipmate"
"Regular Singular","shipmate","employer",23.1254262924194,12.1823148727417,"distill_tree__58_10M","results_experiment_1_distill_tree__58_10M.csv","Regular","Singular",-0.5,-0.5,"set_boatman_shipmate"
"Regular Plural","shipmates","employer",25.0959892272949,14.3322327136993,"distill_tree__58_10M","results_experiment_1_distill_tree__58_10M.csv","Regular","Plural",-0.5,0.5,"set_boatman_shipmate"
"Irregular Singular","craftsman","employer",25.8641471862793,12.324200630188,"distill_tree__58_10M","results_experiment_1_distill_tree__58_10M.csv","Irregular","Singular",0.5,-0.5,"set_craftsman_labourer"
"Irregular Plural","craftsmen","employer",26.7543926239014,15.3285894393921,"distill_tree__58_10M","results_experiment_1_distill_tree__58_10M.csv","Irregular","Plural",0.5,0.5,"set_craftsman_labourer"
"Regular Singular","labourer","employer",29.1903400421143,12.6039134263992,"distill_tree__58_10M","results_experiment_1_distill_tree__58_10M.csv","Regular","Singular",-0.5,-0.5,"set_craftsman_labourer"
"Regular Plural","labourers","employer",31.4531946182251,16.2092256546021,"distill_tree__58_10M","results_experiment_1_distill_tree__58_10M.csv","Regular","Plural",-0.5,0.5,"set_craftsman_labourer"
"Irregular Singular","craftsman","examination",25.8641471862793,12.7733716964722,"distill_tree__58_10M","results_experiment_1_distill_tree__58_10M.csv","Irregular","Singular",0.5,-0.5,"set_craftsman_labourer"
"Irregular Plural","craftsmen","examination",26.7543926239014,13.8875846862793,"distill_tree__58_10M","results_experiment_1_distill_tree__58_10M.csv","Irregular","Plural",0.5,0.5,"set_craftsman_labourer"
"Regular Singular","labourer","examination",29.1903400421143,12.7424831390381,"distill_tree__58_10M","results_experiment_1_distill_tree__58_10M.csv","Regular","Singular",-0.5,-0.5,"set_craftsman_labourer"
"Regular Plural","labourers","examination",31.4531946182251,13.2407665252686,"distill_tree__58_10M","results_experiment_1_distill_tree__58_10M.csv","Regular","Plural",-0.5,0.5,"set_craftsman_labourer"
"Irregular Singular","craftsman","hangout",25.8641471862793,14.5948734283447,"distill_tree__58_10M","results_experiment_1_distill_tree__58_10M.csv","Irregular","Singular",0.5,-0.5,"set_craftsman_labourer"
"Irregular Plural","craftsmen","hangout",26.7543926239014,15.9637684822083,"distill_tree__58_10M","results_experiment_1_distill_tree__58_10M.csv","Irregular","Plural",0.5,0.5,"set_craftsman_labourer"
"Regular Singular","labourer","hangout",29.1903400421143,15.9563221931458,"distill_tree__58_10M","results_experiment_1_distill_tree__58_10M.csv","Regular","Singular",-0.5,-0.5,"set_craftsman_labourer"
"Regular Plural","labourers","hangout",31.4531946182251,16.0807075500488,"distill_tree__58_10M","results_experiment_1_distill_tree__58_10M.csv","Regular","Plural",-0.5,0.5,"set_craftsman_labourer"
"Irregular Singular","craftsman","finder",25.8641471862793,17.9068460464478,"distill_tree__58_10M","results_experiment_1_distill_tree__58_10M.csv","Irregular","Singular",0.5,-0.5,"set_craftsman_labourer"
"Irregular Plural","craftsmen","finder",26.7543926239014,17.9456062316895,"distill_tree__58_10M","results_experiment_1_distill_tree__58_10M.csv","Irregular","Plural",0.5,0.5,"set_craftsman_labourer"
"Regular Singular","labourer","finder",29.1903400421143,16.687689781189,"distill_tree__58_10M","results_experiment_1_distill_tree__58_10M.csv","Regular","Singular",-0.5,-0.5,"set_craftsman_labourer"
"Regular Plural","labourers","finder",31.4531946182251,18.9121246337891,"distill_tree__58_10M","results_experiment_1_distill_tree__58_10M.csv","Regular","Plural",-0.5,0.5,"set_craftsman_labourer"
"Irregular Singular","fireman","examination",15.8192248344421,13.1869173049927,"distill_tree__58_10M","results_experiment_1_distill_tree__58_10M.csv","Irregular","Singular",0.5,-0.5,"set_fireman_lifeguard"
"Irregular Plural","firemen","examination",16.3959684371948,13.6248235702515,"distill_tree__58_10M","results_experiment_1_distill_tree__58_10M.csv","Irregular","Plural",0.5,0.5,"set_fireman_lifeguard"
"Regular Singular","lifeguard","examination",23.5942878723145,10.991304397583,"distill_tree__58_10M","results_experiment_1_distill_tree__58_10M.csv","Regular","Singular",-0.5,-0.5,"set_fireman_lifeguard"
"Regular Plural","lifeguards","examination",27.7269291877747,12.598108291626,"distill_tree__58_10M","results_experiment_1_distill_tree__58_10M.csv","Regular","Plural",-0.5,0.5,"set_fireman_lifeguard"
"Irregular Singular","fireman","employer",15.8192229270935,11.9678971767426,"distill_tree__58_10M","results_experiment_1_distill_tree__58_10M.csv","Irregular","Singular",0.5,-0.5,"set_fireman_lifeguard"
"Irregular Plural","firemen","employer",16.3959665298462,14.5522553920746,"distill_tree__58_10M","results_experiment_1_distill_tree__58_10M.csv","Irregular","Plural",0.5,0.5,"set_fireman_lifeguard"
"Regular Singular","lifeguard","employer",23.5942850112915,13.0809960365295,"distill_tree__58_10M","results_experiment_1_distill_tree__58_10M.csv","Regular","Singular",-0.5,-0.5,"set_fireman_lifeguard"
"Regular Plural","lifeguards","employer",27.7269291877747,14.7305343151093,"distill_tree__58_10M","results_experiment_1_distill_tree__58_10M.csv","Regular","Plural",-0.5,0.5,"set_fireman_lifeguard"
"Irregular Singular","fireman","crew",15.8192248344421,9.56245613098145,"distill_tree__58_10M","results_experiment_1_distill_tree__58_10M.csv","Irregular","Singular",0.5,-0.5,"set_fireman_lifeguard"
"Irregular Plural","firemen","crew",16.3959684371948,10.3174962997437,"distill_tree__58_10M","results_experiment_1_distill_tree__58_10M.csv","Irregular","Plural",0.5,0.5,"set_fireman_lifeguard"
"Regular Singular","lifeguard","crew",23.5942878723145,10.3349227905273,"distill_tree__58_10M","results_experiment_1_distill_tree__58_10M.csv","Regular","Singular",-0.5,-0.5,"set_fireman_lifeguard"
"Regular Plural","lifeguards","crew",27.7269291877747,12.1126117706299,"distill_tree__58_10M","results_experiment_1_distill_tree__58_10M.csv","Regular","Plural",-0.5,0.5,"set_fireman_lifeguard"
"Irregular Singular","fireman","patrol",15.8192229270935,11.7367844581604,"distill_tree__58_10M","results_experiment_1_distill_tree__58_10M.csv","Irregular","Singular",0.5,-0.5,"set_fireman_lifeguard"
"Irregular Plural","firemen","patrol",16.3959665298462,10.4162139892578,"distill_tree__58_10M","results_experiment_1_distill_tree__58_10M.csv","Irregular","Plural",0.5,0.5,"set_fireman_lifeguard"
"Regular Singular","lifeguard","patrol",23.5942850112915,11.3055717945099,"distill_tree__58_10M","results_experiment_1_distill_tree__58_10M.csv","Regular","Singular",-0.5,-0.5,"set_fireman_lifeguard"
"Regular Plural","lifeguards","patrol",27.7269291877747,11.8169069290161,"distill_tree__58_10M","results_experiment_1_distill_tree__58_10M.csv","Regular","Plural",-0.5,0.5,"set_fireman_lifeguard"
"Irregular Singular","goose","protector",17.3654165267944,14.1602244377136,"distill_tree__95_10M","results_experiment_1_distill_tree__95_10M.csv","Irregular","Singular",0.5,-0.5,"set_goose_swan"
"Irregular Plural","geese","protector",21.2460556030273,13.5919389724731,"distill_tree__95_10M","results_experiment_1_distill_tree__95_10M.csv","Irregular","Plural",0.5,0.5,"set_goose_swan"
"Regular Singular","swan","protector",16.6326184272766,15.8869123458862,"distill_tree__95_10M","results_experiment_1_distill_tree__95_10M.csv","Regular","Singular",-0.5,-0.5,"set_goose_swan"
"Regular Plural","swans","protector",17.0097494125366,17.7604398727417,"distill_tree__95_10M","results_experiment_1_distill_tree__95_10M.csv","Regular","Plural",-0.5,0.5,"set_goose_swan"
"Irregular Singular","goose","trader",17.3654165267944,13.7704532146454,"distill_tree__95_10M","results_experiment_1_distill_tree__95_10M.csv","Irregular","Singular",0.5,-0.5,"set_goose_swan"
"Irregular Plural","geese","trader",21.2460556030273,12.5431215763092,"distill_tree__95_10M","results_experiment_1_distill_tree__95_10M.csv","Irregular","Plural",0.5,0.5,"set_goose_swan"
"Regular Singular","swan","trader",16.6326184272766,14.0388965606689,"distill_tree__95_10M","results_experiment_1_distill_tree__95_10M.csv","Regular","Singular",-0.5,-0.5,"set_goose_swan"
"Regular Plural","swans","trader",17.0097494125366,14.8869612216949,"distill_tree__95_10M","results_experiment_1_distill_tree__95_10M.csv","Regular","Plural",-0.5,0.5,"set_goose_swan"
"Irregular Singular","goose","tracker",17.3654165267944,15.0693597793579,"distill_tree__95_10M","results_experiment_1_distill_tree__95_10M.csv","Irregular","Singular",0.5,-0.5,"set_goose_swan"
"Irregular Plural","geese","tracker",21.2460556030273,13.8690810203552,"distill_tree__95_10M","results_experiment_1_distill_tree__95_10M.csv","Irregular","Plural",0.5,0.5,"set_goose_swan"
"Regular Singular","swan","tracker",16.6326184272766,15.2846651077271,"distill_tree__95_10M","results_experiment_1_distill_tree__95_10M.csv","Regular","Singular",-0.5,-0.5,"set_goose_swan"
"Regular Plural","swans","tracker",17.0097494125366,15.7403483390808,"distill_tree__95_10M","results_experiment_1_distill_tree__95_10M.csv","Regular","Plural",-0.5,0.5,"set_goose_swan"
"Irregular Singular","goose","expert",17.3654136657715,12.9815349578857,"distill_tree__95_10M","results_experiment_1_distill_tree__95_10M.csv","Irregular","Singular",0.5,-0.5,"set_goose_swan"
"Irregular Plural","geese","expert",21.2460556030273,11.1543560028076,"distill_tree__95_10M","results_experiment_1_distill_tree__95_10M.csv","Irregular","Plural",0.5,0.5,"set_goose_swan"
"Regular Singular","swan","expert",16.632616519928,12.9707069396973,"distill_tree__95_10M","results_experiment_1_distill_tree__95_10M.csv","Regular","Singular",-0.5,-0.5,"set_goose_swan"
"Regular Plural","swans","expert",17.0097494125366,13.5481557846069,"distill_tree__95_10M","results_experiment_1_distill_tree__95_10M.csv","Regular","Plural",-0.5,0.5,"set_goose_swan"
"Irregular Singular","ox","register",12.7948837280273,12.3370313644409,"distill_tree__95_10M","results_experiment_1_distill_tree__95_10M.csv","Irregular","Singular",0.5,-0.5,"set_ox_cow"
"Irregular Plural","oxen","register",17.2066788673401,13.148398399353,"distill_tree__95_10M","results_experiment_1_distill_tree__95_10M.csv","Irregular","Plural",0.5,0.5,"set_ox_cow"
"Regular Singular","cow","register",12.9297027587891,12.2464771270752,"distill_tree__95_10M","results_experiment_1_distill_tree__95_10M.csv","Regular","Singular",-0.5,-0.5,"set_ox_cow"
"Regular Plural","cows","register",14.3579907417297,11.4574308395386,"distill_tree__95_10M","results_experiment_1_distill_tree__95_10M.csv","Regular","Plural",-0.5,0.5,"set_ox_cow"
"Irregular Singular","ox","trader",12.7948818206787,13.2609806060791,"distill_tree__95_10M","results_experiment_1_distill_tree__95_10M.csv","Irregular","Singular",0.5,-0.5,"set_ox_cow"
"Irregular Plural","oxen","trader",17.2066740989685,14.013783454895,"distill_tree__95_10M","results_experiment_1_distill_tree__95_10M.csv","Irregular","Plural",0.5,0.5,"set_ox_cow"
"Regular Singular","cow","trader",12.9297008514404,12.5477423667908,"distill_tree__95_10M","results_experiment_1_distill_tree__95_10M.csv","Regular","Singular",-0.5,-0.5,"set_ox_cow"
"Regular Plural","cows","trader",14.3579878807068,14.7793316841125,"distill_tree__95_10M","results_experiment_1_distill_tree__95_10M.csv","Regular","Plural",-0.5,0.5,"set_ox_cow"
"Irregular Singular","ox","tracker",12.7948818206787,16.875883102417,"distill_tree__95_10M","results_experiment_1_distill_tree__95_10M.csv","Irregular","Singular",0.5,-0.5,"set_ox_cow"
"Irregular Plural","oxen","tracker",17.2066740989685,15.2635979652405,"distill_tree__95_10M","results_experiment_1_distill_tree__95_10M.csv","Irregular","Plural",0.5,0.5,"set_ox_cow"
"Regular Singular","cow","tracker",12.9297008514404,14.8723301887512,"distill_tree__95_10M","results_experiment_1_distill_tree__95_10M.csv","Regular","Singular",-0.5,-0.5,"set_ox_cow"
"Regular Plural","cows","tracker",14.3579878807068,16.54225730896,"distill_tree__95_10M","results_experiment_1_distill_tree__95_10M.csv","Regular","Plural",-0.5,0.5,"set_ox_cow"
"Irregular Singular","ox","finder",12.7948818206787,18.2406911849976,"distill_tree__95_10M","results_experiment_1_distill_tree__95_10M.csv","Irregular","Singular",0.5,-0.5,"set_ox_cow"
"Irregular Plural","oxen","finder",17.2066740989685,16.9057197570801,"distill_tree__95_10M","results_experiment_1_distill_tree__95_10M.csv","Irregular","Plural",0.5,0.5,"set_ox_cow"
"Regular Singular","cow","finder",12.9297008514404,17.2351627349854,"distill_tree__95_10M","results_experiment_1_distill_tree__95_10M.csv","Regular","Singular",-0.5,-0.5,"set_ox_cow"
"Regular Plural","cows","finder",14.3579878807068,19.3566846847534,"distill_tree__95_10M","results_experiment_1_distill_tree__95_10M.csv","Regular","Plural",-0.5,0.5,"set_ox_cow"
"Irregular Singular","louse","issue",17.6955428123474,11.5699491500854,"distill_tree__95_10M","results_experiment_1_distill_tree__95_10M.csv","Irregular","Singular",0.5,-0.5,"set_louse_flea"
"Irregular Plural","lice","issue",16.378559589386,10.9783582687378,"distill_tree__95_10M","results_experiment_1_distill_tree__95_10M.csv","Irregular","Plural",0.5,0.5,"set_louse_flea"
"Regular Singular","flea","issue",20.3845262527466,10.8816785812378,"distill_tree__95_10M","results_experiment_1_distill_tree__95_10M.csv","Regular","Singular",-0.5,-0.5,"set_louse_flea"
"Regular Plural","fleas","issue",20.4434084892273,12.0611553192139,"distill_tree__95_10M","results_experiment_1_distill_tree__95_10M.csv","Regular","Plural",-0.5,0.5,"set_louse_flea"
"Irregular Singular","louse","trader",17.6955442428589,13.7230780124664,"distill_tree__95_10M","results_experiment_1_distill_tree__95_10M.csv","Irregular","Singular",0.5,-0.5,"set_louse_flea"
"Irregular Plural","lice","trader",16.3785600662231,13.8271758556366,"distill_tree__95_10M","results_experiment_1_distill_tree__95_10M.csv","Irregular","Plural",0.5,0.5,"set_louse_flea"
"Regular Singular","flea","trader",20.3845291137695,12.6330647468567,"distill_tree__95_10M","results_experiment_1_distill_tree__95_10M.csv","Regular","Singular",-0.5,-0.5,"set_louse_flea"
"Regular Plural","fleas","trader",20.4434108734131,13.4380822181702,"distill_tree__95_10M","results_experiment_1_distill_tree__95_10M.csv","Regular","Plural",-0.5,0.5,"set_louse_flea"
"Irregular Singular","louse","tracker",17.6955442428589,15.7775020599365,"distill_tree__95_10M","results_experiment_1_distill_tree__95_10M.csv","Irregular","Singular",0.5,-0.5,"set_louse_flea"
"Irregular Plural","lice","tracker",16.3785600662231,15.5582208633423,"distill_tree__95_10M","results_experiment_1_distill_tree__95_10M.csv","Irregular","Plural",0.5,0.5,"set_louse_flea"
"Regular Singular","flea","tracker",20.3845291137695,14.0590724945068,"distill_tree__95_10M","results_experiment_1_distill_tree__95_10M.csv","Regular","Singular",-0.5,-0.5,"set_louse_flea"
"Regular Plural","fleas","tracker",20.4434108734131,15.4662790298462,"distill_tree__95_10M","results_experiment_1_distill_tree__95_10M.csv","Regular","Plural",-0.5,0.5,"set_louse_flea"
"Irregular Singular","louse","expert",17.6955428123474,12.8979024887085,"distill_tree__95_10M","results_experiment_1_distill_tree__95_10M.csv","Irregular","Singular",0.5,-0.5,"set_louse_flea"
"Irregular Plural","lice","expert",16.378559589386,11.9585943222046,"distill_tree__95_10M","results_experiment_1_distill_tree__95_10M.csv","Irregular","Plural",0.5,0.5,"set_louse_flea"
"Regular Singular","flea","expert",20.3845262527466,12.289927482605,"distill_tree__95_10M","results_experiment_1_distill_tree__95_10M.csv","Regular","Singular",-0.5,-0.5,"set_louse_flea"
"Regular Plural","fleas","expert",20.4434084892273,12.788330078125,"distill_tree__95_10M","results_experiment_1_distill_tree__95_10M.csv","Regular","Plural",-0.5,0.5,"set_louse_flea"
"Irregular Singular","mouse","issue",15.1998682022095,11.0711936950684,"distill_tree__95_10M","results_experiment_1_distill_tree__95_10M.csv","Irregular","Singular",0.5,-0.5,"set_mouse_rat"
"Irregular Plural","mice","issue",16.9759654998779,10.5697565078735,"distill_tree__95_10M","results_experiment_1_distill_tree__95_10M.csv","Irregular","Plural",0.5,0.5,"set_mouse_rat"
"Regular Singular","rat","issue",12.260009765625,10.9757099151611,"distill_tree__95_10M","results_experiment_1_distill_tree__95_10M.csv","Regular","Singular",-0.5,-0.5,"set_mouse_rat"
"Regular Plural","rats","issue",13.5215282440186,12.0286073684692,"distill_tree__95_10M","results_experiment_1_distill_tree__95_10M.csv","Regular","Plural",-0.5,0.5,"set_mouse_rat"
"Irregular Singular","mouse","trader",15.1998691558838,12.9574956893921,"distill_tree__95_10M","results_experiment_1_distill_tree__95_10M.csv","Irregular","Singular",0.5,-0.5,"set_mouse_rat"
"Irregular Plural","mice","trader",16.9759664535522,13.6495065689087,"distill_tree__95_10M","results_experiment_1_distill_tree__95_10M.csv","Irregular","Plural",0.5,0.5,"set_mouse_rat"
"Regular Singular","rat","trader",12.2600088119507,12.9975068569183,"distill_tree__95_10M","results_experiment_1_distill_tree__95_10M.csv","Regular","Singular",-0.5,-0.5,"set_mouse_rat"
"Regular Plural","rats","trader",13.5215339660645,13.9412662982941,"distill_tree__95_10M","results_experiment_1_distill_tree__95_10M.csv","Regular","Plural",-0.5,0.5,"set_mouse_rat"
"Irregular Singular","mouse","tracker",15.1998691558838,16.3421010971069,"distill_tree__95_10M","results_experiment_1_distill_tree__95_10M.csv","Irregular","Singular",0.5,-0.5,"set_mouse_rat"
"Irregular Plural","mice","tracker",16.9759664535522,16.0348753929138,"distill_tree__95_10M","results_experiment_1_distill_tree__95_10M.csv","Irregular","Plural",0.5,0.5,"set_mouse_rat"
"Regular Singular","rat","tracker",12.2600088119507,15.882887840271,"distill_tree__95_10M","results_experiment_1_distill_tree__95_10M.csv","Regular","Singular",-0.5,-0.5,"set_mouse_rat"
"Regular Plural","rats","tracker",13.5215339660645,15.4957594871521,"distill_tree__95_10M","results_experiment_1_distill_tree__95_10M.csv","Regular","Plural",-0.5,0.5,"set_mouse_rat"
"Irregular Singular","mouse","inspector",15.1998682022095,12.7322931289673,"distill_tree__95_10M","results_experiment_1_distill_tree__95_10M.csv","Irregular","Singular",0.5,-0.5,"set_mouse_rat"
"Irregular Plural","mice","inspector",16.9759654998779,12.0934753417969,"distill_tree__95_10M","results_experiment_1_distill_tree__95_10M.csv","Irregular","Plural",0.5,0.5,"set_mouse_rat"
"Regular Singular","rat","inspector",12.260009765625,13.0376281738281,"distill_tree__95_10M","results_experiment_1_distill_tree__95_10M.csv","Regular","Singular",-0.5,-0.5,"set_mouse_rat"
"Regular Plural","rats","inspector",13.5215282440186,14.3832101821899,"distill_tree__95_10M","results_experiment_1_distill_tree__95_10M.csv","Regular","Plural",-0.5,0.5,"set_mouse_rat"
"Irregular Singular","foot","issue",13.0903434753418,12.040678024292,"distill_tree__95_10M","results_experiment_1_distill_tree__95_10M.csv","Irregular","Singular",0.5,-0.5,"set_foot_leg"
"Irregular Plural","feet","issue",15.1043090820312,10.1423110961914,"distill_tree__95_10M","results_experiment_1_distill_tree__95_10M.csv","Irregular","Plural",0.5,0.5,"set_foot_leg"
"Regular Singular","leg","issue",13.2243719100952,10.9442777633667,"distill_tree__95_10M","results_experiment_1_distill_tree__95_10M.csv","Regular","Singular",-0.5,-0.5,"set_foot_leg"
"Regular Plural","legs","issue",15.9335670471191,12.1515531539917,"distill_tree__95_10M","results_experiment_1_distill_tree__95_10M.csv","Regular","Plural",-0.5,0.5,"set_foot_leg"
"Irregular Singular","foot","examination",13.0903434753418,11.7898578643799,"distill_tree__95_10M","results_experiment_1_distill_tree__95_10M.csv","Irregular","Singular",0.5,-0.5,"set_foot_leg"
"Irregular Plural","feet","examination",15.1043090820312,11.2009792327881,"distill_tree__95_10M","results_experiment_1_distill_tree__95_10M.csv","Irregular","Plural",0.5,0.5,"set_foot_leg"
"Regular Singular","leg","examination",13.2243719100952,11.8393497467041,"distill_tree__95_10M","results_experiment_1_distill_tree__95_10M.csv","Regular","Singular",-0.5,-0.5,"set_foot_leg"
"Regular Plural","legs","examination",15.9335670471191,13.0644550323486,"distill_tree__95_10M","results_experiment_1_distill_tree__95_10M.csv","Regular","Plural",-0.5,0.5,"set_foot_leg"
"Irregular Singular","foot","expert",13.0903434753418,13.430814743042,"distill_tree__95_10M","results_experiment_1_distill_tree__95_10M.csv","Irregular","Singular",0.5,-0.5,"set_foot_leg"
"Irregular Plural","feet","expert",15.1043090820312,12.4096546173096,"distill_tree__95_10M","results_experiment_1_distill_tree__95_10M.csv","Irregular","Plural",0.5,0.5,"set_foot_leg"
"Regular Singular","leg","expert",13.2243719100952,12.0496978759766,"distill_tree__95_10M","results_experiment_1_distill_tree__95_10M.csv","Regular","Singular",-0.5,-0.5,"set_foot_leg"
"Regular Plural","legs","expert",15.9335670471191,13.5857448577881,"distill_tree__95_10M","results_experiment_1_distill_tree__95_10M.csv","Regular","Plural",-0.5,0.5,"set_foot_leg"
"Irregular Singular","foot","inspector",13.0903434753418,12.2794208526611,"distill_tree__95_10M","results_experiment_1_distill_tree__95_10M.csv","Irregular","Singular",0.5,-0.5,"set_foot_leg"
"Irregular Plural","feet","inspector",15.1043090820312,12.9649982452393,"distill_tree__95_10M","results_experiment_1_distill_tree__95_10M.csv","Irregular","Plural",0.5,0.5,"set_foot_leg"
"Regular Singular","leg","inspector",13.2243719100952,12.3347091674805,"distill_tree__95_10M","results_experiment_1_distill_tree__95_10M.csv","Regular","Singular",-0.5,-0.5,"set_foot_leg"
"Regular Plural","legs","inspector",15.9335670471191,13.8645467758179,"distill_tree__95_10M","results_experiment_1_distill_tree__95_10M.csv","Regular","Plural",-0.5,0.5,"set_foot_leg"
"Irregular Singular","tooth","issue",15.1820230484009,11.2008056640625,"distill_tree__95_10M","results_experiment_1_distill_tree__95_10M.csv","Irregular","Singular",0.5,-0.5,"set_tooth_bone"
"Irregular Plural","teeth","issue",19.4429893493652,12.0664291381836,"distill_tree__95_10M","results_experiment_1_distill_tree__95_10M.csv","Irregular","Plural",0.5,0.5,"set_tooth_bone"
"Regular Singular","bone","issue",11.934211730957,10.705135345459,"distill_tree__95_10M","results_experiment_1_distill_tree__95_10M.csv","Regular","Singular",-0.5,-0.5,"set_tooth_bone"
"Regular Plural","bones","issue",15.0226173400879,12.2441253662109,"distill_tree__95_10M","results_experiment_1_distill_tree__95_10M.csv","Regular","Plural",-0.5,0.5,"set_tooth_bone"
"Irregular Singular","tooth","examination",15.1820230484009,13.1453657150269,"distill_tree__95_10M","results_experiment_1_distill_tree__95_10M.csv","Irregular","Singular",0.5,-0.5,"set_tooth_bone"
"Irregular Plural","teeth","examination",19.4429893493652,13.1371402740479,"distill_tree__95_10M","results_experiment_1_distill_tree__95_10M.csv","Irregular","Plural",0.5,0.5,"set_tooth_bone"
"Regular Singular","bone","examination",11.934211730957,11.752462387085,"distill_tree__95_10M","results_experiment_1_distill_tree__95_10M.csv","Regular","Singular",-0.5,-0.5,"set_tooth_bone"
"Regular Plural","bones","examination",15.0226173400879,13.4607353210449,"distill_tree__95_10M","results_experiment_1_distill_tree__95_10M.csv","Regular","Plural",-0.5,0.5,"set_tooth_bone"
"Irregular Singular","tooth","expert",15.1820230484009,13.2245712280273,"distill_tree__95_10M","results_experiment_1_distill_tree__95_10M.csv","Irregular","Singular",0.5,-0.5,"set_tooth_bone"
"Irregular Plural","teeth","expert",19.4429893493652,13.0480279922485,"distill_tree__95_10M","results_experiment_1_distill_tree__95_10M.csv","Irregular","Plural",0.5,0.5,"set_tooth_bone"
"Regular Singular","bone","expert",11.934211730957,12.3192615509033,"distill_tree__95_10M","results_experiment_1_distill_tree__95_10M.csv","Regular","Singular",-0.5,-0.5,"set_tooth_bone"
"Regular Plural","bones","expert",15.0226173400879,13.2028274536133,"distill_tree__95_10M","results_experiment_1_distill_tree__95_10M.csv","Regular","Plural",-0.5,0.5,"set_tooth_bone"
"Irregular Singular","tooth","protector",15.182023525238,15.3626623153687,"distill_tree__95_10M","results_experiment_1_distill_tree__95_10M.csv","Irregular","Singular",0.5,-0.5,"set_tooth_bone"
"Irregular Plural","teeth","protector",19.4429893493652,13.7271361351013,"distill_tree__95_10M","results_experiment_1_distill_tree__95_10M.csv","Irregular","Plural",0.5,0.5,"set_tooth_bone"
"Regular Singular","bone","protector",11.9342079162598,14.8340344429016,"distill_tree__95_10M","results_experiment_1_distill_tree__95_10M.csv","Regular","Singular",-0.5,-0.5,"set_tooth_bone"
"Regular Plural","bones","protector",15.0226173400879,16.9546918869019,"distill_tree__95_10M","results_experiment_1_distill_tree__95_10M.csv","Regular","Plural",-0.5,0.5,"set_tooth_bone"
"Irregular Singular","child","patrol",10.8723936080933,11.592574596405,"distill_tree__95_10M","results_experiment_1_distill_tree__95_10M.csv","Irregular","Singular",0.5,-0.5,"set_child_adult"
"Irregular Plural","children","patrol",13.241756439209,12.0583238601685,"distill_tree__95_10M","results_experiment_1_distill_tree__95_10M.csv","Irregular","Plural",0.5,0.5,"set_child_adult"
"Regular Singular","adult","patrol",17.8320035934448,11.1610636711121,"distill_tree__95_10M","results_experiment_1_distill_tree__95_10M.csv","Regular","Singular",-0.5,-0.5,"set_child_adult"
"Regular Plural","adults","patrol",18.8994948863983,11.8488345146179,"distill_tree__95_10M","results_experiment_1_distill_tree__95_10M.csv","Regular","Plural",-0.5,0.5,"set_child_adult"
"Irregular Singular","child","register",10.8723945617676,14.389552116394,"distill_tree__95_10M","results_experiment_1_distill_tree__95_10M.csv","Irregular","Singular",0.5,-0.5,"set_child_adult"
"Irregular Plural","children","register",13.2417583465576,11.5942001342773,"distill_tree__95_10M","results_experiment_1_distill_tree__95_10M.csv","Irregular","Plural",0.5,0.5,"set_child_adult"
"Regular Singular","adult","register",17.8320026397705,12.2736597061157,"distill_tree__95_10M","results_experiment_1_distill_tree__95_10M.csv","Regular","Singular",-0.5,-0.5,"set_child_adult"
"Regular Plural","adults","register",18.8994948863983,12.2018327713013,"distill_tree__95_10M","results_experiment_1_distill_tree__95_10M.csv","Regular","Plural",-0.5,0.5,"set_child_adult"
"Irregular Singular","child","institute",10.8723936080933,17.1531438827515,"distill_tree__95_10M","results_experiment_1_distill_tree__95_10M.csv","Irregular","Singular",0.5,-0.5,"set_child_adult"
"Irregular Plural","children","institute",13.241756439209,15.4579339027405,"distill_tree__95_10M","results_experiment_1_distill_tree__95_10M.csv","Irregular","Plural",0.5,0.5,"set_child_adult"
"Regular Singular","adult","institute",17.8320035934448,16.1841530799866,"distill_tree__95_10M","results_experiment_1_distill_tree__95_10M.csv","Regular","Singular",-0.5,-0.5,"set_child_adult"
"Regular Plural","adults","institute",18.8994948863983,15.7808957099915,"distill_tree__95_10M","results_experiment_1_distill_tree__95_10M.csv","Regular","Plural",-0.5,0.5,"set_child_adult"
"Irregular Singular","child","crew",10.8723945617676,14.4955711364746,"distill_tree__95_10M","results_experiment_1_distill_tree__95_10M.csv","Irregular","Singular",0.5,-0.5,"set_child_adult"
"Irregular Plural","children","crew",13.2417583465576,13.0607490539551,"distill_tree__95_10M","results_experiment_1_distill_tree__95_10M.csv","Irregular","Plural",0.5,0.5,"set_child_adult"
"Regular Singular","adult","crew",17.8320026397705,10.8526020050049,"distill_tree__95_10M","results_experiment_1_distill_tree__95_10M.csv","Regular","Singular",-0.5,-0.5,"set_child_adult"
"Regular Plural","adults","crew",18.8994948863983,12.2593421936035,"distill_tree__95_10M","results_experiment_1_distill_tree__95_10M.csv","Regular","Plural",-0.5,0.5,"set_child_adult"
"Irregular Singular","woman","protector",13.0159044265747,15.5003414154053,"distill_tree__95_10M","results_experiment_1_distill_tree__95_10M.csv","Irregular","Singular",0.5,-0.5,"set_woman_girl"
"Irregular Plural","women","protector",14.5683889389038,16.5559453964233,"distill_tree__95_10M","results_experiment_1_distill_tree__95_10M.csv","Irregular","Plural",0.5,0.5,"set_woman_girl"
"Regular Singular","girl","protector",12.5899486541748,14.8697710037231,"distill_tree__95_10M","results_experiment_1_distill_tree__95_10M.csv","Regular","Singular",-0.5,-0.5,"set_woman_girl"
"Regular Plural","girls","protector",13.9224450588226,16.8242297172546,"distill_tree__95_10M","results_experiment_1_distill_tree__95_10M.csv","Regular","Plural",-0.5,0.5,"set_woman_girl"
"Irregular Singular","woman","register",13.0159072875977,13.2100696563721,"distill_tree__95_10M","results_experiment_1_distill_tree__95_10M.csv","Irregular","Singular",0.5,-0.5,"set_woman_girl"
"Irregular Plural","women","register",14.5683870315552,12.5525598526001,"distill_tree__95_10M","results_experiment_1_distill_tree__95_10M.csv","Irregular","Plural",0.5,0.5,"set_woman_girl"
"Regular Singular","girl","register",12.5899486541748,12.1177215576172,"distill_tree__95_10M","results_experiment_1_distill_tree__95_10M.csv","Regular","Singular",-0.5,-0.5,"set_woman_girl"
"Regular Plural","girls","register",13.9224400520325,11.7151489257812,"distill_tree__95_10M","results_experiment_1_distill_tree__95_10M.csv","Regular","Plural",-0.5,0.5,"set_woman_girl"
"Irregular Singular","woman","hangout",13.0159044265747,16.6271343231201,"distill_tree__95_10M","results_experiment_1_distill_tree__95_10M.csv","Irregular","Singular",0.5,-0.5,"set_woman_girl"
"Irregular Plural","women","hangout",14.5683889389038,16.7067422866821,"distill_tree__95_10M","results_experiment_1_distill_tree__95_10M.csv","Irregular","Plural",0.5,0.5,"set_woman_girl"
"Regular Singular","girl","hangout",12.5899486541748,16.5017652511597,"distill_tree__95_10M","results_experiment_1_distill_tree__95_10M.csv","Regular","Singular",-0.5,-0.5,"set_woman_girl"
"Regular Plural","girls","hangout",13.9224450588226,15.7742919921875,"distill_tree__95_10M","results_experiment_1_distill_tree__95_10M.csv","Regular","Plural",-0.5,0.5,"set_woman_girl"
"Irregular Singular","woman","crew",13.0159072875977,11.9887132644653,"distill_tree__95_10M","results_experiment_1_distill_tree__95_10M.csv","Irregular","Singular",0.5,-0.5,"set_woman_girl"
"Irregular Plural","women","crew",14.5683870315552,12.9089412689209,"distill_tree__95_10M","results_experiment_1_distill_tree__95_10M.csv","Irregular","Plural",0.5,0.5,"set_woman_girl"
"Regular Singular","girl","crew",12.5899486541748,10.9133358001709,"distill_tree__95_10M","results_experiment_1_distill_tree__95_10M.csv","Regular","Singular",-0.5,-0.5,"set_woman_girl"
"Regular Plural","girls","crew",13.9224400520325,11.6647567749023,"distill_tree__95_10M","results_experiment_1_distill_tree__95_10M.csv","Regular","Plural",-0.5,0.5,"set_woman_girl"
"Irregular Singular","man","institute",10.0452947616577,16.8806142807007,"distill_tree__95_10M","results_experiment_1_distill_tree__95_10M.csv","Irregular","Singular",0.5,-0.5,"set_man_boy"
"Irregular Plural","men","institute",11.9776105880737,15.4065654277802,"distill_tree__95_10M","results_experiment_1_distill_tree__95_10M.csv","Irregular","Plural",0.5,0.5,"set_man_boy"
"Regular Singular","boy","institute",12.1374616622925,17.1836013793945,"distill_tree__95_10M","results_experiment_1_distill_tree__95_10M.csv","Regular","Singular",-0.5,-0.5,"set_man_boy"
"Regular Plural","boys","institute",12.5790777206421,15.5496296882629,"distill_tree__95_10M","results_experiment_1_distill_tree__95_10M.csv","Regular","Plural",-0.5,0.5,"set_man_boy"
"Irregular Singular","man","register",10.0452976226807,12.6267528533936,"distill_tree__95_10M","results_experiment_1_distill_tree__95_10M.csv","Irregular","Singular",0.5,-0.5,"set_man_boy"
"Irregular Plural","men","register",11.9776124954224,11.1874361038208,"distill_tree__95_10M","results_experiment_1_distill_tree__95_10M.csv","Irregular","Plural",0.5,0.5,"set_man_boy"
"Regular Singular","boy","register",12.1374626159668,12.6495504379272,"distill_tree__95_10M","results_experiment_1_distill_tree__95_10M.csv","Regular","Singular",-0.5,-0.5,"set_man_boy"
"Regular Plural","boys","register",12.5790777206421,11.1951189041138,"distill_tree__95_10M","results_experiment_1_distill_tree__95_10M.csv","Regular","Plural",-0.5,0.5,"set_man_boy"
"Irregular Singular","man","finder",10.0452947616577,17.9629545211792,"distill_tree__95_10M","results_experiment_1_distill_tree__95_10M.csv","Irregular","Singular",0.5,-0.5,"set_man_boy"
"Irregular Plural","men","finder",11.9776105880737,18.1969661712646,"distill_tree__95_10M","results_experiment_1_distill_tree__95_10M.csv","Irregular","Plural",0.5,0.5,"set_man_boy"
"Regular Singular","boy","finder",12.1374616622925,17.0272464752197,"distill_tree__95_10M","results_experiment_1_distill_tree__95_10M.csv","Regular","Singular",-0.5,-0.5,"set_man_boy"
"Regular Plural","boys","finder",12.5790777206421,18.3844652175903,"distill_tree__95_10M","results_experiment_1_distill_tree__95_10M.csv","Regular","Plural",-0.5,0.5,"set_man_boy"
"Irregular Singular","man","hangout",10.0452947616577,16.3844394683838,"distill_tree__95_10M","results_experiment_1_distill_tree__95_10M.csv","Irregular","Singular",0.5,-0.5,"set_man_boy"
"Irregular Plural","men","hangout",11.9776105880737,16.5424489974976,"distill_tree__95_10M","results_experiment_1_distill_tree__95_10M.csv","Irregular","Plural",0.5,0.5,"set_man_boy"
"Regular Singular","boy","hangout",12.1374616622925,15.8557472229004,"distill_tree__95_10M","results_experiment_1_distill_tree__95_10M.csv","Regular","Singular",-0.5,-0.5,"set_man_boy"
"Regular Plural","boys","hangout",12.5790777206421,15.3806104660034,"distill_tree__95_10M","results_experiment_1_distill_tree__95_10M.csv","Regular","Plural",-0.5,0.5,"set_man_boy"
"Irregular Singular","salesman","institute",25.1808638572693,15.8212542533875,"distill_tree__95_10M","results_experiment_1_distill_tree__95_10M.csv","Irregular","Singular",0.5,-0.5,"set_salesman_retailer"
"Irregular Plural","salesmen","institute",25.8886399269104,14.9427237510681,"distill_tree__95_10M","results_experiment_1_distill_tree__95_10M.csv","Irregular","Plural",0.5,0.5,"set_salesman_retailer"
"Regular Singular","retailer","institute",26.8117036819458,16.0948932170868,"distill_tree__95_10M","results_experiment_1_distill_tree__95_10M.csv","Regular","Singular",-0.5,-0.5,"set_salesman_retailer"
"Regular Plural","retailers","institute",26.4353189468384,15.4357995986938,"distill_tree__95_10M","results_experiment_1_distill_tree__95_10M.csv","Regular","Plural",-0.5,0.5,"set_salesman_retailer"
"Irregular Singular","salesman","inspector",25.1808638572693,11.2810821533203,"distill_tree__95_10M","results_experiment_1_distill_tree__95_10M.csv","Irregular","Singular",0.5,-0.5,"set_salesman_retailer"
"Irregular Plural","salesmen","inspector",25.8886399269104,13.1512079238892,"distill_tree__95_10M","results_experiment_1_distill_tree__95_10M.csv","Irregular","Plural",0.5,0.5,"set_salesman_retailer"
"Regular Singular","retailer","inspector",26.8117036819458,12.1905841827393,"distill_tree__95_10M","results_experiment_1_distill_tree__95_10M.csv","Regular","Singular",-0.5,-0.5,"set_salesman_retailer"
"Regular Plural","retailers","inspector",26.4353189468384,14.1167697906494,"distill_tree__95_10M","results_experiment_1_distill_tree__95_10M.csv","Regular","Plural",-0.5,0.5,"set_salesman_retailer"
"Irregular Singular","salesman","protector",25.1808638572693,16.7757501602173,"distill_tree__95_10M","results_experiment_1_distill_tree__95_10M.csv","Irregular","Singular",0.5,-0.5,"set_salesman_retailer"
"Irregular Plural","salesmen","protector",25.8886399269104,17.4788389205933,"distill_tree__95_10M","results_experiment_1_distill_tree__95_10M.csv","Irregular","Plural",0.5,0.5,"set_salesman_retailer"
"Regular Singular","retailer","protector",26.8117036819458,12.8056361675262,"distill_tree__95_10M","results_experiment_1_distill_tree__95_10M.csv","Regular","Singular",-0.5,-0.5,"set_salesman_retailer"
"Regular Plural","retailers","protector",26.4353189468384,16.6211848258972,"distill_tree__95_10M","results_experiment_1_distill_tree__95_10M.csv","Regular","Plural",-0.5,0.5,"set_salesman_retailer"
"Irregular Singular","salesman","employer",25.1808638572693,13.3536767959595,"distill_tree__95_10M","results_experiment_1_distill_tree__95_10M.csv","Irregular","Singular",0.5,-0.5,"set_salesman_retailer"
"Irregular Plural","salesmen","employer",25.8886399269104,15.7828059196472,"distill_tree__95_10M","results_experiment_1_distill_tree__95_10M.csv","Irregular","Plural",0.5,0.5,"set_salesman_retailer"
"Regular Singular","retailer","employer",26.8117036819458,13.0283987522125,"distill_tree__95_10M","results_experiment_1_distill_tree__95_10M.csv","Regular","Singular",-0.5,-0.5,"set_salesman_retailer"
"Regular Plural","retailers","employer",26.4353189468384,15.2829270362854,"distill_tree__95_10M","results_experiment_1_distill_tree__95_10M.csv","Regular","Plural",-0.5,0.5,"set_salesman_retailer"
"Irregular Singular","nobleman","patrol",23.1166472434998,11.8138263225555,"distill_tree__95_10M","results_experiment_1_distill_tree__95_10M.csv","Irregular","Singular",0.5,-0.5,"set_nobleman_aristocrat"
"Irregular Plural","noblemen","patrol",24.6310458183289,11.0764999389648,"distill_tree__95_10M","results_experiment_1_distill_tree__95_10M.csv","Irregular","Plural",0.5,0.5,"set_nobleman_aristocrat"
"Regular Singular","aristocrat","patrol",28.244948387146,10.877509355545,"distill_tree__95_10M","results_experiment_1_distill_tree__95_10M.csv","Regular","Singular",-0.5,-0.5,"set_nobleman_aristocrat"
"Regular Plural","aristocrats","patrol",25.4975509643555,11.2447211742401,"distill_tree__95_10M","results_experiment_1_distill_tree__95_10M.csv","Regular","Plural",-0.5,0.5,"set_nobleman_aristocrat"
"Irregular Singular","nobleman","hangout",23.1166472434998,16.3005676269531,"distill_tree__95_10M","results_experiment_1_distill_tree__95_10M.csv","Irregular","Singular",0.5,-0.5,"set_nobleman_aristocrat"
"Irregular Plural","noblemen","hangout",24.6310458183289,16.5213899612427,"distill_tree__95_10M","results_experiment_1_distill_tree__95_10M.csv","Irregular","Plural",0.5,0.5,"set_nobleman_aristocrat"
"Regular Singular","aristocrat","hangout",28.244948387146,15.7614870071411,"distill_tree__95_10M","results_experiment_1_distill_tree__95_10M.csv","Regular","Singular",-0.5,-0.5,"set_nobleman_aristocrat"
"Regular Plural","aristocrats","hangout",25.4975509643555,16.9070444107056,"distill_tree__95_10M","results_experiment_1_distill_tree__95_10M.csv","Regular","Plural",-0.5,0.5,"set_nobleman_aristocrat"
"Irregular Singular","nobleman","institute",23.1166472434998,16.0797598361969,"distill_tree__95_10M","results_experiment_1_distill_tree__95_10M.csv","Irregular","Singular",0.5,-0.5,"set_nobleman_aristocrat"
"Irregular Plural","noblemen","institute",24.6310458183289,14.9116914272308,"distill_tree__95_10M","results_experiment_1_distill_tree__95_10M.csv","Irregular","Plural",0.5,0.5,"set_nobleman_aristocrat"
"Regular Singular","aristocrat","institute",28.244948387146,15.6418704986572,"distill_tree__95_10M","results_experiment_1_distill_tree__95_10M.csv","Regular","Singular",-0.5,-0.5,"set_nobleman_aristocrat"
"Regular Plural","aristocrats","institute",25.4975509643555,13.4679038524628,"distill_tree__95_10M","results_experiment_1_distill_tree__95_10M.csv","Regular","Plural",-0.5,0.5,"set_nobleman_aristocrat"
"Irregular Singular","nobleman","crew",23.1166472434998,11.0721473693848,"distill_tree__95_10M","results_experiment_1_distill_tree__95_10M.csv","Irregular","Singular",0.5,-0.5,"set_nobleman_aristocrat"
"Irregular Plural","noblemen","crew",24.6310458183289,11.696102142334,"distill_tree__95_10M","results_experiment_1_distill_tree__95_10M.csv","Irregular","Plural",0.5,0.5,"set_nobleman_aristocrat"
"Regular Singular","aristocrat","crew",28.244948387146,12.3849878311157,"distill_tree__95_10M","results_experiment_1_distill_tree__95_10M.csv","Regular","Singular",-0.5,-0.5,"set_nobleman_aristocrat"
"Regular Plural","aristocrats","crew",25.4975509643555,12.4317455291748,"distill_tree__95_10M","results_experiment_1_distill_tree__95_10M.csv","Regular","Plural",-0.5,0.5,"set_nobleman_aristocrat"
"Irregular Singular","boatman","patrol",20.9908180236816,11.3944003582001,"distill_tree__95_10M","results_experiment_1_distill_tree__95_10M.csv","Irregular","Singular",0.5,-0.5,"set_boatman_shipmate"
"Irregular Plural","boatmen","patrol",20.8976716995239,10.6644661426544,"distill_tree__95_10M","results_experiment_1_distill_tree__95_10M.csv","Irregular","Plural",0.5,0.5,"set_boatman_shipmate"
"Regular Singular","shipmate","patrol",25.0698404312134,11.4190855026245,"distill_tree__95_10M","results_experiment_1_distill_tree__95_10M.csv","Regular","Singular",-0.5,-0.5,"set_boatman_shipmate"
"Regular Plural","shipmates","patrol",26.5826711654663,11.2934849262238,"distill_tree__95_10M","results_experiment_1_distill_tree__95_10M.csv","Regular","Plural",-0.5,0.5,"set_boatman_shipmate"
"Irregular Singular","boatman","finder",20.9908180236816,17.3459281921387,"distill_tree__95_10M","results_experiment_1_distill_tree__95_10M.csv","Irregular","Singular",0.5,-0.5,"set_boatman_shipmate"
"Irregular Plural","boatmen","finder",20.8976716995239,17.8637599945068,"distill_tree__95_10M","results_experiment_1_distill_tree__95_10M.csv","Irregular","Plural",0.5,0.5,"set_boatman_shipmate"
"Regular Singular","shipmate","finder",25.0698404312134,17.5154433250427,"distill_tree__95_10M","results_experiment_1_distill_tree__95_10M.csv","Regular","Singular",-0.5,-0.5,"set_boatman_shipmate"
"Regular Plural","shipmates","finder",26.5826711654663,18.1331338882446,"distill_tree__95_10M","results_experiment_1_distill_tree__95_10M.csv","Regular","Plural",-0.5,0.5,"set_boatman_shipmate"
"Irregular Singular","boatman","inspector",20.9908151626587,10.6045246124268,"distill_tree__95_10M","results_experiment_1_distill_tree__95_10M.csv","Irregular","Singular",0.5,-0.5,"set_boatman_shipmate"
"Irregular Plural","boatmen","inspector",20.8976650238037,13.3088874816895,"distill_tree__95_10M","results_experiment_1_distill_tree__95_10M.csv","Irregular","Plural",0.5,0.5,"set_boatman_shipmate"
"Regular Singular","shipmate","inspector",25.0698375701904,10.6930351257324,"distill_tree__95_10M","results_experiment_1_distill_tree__95_10M.csv","Regular","Singular",-0.5,-0.5,"set_boatman_shipmate"
"Regular Plural","shipmates","inspector",26.582670211792,13.2513751983643,"distill_tree__95_10M","results_experiment_1_distill_tree__95_10M.csv","Regular","Plural",-0.5,0.5,"set_boatman_shipmate"
"Irregular Singular","boatman","employer",20.9908180236816,13.2144001722336,"distill_tree__95_10M","results_experiment_1_distill_tree__95_10M.csv","Irregular","Singular",0.5,-0.5,"set_boatman_shipmate"
"Irregular Plural","boatmen","employer",20.8976716995239,15.4507207870483,"distill_tree__95_10M","results_experiment_1_distill_tree__95_10M.csv","Irregular","Plural",0.5,0.5,"set_boatman_shipmate"
"Regular Singular","shipmate","employer",25.0698404312134,12.5645463466644,"distill_tree__95_10M","results_experiment_1_distill_tree__95_10M.csv","Regular","Singular",-0.5,-0.5,"set_boatman_shipmate"
"Regular Plural","shipmates","employer",26.5826711654663,14.965913772583,"distill_tree__95_10M","results_experiment_1_distill_tree__95_10M.csv","Regular","Plural",-0.5,0.5,"set_boatman_shipmate"
"Irregular Singular","craftsman","employer",26.7679224014282,13.2308669090271,"distill_tree__95_10M","results_experiment_1_distill_tree__95_10M.csv","Irregular","Singular",0.5,-0.5,"set_craftsman_labourer"
"Irregular Plural","craftsmen","employer",27.5791149139404,15.5432872772217,"distill_tree__95_10M","results_experiment_1_distill_tree__95_10M.csv","Irregular","Plural",0.5,0.5,"set_craftsman_labourer"
"Regular Singular","labourer","employer",27.7306222915649,13.2351678609848,"distill_tree__95_10M","results_experiment_1_distill_tree__95_10M.csv","Regular","Singular",-0.5,-0.5,"set_craftsman_labourer"
"Regular Plural","labourers","employer",29.0258569717407,16.5423793792725,"distill_tree__95_10M","results_experiment_1_distill_tree__95_10M.csv","Regular","Plural",-0.5,0.5,"set_craftsman_labourer"
"Irregular Singular","craftsman","examination",26.7679224014282,12.8653478622437,"distill_tree__95_10M","results_experiment_1_distill_tree__95_10M.csv","Irregular","Singular",0.5,-0.5,"set_craftsman_labourer"
"Irregular Plural","craftsmen","examination",27.5791149139404,13.7776384353638,"distill_tree__95_10M","results_experiment_1_distill_tree__95_10M.csv","Irregular","Plural",0.5,0.5,"set_craftsman_labourer"
"Regular Singular","labourer","examination",27.7306222915649,12.8044118881226,"distill_tree__95_10M","results_experiment_1_distill_tree__95_10M.csv","Regular","Singular",-0.5,-0.5,"set_craftsman_labourer"
"Regular Plural","labourers","examination",29.0258569717407,13.3683490753174,"distill_tree__95_10M","results_experiment_1_distill_tree__95_10M.csv","Regular","Plural",-0.5,0.5,"set_craftsman_labourer"
"Irregular Singular","craftsman","hangout",26.7679224014282,16.097421169281,"distill_tree__95_10M","results_experiment_1_distill_tree__95_10M.csv","Irregular","Singular",0.5,-0.5,"set_craftsman_labourer"
"Irregular Plural","craftsmen","hangout",27.5791149139404,16.0442571640015,"distill_tree__95_10M","results_experiment_1_distill_tree__95_10M.csv","Irregular","Plural",0.5,0.5,"set_craftsman_labourer"
"Regular Singular","labourer","hangout",27.7306222915649,16.4863004684448,"distill_tree__95_10M","results_experiment_1_distill_tree__95_10M.csv","Regular","Singular",-0.5,-0.5,"set_craftsman_labourer"
"Regular Plural","labourers","hangout",29.0258569717407,17.1808061599731,"distill_tree__95_10M","results_experiment_1_distill_tree__95_10M.csv","Regular","Plural",-0.5,0.5,"set_craftsman_labourer"
"Irregular Singular","craftsman","finder",26.7679224014282,17.8963794708252,"distill_tree__95_10M","results_experiment_1_distill_tree__95_10M.csv","Irregular","Singular",0.5,-0.5,"set_craftsman_labourer"
"Irregular Plural","craftsmen","finder",27.5791149139404,17.8689413070679,"distill_tree__95_10M","results_experiment_1_distill_tree__95_10M.csv","Irregular","Plural",0.5,0.5,"set_craftsman_labourer"
"Regular Singular","labourer","finder",27.7306222915649,16.6668043136597,"distill_tree__95_10M","results_experiment_1_distill_tree__95_10M.csv","Regular","Singular",-0.5,-0.5,"set_craftsman_labourer"
"Regular Plural","labourers","finder",29.0258569717407,18.7187213897705,"distill_tree__95_10M","results_experiment_1_distill_tree__95_10M.csv","Regular","Plural",-0.5,0.5,"set_craftsman_labourer"
"Irregular Singular","fireman","examination",17.0407857894897,13.1524896621704,"distill_tree__95_10M","results_experiment_1_distill_tree__95_10M.csv","Irregular","Singular",0.5,-0.5,"set_fireman_lifeguard"
"Irregular Plural","firemen","examination",17.2558765411377,13.8054647445679,"distill_tree__95_10M","results_experiment_1_distill_tree__95_10M.csv","Irregular","Plural",0.5,0.5,"set_fireman_lifeguard"
"Regular Singular","lifeguard","examination",23.1636905670166,10.7129106521606,"distill_tree__95_10M","results_experiment_1_distill_tree__95_10M.csv","Regular","Singular",-0.5,-0.5,"set_fireman_lifeguard"
"Regular Plural","lifeguards","examination",26.8354666233063,12.872166633606,"distill_tree__95_10M","results_experiment_1_distill_tree__95_10M.csv","Regular","Plural",-0.5,0.5,"set_fireman_lifeguard"
"Irregular Singular","fireman","employer",17.0407838821411,12.4054198265076,"distill_tree__95_10M","results_experiment_1_distill_tree__95_10M.csv","Irregular","Singular",0.5,-0.5,"set_fireman_lifeguard"
"Irregular Plural","firemen","employer",17.2558794021606,15.1358065605164,"distill_tree__95_10M","results_experiment_1_distill_tree__95_10M.csv","Irregular","Plural",0.5,0.5,"set_fireman_lifeguard"
"Regular Singular","lifeguard","employer",23.1636896133423,13.2333257198334,"distill_tree__95_10M","results_experiment_1_distill_tree__95_10M.csv","Regular","Singular",-0.5,-0.5,"set_fireman_lifeguard"
"Regular Plural","lifeguards","employer",26.8354666233063,15.3918631076813,"distill_tree__95_10M","results_experiment_1_distill_tree__95_10M.csv","Regular","Plural",-0.5,0.5,"set_fireman_lifeguard"
"Irregular Singular","fireman","crew",17.0407857894897,9.45603656768799,"distill_tree__95_10M","results_experiment_1_distill_tree__95_10M.csv","Irregular","Singular",0.5,-0.5,"set_fireman_lifeguard"
"Irregular Plural","firemen","crew",17.2558765411377,10.4625520706177,"distill_tree__95_10M","results_experiment_1_distill_tree__95_10M.csv","Irregular","Plural",0.5,0.5,"set_fireman_lifeguard"
"Regular Singular","lifeguard","crew",23.1636905670166,10.3815689086914,"distill_tree__95_10M","results_experiment_1_distill_tree__95_10M.csv","Regular","Singular",-0.5,-0.5,"set_fireman_lifeguard"
"Regular Plural","lifeguards","crew",26.8354666233063,12.5356798171997,"distill_tree__95_10M","results_experiment_1_distill_tree__95_10M.csv","Regular","Plural",-0.5,0.5,"set_fireman_lifeguard"
"Irregular Singular","fireman","patrol",17.0407838821411,11.0730254650116,"distill_tree__95_10M","results_experiment_1_distill_tree__95_10M.csv","Irregular","Singular",0.5,-0.5,"set_fireman_lifeguard"
"Irregular Plural","firemen","patrol",17.2558794021606,10.1239125728607,"distill_tree__95_10M","results_experiment_1_distill_tree__95_10M.csv","Irregular","Plural",0.5,0.5,"set_fireman_lifeguard"
"Regular Singular","lifeguard","patrol",23.1636896133423,10.5336346626282,"distill_tree__95_10M","results_experiment_1_distill_tree__95_10M.csv","Regular","Singular",-0.5,-0.5,"set_fireman_lifeguard"
"Regular Plural","lifeguards","patrol",26.8354666233063,11.9066734313965,"distill_tree__95_10M","results_experiment_1_distill_tree__95_10M.csv","Regular","Plural",-0.5,0.5,"set_fireman_lifeguard"
"Irregular Singular","goose","protector",14.1732654571533,14.4149181842804,"gpt_2_10M","results_experiment_1_gpt_2_10M.csv","Irregular","Singular",0.5,-0.5,"set_goose_swan"
"Irregular Plural","geese","protector",13.9612226486206,13.3025367259979,"gpt_2_10M","results_experiment_1_gpt_2_10M.csv","Irregular","Plural",0.5,0.5,"set_goose_swan"
"Regular Singular","swan","protector",15.9741945266724,13.5548987388611,"gpt_2_10M","results_experiment_1_gpt_2_10M.csv","Regular","Singular",-0.5,-0.5,"set_goose_swan"
"Regular Plural","swans","protector",15.5923781394958,18.1225538253784,"gpt_2_10M","results_experiment_1_gpt_2_10M.csv","Regular","Plural",-0.5,0.5,"set_goose_swan"
"Irregular Singular","goose","trader",14.1732654571533,16.6850967407227,"gpt_2_10M","results_experiment_1_gpt_2_10M.csv","Irregular","Singular",0.5,-0.5,"set_goose_swan"
"Irregular Plural","geese","trader",13.9612226486206,13.3267946243286,"gpt_2_10M","results_experiment_1_gpt_2_10M.csv","Irregular","Plural",0.5,0.5,"set_goose_swan"
"Regular Singular","swan","trader",15.9741945266724,14.3308897018433,"gpt_2_10M","results_experiment_1_gpt_2_10M.csv","Regular","Singular",-0.5,-0.5,"set_goose_swan"
"Regular Plural","swans","trader",15.5923781394958,18.334867477417,"gpt_2_10M","results_experiment_1_gpt_2_10M.csv","Regular","Plural",-0.5,0.5,"set_goose_swan"
"Irregular Singular","goose","tracker",14.1732654571533,16.3782777786255,"gpt_2_10M","results_experiment_1_gpt_2_10M.csv","Irregular","Singular",0.5,-0.5,"set_goose_swan"
"Irregular Plural","geese","tracker",13.9612226486206,16.0837330818176,"gpt_2_10M","results_experiment_1_gpt_2_10M.csv","Irregular","Plural",0.5,0.5,"set_goose_swan"
"Regular Singular","swan","tracker",15.9741945266724,14.7877197265625,"gpt_2_10M","results_experiment_1_gpt_2_10M.csv","Regular","Singular",-0.5,-0.5,"set_goose_swan"
"Regular Plural","swans","tracker",15.5923781394958,17.8967604637146,"gpt_2_10M","results_experiment_1_gpt_2_10M.csv","Regular","Plural",-0.5,0.5,"set_goose_swan"
"Irregular Singular","goose","expert",14.1732654571533,14.0361003875732,"gpt_2_10M","results_experiment_1_gpt_2_10M.csv","Irregular","Singular",0.5,-0.5,"set_goose_swan"
"Irregular Plural","geese","expert",13.9612286090851,9.19287109375,"gpt_2_10M","results_experiment_1_gpt_2_10M.csv","Irregular","Plural",0.5,0.5,"set_goose_swan"
"Regular Singular","swan","expert",15.9741926193237,11.7784557342529,"gpt_2_10M","results_experiment_1_gpt_2_10M.csv","Regular","Singular",-0.5,-0.5,"set_goose_swan"
"Regular Plural","swans","expert",15.5923833847046,14.9962911605835,"gpt_2_10M","results_experiment_1_gpt_2_10M.csv","Regular","Plural",-0.5,0.5,"set_goose_swan"
"Irregular Singular","ox","register",13.5217552185059,11.2946329116821,"gpt_2_10M","results_experiment_1_gpt_2_10M.csv","Irregular","Singular",0.5,-0.5,"set_ox_cow"
"Irregular Plural","oxen","register",13.2350606918335,12.031566619873,"gpt_2_10M","results_experiment_1_gpt_2_10M.csv","Irregular","Plural",0.5,0.5,"set_ox_cow"
"Regular Singular","cow","register",11.5052394866943,10.8466606140137,"gpt_2_10M","results_experiment_1_gpt_2_10M.csv","Regular","Singular",-0.5,-0.5,"set_ox_cow"
"Regular Plural","cows","register",11.4885272979736,12.017294883728,"gpt_2_10M","results_experiment_1_gpt_2_10M.csv","Regular","Plural",-0.5,0.5,"set_ox_cow"
"Irregular Singular","ox","trader",13.5217542648315,13.7500381469727,"gpt_2_10M","results_experiment_1_gpt_2_10M.csv","Irregular","Singular",0.5,-0.5,"set_ox_cow"
"Irregular Plural","oxen","trader",13.2350616455078,16.3448572158813,"gpt_2_10M","results_experiment_1_gpt_2_10M.csv","Irregular","Plural",0.5,0.5,"set_ox_cow"
"Regular Singular","cow","trader",11.5052394866943,15.5477185249329,"gpt_2_10M","results_experiment_1_gpt_2_10M.csv","Regular","Singular",-0.5,-0.5,"set_ox_cow"
"Regular Plural","cows","trader",11.4885272979736,17.1085243225098,"gpt_2_10M","results_experiment_1_gpt_2_10M.csv","Regular","Plural",-0.5,0.5,"set_ox_cow"
"Irregular Singular","ox","tracker",13.5217542648315,18.6606016159058,"gpt_2_10M","results_experiment_1_gpt_2_10M.csv","Irregular","Singular",0.5,-0.5,"set_ox_cow"
"Irregular Plural","oxen","tracker",13.2350616455078,17.915150642395,"gpt_2_10M","results_experiment_1_gpt_2_10M.csv","Irregular","Plural",0.5,0.5,"set_ox_cow"
"Regular Singular","cow","tracker",11.5052394866943,16.935154914856,"gpt_2_10M","results_experiment_1_gpt_2_10M.csv","Regular","Singular",-0.5,-0.5,"set_ox_cow"
"Regular Plural","cows","tracker",11.4885272979736,17.9783496856689,"gpt_2_10M","results_experiment_1_gpt_2_10M.csv","Regular","Plural",-0.5,0.5,"set_ox_cow"
"Irregular Singular","ox","finder",13.5217542648315,17.9470806121826,"gpt_2_10M","results_experiment_1_gpt_2_10M.csv","Irregular","Singular",0.5,-0.5,"set_ox_cow"
"Irregular Plural","oxen","finder",13.2350616455078,19.8792552947998,"gpt_2_10M","results_experiment_1_gpt_2_10M.csv","Irregular","Plural",0.5,0.5,"set_ox_cow"
"Regular Singular","cow","finder",11.5052394866943,19.2089576721191,"gpt_2_10M","results_experiment_1_gpt_2_10M.csv","Regular","Singular",-0.5,-0.5,"set_ox_cow"
"Regular Plural","cows","finder",11.4885272979736,18.9391775131226,"gpt_2_10M","results_experiment_1_gpt_2_10M.csv","Regular","Plural",-0.5,0.5,"set_ox_cow"
"Irregular Singular","louse","issue",16.8993968963623,13.0949211120605,"gpt_2_10M","results_experiment_1_gpt_2_10M.csv","Irregular","Singular",0.5,-0.5,"set_louse_flea"
"Irregular Plural","lice","issue",16.0929479598999,12.4966440200806,"gpt_2_10M","results_experiment_1_gpt_2_10M.csv","Irregular","Plural",0.5,0.5,"set_louse_flea"
"Regular Singular","flea","issue",14.5120315551758,12.8210754394531,"gpt_2_10M","results_experiment_1_gpt_2_10M.csv","Regular","Singular",-0.5,-0.5,"set_louse_flea"
"Regular Plural","fleas","issue",18.275984287262,12.3946056365967,"gpt_2_10M","results_experiment_1_gpt_2_10M.csv","Regular","Plural",-0.5,0.5,"set_louse_flea"
"Irregular Singular","louse","trader",16.899395942688,14.556380033493,"gpt_2_10M","results_experiment_1_gpt_2_10M.csv","Irregular","Singular",0.5,-0.5,"set_louse_flea"
"Irregular Plural","lice","trader",16.0929489135742,16.835825920105,"gpt_2_10M","results_experiment_1_gpt_2_10M.csv","Irregular","Plural",0.5,0.5,"set_louse_flea"
"Regular Singular","flea","trader",14.5120368003845,12.8516428470612,"gpt_2_10M","results_experiment_1_gpt_2_10M.csv","Regular","Singular",-0.5,-0.5,"set_louse_flea"
"Regular Plural","fleas","trader",18.2759733200073,17.2365636825562,"gpt_2_10M","results_experiment_1_gpt_2_10M.csv","Regular","Plural",-0.5,0.5,"set_louse_flea"
"Irregular Singular","louse","tracker",16.899395942688,16.4946293830872,"gpt_2_10M","results_experiment_1_gpt_2_10M.csv","Irregular","Singular",0.5,-0.5,"set_louse_flea"
"Irregular Plural","lice","tracker",16.0929489135742,16.1682391166687,"gpt_2_10M","results_experiment_1_gpt_2_10M.csv","Irregular","Plural",0.5,0.5,"set_louse_flea"
"Regular Singular","flea","tracker",14.5120368003845,13.8591985702515,"gpt_2_10M","results_experiment_1_gpt_2_10M.csv","Regular","Singular",-0.5,-0.5,"set_louse_flea"
"Regular Plural","fleas","tracker",18.2759733200073,16.5578436851501,"gpt_2_10M","results_experiment_1_gpt_2_10M.csv","Regular","Plural",-0.5,0.5,"set_louse_flea"
"Irregular Singular","louse","expert",16.8993968963623,14.0217266082764,"gpt_2_10M","results_experiment_1_gpt_2_10M.csv","Irregular","Singular",0.5,-0.5,"set_louse_flea"
"Irregular Plural","lice","expert",16.0929479598999,12.656795501709,"gpt_2_10M","results_experiment_1_gpt_2_10M.csv","Irregular","Plural",0.5,0.5,"set_louse_flea"
"Regular Singular","flea","expert",14.5120315551758,12.5097303390503,"gpt_2_10M","results_experiment_1_gpt_2_10M.csv","Regular","Singular",-0.5,-0.5,"set_louse_flea"
"Regular Plural","fleas","expert",18.275984287262,13.736255645752,"gpt_2_10M","results_experiment_1_gpt_2_10M.csv","Regular","Plural",-0.5,0.5,"set_louse_flea"
"Irregular Singular","mouse","issue",12.2455282211304,12.4305839538574,"gpt_2_10M","results_experiment_1_gpt_2_10M.csv","Irregular","Singular",0.5,-0.5,"set_mouse_rat"
"Irregular Plural","mice","issue",12.3633403778076,14.5216503143311,"gpt_2_10M","results_experiment_1_gpt_2_10M.csv","Irregular","Plural",0.5,0.5,"set_mouse_rat"
"Regular Singular","rat","issue",15.2307119369507,9.95784187316895,"gpt_2_10M","results_experiment_1_gpt_2_10M.csv","Regular","Singular",-0.5,-0.5,"set_mouse_rat"
"Regular Plural","rats","issue",12.9704923629761,14.1478338241577,"gpt_2_10M","results_experiment_1_gpt_2_10M.csv","Regular","Plural",-0.5,0.5,"set_mouse_rat"
"Irregular Singular","mouse","trader",12.2455272674561,17.3954186439514,"gpt_2_10M","results_experiment_1_gpt_2_10M.csv","Irregular","Singular",0.5,-0.5,"set_mouse_rat"
"Irregular Plural","mice","trader",12.3633403778076,18.0139017105103,"gpt_2_10M","results_experiment_1_gpt_2_10M.csv","Irregular","Plural",0.5,0.5,"set_mouse_rat"
"Regular Singular","rat","trader",15.2307100296021,14.3667440414429,"gpt_2_10M","results_experiment_1_gpt_2_10M.csv","Regular","Singular",-0.5,-0.5,"set_mouse_rat"
"Regular Plural","rats","trader",12.9704923629761,17.7275838851929,"gpt_2_10M","results_experiment_1_gpt_2_10M.csv","Regular","Plural",-0.5,0.5,"set_mouse_rat"
"Irregular Singular","mouse","tracker",12.2455272674561,17.9039306640625,"gpt_2_10M","results_experiment_1_gpt_2_10M.csv","Irregular","Singular",0.5,-0.5,"set_mouse_rat"
"Irregular Plural","mice","tracker",12.3633403778076,19.6549825668335,"gpt_2_10M","results_experiment_1_gpt_2_10M.csv","Irregular","Plural",0.5,0.5,"set_mouse_rat"
"Regular Singular","rat","tracker",15.2307100296021,16.7993259429932,"gpt_2_10M","results_experiment_1_gpt_2_10M.csv","Regular","Singular",-0.5,-0.5,"set_mouse_rat"
"Regular Plural","rats","tracker",12.9704923629761,17.9515552520752,"gpt_2_10M","results_experiment_1_gpt_2_10M.csv","Regular","Plural",-0.5,0.5,"set_mouse_rat"
"Irregular Singular","mouse","inspector",12.2455282211304,14.6143894195557,"gpt_2_10M","results_experiment_1_gpt_2_10M.csv","Irregular","Singular",0.5,-0.5,"set_mouse_rat"
"Irregular Plural","mice","inspector",12.3633403778076,16.129602432251,"gpt_2_10M","results_experiment_1_gpt_2_10M.csv","Irregular","Plural",0.5,0.5,"set_mouse_rat"
"Regular Singular","rat","inspector",15.2307119369507,12.8480453491211,"gpt_2_10M","results_experiment_1_gpt_2_10M.csv","Regular","Singular",-0.5,-0.5,"set_mouse_rat"
"Regular Plural","rats","inspector",12.9704923629761,14.2934894561768,"gpt_2_10M","results_experiment_1_gpt_2_10M.csv","Regular","Plural",-0.5,0.5,"set_mouse_rat"
"Irregular Singular","foot","issue",10.8211498260498,12.735954284668,"gpt_2_10M","results_experiment_1_gpt_2_10M.csv","Irregular","Singular",0.5,-0.5,"set_foot_leg"
"Irregular Plural","feet","issue",10.62096118927,14.300271987915,"gpt_2_10M","results_experiment_1_gpt_2_10M.csv","Irregular","Plural",0.5,0.5,"set_foot_leg"
"Regular Singular","leg","issue",12.3322315216064,10.4814796447754,"gpt_2_10M","results_experiment_1_gpt_2_10M.csv","Regular","Singular",-0.5,-0.5,"set_foot_leg"
"Regular Plural","legs","issue",11.2742490768433,13.5185356140137,"gpt_2_10M","results_experiment_1_gpt_2_10M.csv","Regular","Plural",-0.5,0.5,"set_foot_leg"
"Irregular Singular","foot","examination",10.8211498260498,12.9736633300781,"gpt_2_10M","results_experiment_1_gpt_2_10M.csv","Irregular","Singular",0.5,-0.5,"set_foot_leg"
"Irregular Plural","feet","examination",10.62096118927,15.021653175354,"gpt_2_10M","results_experiment_1_gpt_2_10M.csv","Irregular","Plural",0.5,0.5,"set_foot_leg"
"Regular Singular","leg","examination",12.3322315216064,12.2892618179321,"gpt_2_10M","results_experiment_1_gpt_2_10M.csv","Regular","Singular",-0.5,-0.5,"set_foot_leg"
"Regular Plural","legs","examination",11.2742490768433,15.2392778396606,"gpt_2_10M","results_experiment_1_gpt_2_10M.csv","Regular","Plural",-0.5,0.5,"set_foot_leg"
"Irregular Singular","foot","expert",10.8211498260498,13.0795726776123,"gpt_2_10M","results_experiment_1_gpt_2_10M.csv","Irregular","Singular",0.5,-0.5,"set_foot_leg"
"Irregular Plural","feet","expert",10.62096118927,14.4130802154541,"gpt_2_10M","results_experiment_1_gpt_2_10M.csv","Irregular","Plural",0.5,0.5,"set_foot_leg"
"Regular Singular","leg","expert",12.3322315216064,11.0412321090698,"gpt_2_10M","results_experiment_1_gpt_2_10M.csv","Regular","Singular",-0.5,-0.5,"set_foot_leg"
"Regular Plural","legs","expert",11.2742490768433,14.438946723938,"gpt_2_10M","results_experiment_1_gpt_2_10M.csv","Regular","Plural",-0.5,0.5,"set_foot_leg"
"Irregular Singular","foot","inspector",10.8211498260498,13.3459548950195,"gpt_2_10M","results_experiment_1_gpt_2_10M.csv","Irregular","Singular",0.5,-0.5,"set_foot_leg"
"Irregular Plural","feet","inspector",10.62096118927,15.4722633361816,"gpt_2_10M","results_experiment_1_gpt_2_10M.csv","Irregular","Plural",0.5,0.5,"set_foot_leg"
"Regular Singular","leg","inspector",12.3322315216064,11.754861831665,"gpt_2_10M","results_experiment_1_gpt_2_10M.csv","Regular","Singular",-0.5,-0.5,"set_foot_leg"
"Regular Plural","legs","inspector",11.2742490768433,16.7200260162354,"gpt_2_10M","results_experiment_1_gpt_2_10M.csv","Regular","Plural",-0.5,0.5,"set_foot_leg"
"Irregular Singular","tooth","issue",13.1374588012695,12.066873550415,"gpt_2_10M","results_experiment_1_gpt_2_10M.csv","Irregular","Singular",0.5,-0.5,"set_tooth_bone"
"Irregular Plural","teeth","issue",12.782621383667,12.5809764862061,"gpt_2_10M","results_experiment_1_gpt_2_10M.csv","Irregular","Plural",0.5,0.5,"set_tooth_bone"
"Regular Singular","bone","issue",12.1321506500244,12.3167095184326,"gpt_2_10M","results_experiment_1_gpt_2_10M.csv","Regular","Singular",-0.5,-0.5,"set_tooth_bone"
"Regular Plural","bones","issue",12.8239326477051,13.3009424209595,"gpt_2_10M","results_experiment_1_gpt_2_10M.csv","Regular","Plural",-0.5,0.5,"set_tooth_bone"
"Irregular Singular","tooth","examination",13.1374588012695,11.3166990280151,"gpt_2_10M","results_experiment_1_gpt_2_10M.csv","Irregular","Singular",0.5,-0.5,"set_tooth_bone"
"Irregular Plural","teeth","examination",12.782621383667,13.4909534454346,"gpt_2_10M","results_experiment_1_gpt_2_10M.csv","Irregular","Plural",0.5,0.5,"set_tooth_bone"
"Regular Singular","bone","examination",12.1321506500244,13.6985054016113,"gpt_2_10M","results_experiment_1_gpt_2_10M.csv","Regular","Singular",-0.5,-0.5,"set_tooth_bone"
"Regular Plural","bones","examination",12.8239326477051,14.5359706878662,"gpt_2_10M","results_experiment_1_gpt_2_10M.csv","Regular","Plural",-0.5,0.5,"set_tooth_bone"
"Irregular Singular","tooth","expert",13.1374588012695,12.5750141143799,"gpt_2_10M","results_experiment_1_gpt_2_10M.csv","Irregular","Singular",0.5,-0.5,"set_tooth_bone"
"Irregular Plural","teeth","expert",12.782621383667,14.3432331085205,"gpt_2_10M","results_experiment_1_gpt_2_10M.csv","Irregular","Plural",0.5,0.5,"set_tooth_bone"
"Regular Singular","bone","expert",12.1321506500244,11.6722049713135,"gpt_2_10M","results_experiment_1_gpt_2_10M.csv","Regular","Singular",-0.5,-0.5,"set_tooth_bone"
"Regular Plural","bones","expert",12.8239326477051,13.1989727020264,"gpt_2_10M","results_experiment_1_gpt_2_10M.csv","Regular","Plural",-0.5,0.5,"set_tooth_bone"
"Irregular Singular","tooth","protector",13.1374588012695,15.7639560699463,"gpt_2_10M","results_experiment_1_gpt_2_10M.csv","Irregular","Singular",0.5,-0.5,"set_tooth_bone"
"Irregular Plural","teeth","protector",12.782621383667,14.8409271240234,"gpt_2_10M","results_experiment_1_gpt_2_10M.csv","Irregular","Plural",0.5,0.5,"set_tooth_bone"
"Regular Singular","bone","protector",12.1321496963501,13.624596118927,"gpt_2_10M","results_experiment_1_gpt_2_10M.csv","Regular","Singular",-0.5,-0.5,"set_tooth_bone"
"Regular Plural","bones","protector",12.8239326477051,14.8946280479431,"gpt_2_10M","results_experiment_1_gpt_2_10M.csv","Regular","Plural",-0.5,0.5,"set_tooth_bone"
"Irregular Singular","child","patrol",10.1903915405273,12.5725564956665,"gpt_2_10M","results_experiment_1_gpt_2_10M.csv","Irregular","Singular",0.5,-0.5,"set_child_adult"
"Irregular Plural","children","patrol",8.61385440826416,13.0242443084717,"gpt_2_10M","results_experiment_1_gpt_2_10M.csv","Irregular","Plural",0.5,0.5,"set_child_adult"
"Regular Singular","adult","patrol",12.7879619598389,11.7882480621338,"gpt_2_10M","results_experiment_1_gpt_2_10M.csv","Regular","Singular",-0.5,-0.5,"set_child_adult"
"Regular Plural","adults","patrol",11.6867904663086,12.4145975112915,"gpt_2_10M","results_experiment_1_gpt_2_10M.csv","Regular","Plural",-0.5,0.5,"set_child_adult"
"Irregular Singular","child","register",10.1903915405273,14.900918006897,"gpt_2_10M","results_experiment_1_gpt_2_10M.csv","Irregular","Singular",0.5,-0.5,"set_child_adult"
"Irregular Plural","children","register",8.61385440826416,13.4240646362305,"gpt_2_10M","results_experiment_1_gpt_2_10M.csv","Irregular","Plural",0.5,0.5,"set_child_adult"
"Regular Singular","adult","register",12.7879619598389,13.6339092254639,"gpt_2_10M","results_experiment_1_gpt_2_10M.csv","Regular","Singular",-0.5,-0.5,"set_child_adult"
"Regular Plural","adults","register",11.6867904663086,11.8179368972778,"gpt_2_10M","results_experiment_1_gpt_2_10M.csv","Regular","Plural",-0.5,0.5,"set_child_adult"
"Irregular Singular","child","institute",10.1903915405273,14.6103587150574,"gpt_2_10M","results_experiment_1_gpt_2_10M.csv","Irregular","Singular",0.5,-0.5,"set_child_adult"
"Irregular Plural","children","institute",8.61385440826416,14.7797274589539,"gpt_2_10M","results_experiment_1_gpt_2_10M.csv","Irregular","Plural",0.5,0.5,"set_child_adult"
"Regular Singular","adult","institute",12.7879629135132,13.2803044319153,"gpt_2_10M","results_experiment_1_gpt_2_10M.csv","Regular","Singular",-0.5,-0.5,"set_child_adult"
"Regular Plural","adults","institute",11.68678855896,14.4305851459503,"gpt_2_10M","results_experiment_1_gpt_2_10M.csv","Regular","Plural",-0.5,0.5,"set_child_adult"
"Irregular Singular","child","crew",10.1903915405273,12.4959449768066,"gpt_2_10M","results_experiment_1_gpt_2_10M.csv","Irregular","Singular",0.5,-0.5,"set_child_adult"
"Irregular Plural","children","crew",8.61385440826416,13.5729427337646,"gpt_2_10M","results_experiment_1_gpt_2_10M.csv","Irregular","Plural",0.5,0.5,"set_child_adult"
"Regular Singular","adult","crew",12.7879619598389,9.96731185913086,"gpt_2_10M","results_experiment_1_gpt_2_10M.csv","Regular","Singular",-0.5,-0.5,"set_child_adult"
"Regular Plural","adults","crew",11.6867904663086,13.3552026748657,"gpt_2_10M","results_experiment_1_gpt_2_10M.csv","Regular","Plural",-0.5,0.5,"set_child_adult"
"Irregular Singular","woman","protector",10.6586561203003,16.1009178161621,"gpt_2_10M","results_experiment_1_gpt_2_10M.csv","Irregular","Singular",0.5,-0.5,"set_woman_girl"
"Irregular Plural","women","protector",10.5235614776611,16.0044803619385,"gpt_2_10M","results_experiment_1_gpt_2_10M.csv","Irregular","Plural",0.5,0.5,"set_woman_girl"
"Regular Singular","girl","protector",9.36938285827637,18.8151588439941,"gpt_2_10M","results_experiment_1_gpt_2_10M.csv","Regular","Singular",-0.5,-0.5,"set_woman_girl"
"Regular Plural","girls","protector",9.43192672729492,21.6226940155029,"gpt_2_10M","results_experiment_1_gpt_2_10M.csv","Regular","Plural",-0.5,0.5,"set_woman_girl"
"Irregular Singular","woman","register",10.658655166626,15.0953435897827,"gpt_2_10M","results_experiment_1_gpt_2_10M.csv","Irregular","Singular",0.5,-0.5,"set_woman_girl"
"Irregular Plural","women","register",10.5235605239868,12.4329986572266,"gpt_2_10M","results_experiment_1_gpt_2_10M.csv","Irregular","Plural",0.5,0.5,"set_woman_girl"
"Regular Singular","girl","register",9.36938190460205,14.2437543869019,"gpt_2_10M","results_experiment_1_gpt_2_10M.csv","Regular","Singular",-0.5,-0.5,"set_woman_girl"
"Regular Plural","girls","register",9.43192768096924,12.9756622314453,"gpt_2_10M","results_experiment_1_gpt_2_10M.csv","Regular","Plural",-0.5,0.5,"set_woman_girl"
"Irregular Singular","woman","hangout",10.6586561203003,19.146523475647,"gpt_2_10M","results_experiment_1_gpt_2_10M.csv","Irregular","Singular",0.5,-0.5,"set_woman_girl"
"Irregular Plural","women","hangout",10.5235614776611,18.1921768188477,"gpt_2_10M","results_experiment_1_gpt_2_10M.csv","Irregular","Plural",0.5,0.5,"set_woman_girl"
"Regular Singular","girl","hangout",9.36938285827637,18.8295402526855,"gpt_2_10M","results_experiment_1_gpt_2_10M.csv","Regular","Singular",-0.5,-0.5,"set_woman_girl"
"Regular Plural","girls","hangout",9.43192672729492,20.5474081039429,"gpt_2_10M","results_experiment_1_gpt_2_10M.csv","Regular","Plural",-0.5,0.5,"set_woman_girl"
"Irregular Singular","woman","crew",10.658655166626,12.918607711792,"gpt_2_10M","results_experiment_1_gpt_2_10M.csv","Irregular","Singular",0.5,-0.5,"set_woman_girl"
"Irregular Plural","women","crew",10.5235605239868,12.7360982894897,"gpt_2_10M","results_experiment_1_gpt_2_10M.csv","Irregular","Plural",0.5,0.5,"set_woman_girl"
"Regular Singular","girl","crew",9.36938190460205,12.1155662536621,"gpt_2_10M","results_experiment_1_gpt_2_10M.csv","Regular","Singular",-0.5,-0.5,"set_woman_girl"
"Regular Plural","girls","crew",9.43192768096924,13.5544853210449,"gpt_2_10M","results_experiment_1_gpt_2_10M.csv","Regular","Plural",-0.5,0.5,"set_woman_girl"
"Irregular Singular","man","institute",8.61648559570312,14.7312545776367,"gpt_2_10M","results_experiment_1_gpt_2_10M.csv","Irregular","Singular",0.5,-0.5,"set_man_boy"
"Irregular Plural","men","institute",8.77984809875488,14.9872119426727,"gpt_2_10M","results_experiment_1_gpt_2_10M.csv","Irregular","Plural",0.5,0.5,"set_man_boy"
"Regular Singular","boy","institute",8.67548084259033,14.8819785118103,"gpt_2_10M","results_experiment_1_gpt_2_10M.csv","Regular","Singular",-0.5,-0.5,"set_man_boy"
"Regular Plural","boys","institute",9.29479122161865,14.8411464691162,"gpt_2_10M","results_experiment_1_gpt_2_10M.csv","Regular","Plural",-0.5,0.5,"set_man_boy"
"Irregular Singular","man","register",8.61648464202881,12.6666889190674,"gpt_2_10M","results_experiment_1_gpt_2_10M.csv","Irregular","Singular",0.5,-0.5,"set_man_boy"
"Irregular Plural","men","register",8.7798490524292,12.6100559234619,"gpt_2_10M","results_experiment_1_gpt_2_10M.csv","Irregular","Plural",0.5,0.5,"set_man_boy"
"Regular Singular","boy","register",8.67548179626465,15.4522466659546,"gpt_2_10M","results_experiment_1_gpt_2_10M.csv","Regular","Singular",-0.5,-0.5,"set_man_boy"
"Regular Plural","boys","register",9.29479122161865,13.309549331665,"gpt_2_10M","results_experiment_1_gpt_2_10M.csv","Regular","Plural",-0.5,0.5,"set_man_boy"
"Irregular Singular","man","finder",8.61648559570312,21.0811100006104,"gpt_2_10M","results_experiment_1_gpt_2_10M.csv","Irregular","Singular",0.5,-0.5,"set_man_boy"
"Irregular Plural","men","finder",8.77984809875488,18.8292293548584,"gpt_2_10M","results_experiment_1_gpt_2_10M.csv","Irregular","Plural",0.5,0.5,"set_man_boy"
"Regular Singular","boy","finder",8.67548084259033,20.49365234375,"gpt_2_10M","results_experiment_1_gpt_2_10M.csv","Regular","Singular",-0.5,-0.5,"set_man_boy"
"Regular Plural","boys","finder",9.29479122161865,20.5994205474854,"gpt_2_10M","results_experiment_1_gpt_2_10M.csv","Regular","Plural",-0.5,0.5,"set_man_boy"
"Irregular Singular","man","hangout",8.61648559570312,19.1231994628906,"gpt_2_10M","results_experiment_1_gpt_2_10M.csv","Irregular","Singular",0.5,-0.5,"set_man_boy"
"Irregular Plural","men","hangout",8.77984809875488,18.9330987930298,"gpt_2_10M","results_experiment_1_gpt_2_10M.csv","Irregular","Plural",0.5,0.5,"set_man_boy"
"Regular Singular","boy","hangout",8.67548084259033,19.9561653137207,"gpt_2_10M","results_experiment_1_gpt_2_10M.csv","Regular","Singular",-0.5,-0.5,"set_man_boy"
"Regular Plural","boys","hangout",9.29479122161865,20.2311210632324,"gpt_2_10M","results_experiment_1_gpt_2_10M.csv","Regular","Plural",-0.5,0.5,"set_man_boy"
"Irregular Singular","salesman","institute",15.0537037849426,12.7798795700073,"gpt_2_10M","results_experiment_1_gpt_2_10M.csv","Irregular","Singular",0.5,-0.5,"set_salesman_retailer"
"Irregular Plural","salesmen","institute",18.4689440727234,13.0565190315247,"gpt_2_10M","results_experiment_1_gpt_2_10M.csv","Irregular","Plural",0.5,0.5,"set_salesman_retailer"
"Regular Singular","retailer","institute",19.006986618042,15.4177777767181,"gpt_2_10M","results_experiment_1_gpt_2_10M.csv","Regular","Singular",-0.5,-0.5,"set_salesman_retailer"
"Regular Plural","retailers","institute",18.5431661605835,14.7384250164032,"gpt_2_10M","results_experiment_1_gpt_2_10M.csv","Regular","Plural",-0.5,0.5,"set_salesman_retailer"
"Irregular Singular","salesman","inspector",15.0537040233612,10.1382055282593,"gpt_2_10M","results_experiment_1_gpt_2_10M.csv","Irregular","Singular",0.5,-0.5,"set_salesman_retailer"
"Irregular Plural","salesmen","inspector",18.4689435958862,12.3572483062744,"gpt_2_10M","results_experiment_1_gpt_2_10M.csv","Irregular","Plural",0.5,0.5,"set_salesman_retailer"
"Regular Singular","retailer","inspector",19.0069828033447,12.8871994018555,"gpt_2_10M","results_experiment_1_gpt_2_10M.csv","Regular","Singular",-0.5,-0.5,"set_salesman_retailer"
"Regular Plural","retailers","inspector",18.5431666374207,13.8183574676514,"gpt_2_10M","results_experiment_1_gpt_2_10M.csv","Regular","Plural",-0.5,0.5,"set_salesman_retailer"
"Irregular Singular","salesman","protector",15.0537037849426,14.0680916309357,"gpt_2_10M","results_experiment_1_gpt_2_10M.csv","Irregular","Singular",0.5,-0.5,"set_salesman_retailer"
"Irregular Plural","salesmen","protector",18.4689440727234,14.3745393753052,"gpt_2_10M","results_experiment_1_gpt_2_10M.csv","Irregular","Plural",0.5,0.5,"set_salesman_retailer"
"Regular Singular","retailer","protector",19.006986618042,12.9018473625183,"gpt_2_10M","results_experiment_1_gpt_2_10M.csv","Regular","Singular",-0.5,-0.5,"set_salesman_retailer"
"Regular Plural","retailers","protector",18.5431661605835,16.1869387626648,"gpt_2_10M","results_experiment_1_gpt_2_10M.csv","Regular","Plural",-0.5,0.5,"set_salesman_retailer"
"Irregular Singular","salesman","employer",15.0537037849426,10.6562424898148,"gpt_2_10M","results_experiment_1_gpt_2_10M.csv","Irregular","Singular",0.5,-0.5,"set_salesman_retailer"
"Irregular Plural","salesmen","employer",18.4689440727234,13.1176495552063,"gpt_2_10M","results_experiment_1_gpt_2_10M.csv","Irregular","Plural",0.5,0.5,"set_salesman_retailer"
"Regular Singular","retailer","employer",19.006986618042,11.6645948886871,"gpt_2_10M","results_experiment_1_gpt_2_10M.csv","Regular","Singular",-0.5,-0.5,"set_salesman_retailer"
"Regular Plural","retailers","employer",18.5431661605835,15.4951186180115,"gpt_2_10M","results_experiment_1_gpt_2_10M.csv","Regular","Plural",-0.5,0.5,"set_salesman_retailer"
"Irregular Singular","nobleman","patrol",15.5814275741577,11.4776306152344,"gpt_2_10M","results_experiment_1_gpt_2_10M.csv","Irregular","Singular",0.5,-0.5,"set_nobleman_aristocrat"
"Irregular Plural","noblemen","patrol",19.8172302246094,11.8035354614258,"gpt_2_10M","results_experiment_1_gpt_2_10M.csv","Irregular","Plural",0.5,0.5,"set_nobleman_aristocrat"
"Regular Singular","aristocrat","patrol",26.6525831222534,11.4650268554688,"gpt_2_10M","results_experiment_1_gpt_2_10M.csv","Regular","Singular",-0.5,-0.5,"set_nobleman_aristocrat"
"Regular Plural","aristocrats","patrol",20.7320308685303,10.6339979171753,"gpt_2_10M","results_experiment_1_gpt_2_10M.csv","Regular","Plural",-0.5,0.5,"set_nobleman_aristocrat"
"Irregular Singular","nobleman","hangout",15.5814228057861,17.4969673156738,"gpt_2_10M","results_experiment_1_gpt_2_10M.csv","Irregular","Singular",0.5,-0.5,"set_nobleman_aristocrat"
"Irregular Plural","noblemen","hangout",19.8172283172607,17.322772026062,"gpt_2_10M","results_experiment_1_gpt_2_10M.csv","Irregular","Plural",0.5,0.5,"set_nobleman_aristocrat"
"Regular Singular","aristocrat","hangout",26.652587890625,16.9984812736511,"gpt_2_10M","results_experiment_1_gpt_2_10M.csv","Regular","Singular",-0.5,-0.5,"set_nobleman_aristocrat"
"Regular Plural","aristocrats","hangout",20.7320322990417,17.1861686706543,"gpt_2_10M","results_experiment_1_gpt_2_10M.csv","Regular","Plural",-0.5,0.5,"set_nobleman_aristocrat"
"Irregular Singular","nobleman","institute",15.5814228057861,14.2820527553558,"gpt_2_10M","results_experiment_1_gpt_2_10M.csv","Irregular","Singular",0.5,-0.5,"set_nobleman_aristocrat"
"Irregular Plural","noblemen","institute",19.8172283172607,14.407998085022,"gpt_2_10M","results_experiment_1_gpt_2_10M.csv","Irregular","Plural",0.5,0.5,"set_nobleman_aristocrat"
"Regular Singular","aristocrat","institute",26.652587890625,12.1363995075226,"gpt_2_10M","results_experiment_1_gpt_2_10M.csv","Regular","Singular",-0.5,-0.5,"set_nobleman_aristocrat"
"Regular Plural","aristocrats","institute",20.7320322990417,12.7040929794312,"gpt_2_10M","results_experiment_1_gpt_2_10M.csv","Regular","Plural",-0.5,0.5,"set_nobleman_aristocrat"
"Irregular Singular","nobleman","crew",15.5814275741577,11.663462638855,"gpt_2_10M","results_experiment_1_gpt_2_10M.csv","Irregular","Singular",0.5,-0.5,"set_nobleman_aristocrat"
"Irregular Plural","noblemen","crew",19.8172302246094,12.121901512146,"gpt_2_10M","results_experiment_1_gpt_2_10M.csv","Irregular","Plural",0.5,0.5,"set_nobleman_aristocrat"
"Regular Singular","aristocrat","crew",26.6525831222534,10.673734664917,"gpt_2_10M","results_experiment_1_gpt_2_10M.csv","Regular","Singular",-0.5,-0.5,"set_nobleman_aristocrat"
"Regular Plural","aristocrats","crew",20.7320308685303,11.2173337936401,"gpt_2_10M","results_experiment_1_gpt_2_10M.csv","Regular","Plural",-0.5,0.5,"set_nobleman_aristocrat"
"Irregular Singular","boatman","patrol",15.5327796936035,10.9123620986938,"gpt_2_10M","results_experiment_1_gpt_2_10M.csv","Irregular","Singular",0.5,-0.5,"set_boatman_shipmate"
"Irregular Plural","boatmen","patrol",16.6835217475891,10.6578006744385,"gpt_2_10M","results_experiment_1_gpt_2_10M.csv","Irregular","Plural",0.5,0.5,"set_boatman_shipmate"
"Regular Singular","shipmate","patrol",17.685489654541,11.1228837966919,"gpt_2_10M","results_experiment_1_gpt_2_10M.csv","Regular","Singular",-0.5,-0.5,"set_boatman_shipmate"
"Regular Plural","shipmates","patrol",17.7485938072205,11.4641160964966,"gpt_2_10M","results_experiment_1_gpt_2_10M.csv","Regular","Plural",-0.5,0.5,"set_boatman_shipmate"
"Irregular Singular","boatman","finder",15.5327806472778,18.8132095336914,"gpt_2_10M","results_experiment_1_gpt_2_10M.csv","Irregular","Singular",0.5,-0.5,"set_boatman_shipmate"
"Irregular Plural","boatmen","finder",16.6835250854492,18.5760650634766,"gpt_2_10M","results_experiment_1_gpt_2_10M.csv","Irregular","Plural",0.5,0.5,"set_boatman_shipmate"
"Regular Singular","shipmate","finder",17.6854858398438,18.5436930656433,"gpt_2_10M","results_experiment_1_gpt_2_10M.csv","Regular","Singular",-0.5,-0.5,"set_boatman_shipmate"
"Regular Plural","shipmates","finder",17.7485904693604,19.5078086853027,"gpt_2_10M","results_experiment_1_gpt_2_10M.csv","Regular","Plural",-0.5,0.5,"set_boatman_shipmate"
"Irregular Singular","boatman","inspector",15.5327796936035,11.1638383865356,"gpt_2_10M","results_experiment_1_gpt_2_10M.csv","Irregular","Singular",0.5,-0.5,"set_boatman_shipmate"
"Irregular Plural","boatmen","inspector",16.6835217475891,13.1612339019775,"gpt_2_10M","results_experiment_1_gpt_2_10M.csv","Irregular","Plural",0.5,0.5,"set_boatman_shipmate"
"Regular Singular","shipmate","inspector",17.685489654541,10.2576856613159,"gpt_2_10M","results_experiment_1_gpt_2_10M.csv","Regular","Singular",-0.5,-0.5,"set_boatman_shipmate"
"Regular Plural","shipmates","inspector",17.7485938072205,12.4075164794922,"gpt_2_10M","results_experiment_1_gpt_2_10M.csv","Regular","Plural",-0.5,0.5,"set_boatman_shipmate"
"Irregular Singular","boatman","employer",15.5327806472778,12.7823256254196,"gpt_2_10M","results_experiment_1_gpt_2_10M.csv","Irregular","Singular",0.5,-0.5,"set_boatman_shipmate"
"Irregular Plural","boatmen","employer",16.6835250854492,14.1214082241058,"gpt_2_10M","results_experiment_1_gpt_2_10M.csv","Irregular","Plural",0.5,0.5,"set_boatman_shipmate"
"Regular Singular","shipmate","employer",17.6854858398438,13.9219275712967,"gpt_2_10M","results_experiment_1_gpt_2_10M.csv","Regular","Singular",-0.5,-0.5,"set_boatman_shipmate"
"Regular Plural","shipmates","employer",17.7485904693604,14.7798013687134,"gpt_2_10M","results_experiment_1_gpt_2_10M.csv","Regular","Plural",-0.5,0.5,"set_boatman_shipmate"
"Irregular Singular","craftsman","employer",24.0720291137695,13.3456203937531,"gpt_2_10M","results_experiment_1_gpt_2_10M.csv","Irregular","Singular",0.5,-0.5,"set_craftsman_labourer"
"Irregular Plural","craftsmen","employer",24.8068075180054,16.5623621940613,"gpt_2_10M","results_experiment_1_gpt_2_10M.csv","Irregular","Plural",0.5,0.5,"set_craftsman_labourer"
"Regular Singular","labourer","employer",18.7694110870361,12.2188601493835,"gpt_2_10M","results_experiment_1_gpt_2_10M.csv","Regular","Singular",-0.5,-0.5,"set_craftsman_labourer"
"Regular Plural","labourers","employer",22.0301687717438,13.3760861158371,"gpt_2_10M","results_experiment_1_gpt_2_10M.csv","Regular","Plural",-0.5,0.5,"set_craftsman_labourer"
"Irregular Singular","craftsman","examination",24.0720286369324,13.2495222091675,"gpt_2_10M","results_experiment_1_gpt_2_10M.csv","Irregular","Singular",0.5,-0.5,"set_craftsman_labourer"
"Irregular Plural","craftsmen","examination",24.8068060874939,13.5023288726807,"gpt_2_10M","results_experiment_1_gpt_2_10M.csv","Irregular","Plural",0.5,0.5,"set_craftsman_labourer"
"Regular Singular","labourer","examination",18.7694082260132,11.7176160812378,"gpt_2_10M","results_experiment_1_gpt_2_10M.csv","Regular","Singular",-0.5,-0.5,"set_craftsman_labourer"
"Regular Plural","labourers","examination",22.0301687717438,12.2649631500244,"gpt_2_10M","results_experiment_1_gpt_2_10M.csv","Regular","Plural",-0.5,0.5,"set_craftsman_labourer"
"Irregular Singular","craftsman","hangout",24.0720291137695,18.532753944397,"gpt_2_10M","results_experiment_1_gpt_2_10M.csv","Irregular","Singular",0.5,-0.5,"set_craftsman_labourer"
"Irregular Plural","craftsmen","hangout",24.8068075180054,18.5437726974487,"gpt_2_10M","results_experiment_1_gpt_2_10M.csv","Irregular","Plural",0.5,0.5,"set_craftsman_labourer"
"Regular Singular","labourer","hangout",18.7694110870361,17.0230197906494,"gpt_2_10M","results_experiment_1_gpt_2_10M.csv","Regular","Singular",-0.5,-0.5,"set_craftsman_labourer"
"Regular Plural","labourers","hangout",22.0301687717438,17.5285806655884,"gpt_2_10M","results_experiment_1_gpt_2_10M.csv","Regular","Plural",-0.5,0.5,"set_craftsman_labourer"
"Irregular Singular","craftsman","finder",24.0720291137695,20.9177408218384,"gpt_2_10M","results_experiment_1_gpt_2_10M.csv","Irregular","Singular",0.5,-0.5,"set_craftsman_labourer"
"Irregular Plural","craftsmen","finder",24.8068075180054,19.8409423828125,"gpt_2_10M","results_experiment_1_gpt_2_10M.csv","Irregular","Plural",0.5,0.5,"set_craftsman_labourer"
"Regular Singular","labourer","finder",18.7694110870361,17.3031024932861,"gpt_2_10M","results_experiment_1_gpt_2_10M.csv","Regular","Singular",-0.5,-0.5,"set_craftsman_labourer"
"Regular Plural","labourers","finder",22.0301687717438,19.0531206130981,"gpt_2_10M","results_experiment_1_gpt_2_10M.csv","Regular","Plural",-0.5,0.5,"set_craftsman_labourer"
"Irregular Singular","fireman","examination",12.5228061676025,13.2256107330322,"gpt_2_10M","results_experiment_1_gpt_2_10M.csv","Irregular","Singular",0.5,-0.5,"set_fireman_lifeguard"
"Irregular Plural","firemen","examination",13.8403415679932,13.8002586364746,"gpt_2_10M","results_experiment_1_gpt_2_10M.csv","Irregular","Plural",0.5,0.5,"set_fireman_lifeguard"
"Regular Singular","lifeguard","examination",21.6353845596313,12.7546148300171,"gpt_2_10M","results_experiment_1_gpt_2_10M.csv","Regular","Singular",-0.5,-0.5,"set_fireman_lifeguard"
"Regular Plural","lifeguards","examination",23.8515057563782,12.678165435791,"gpt_2_10M","results_experiment_1_gpt_2_10M.csv","Regular","Plural",-0.5,0.5,"set_fireman_lifeguard"
"Irregular Singular","fireman","employer",12.5228071212769,12.7429176568985,"gpt_2_10M","results_experiment_1_gpt_2_10M.csv","Irregular","Singular",0.5,-0.5,"set_fireman_lifeguard"
"Irregular Plural","firemen","employer",13.8403425216675,14.8666315078735,"gpt_2_10M","results_experiment_1_gpt_2_10M.csv","Irregular","Plural",0.5,0.5,"set_fireman_lifeguard"
"Regular Singular","lifeguard","employer",21.6353878974915,13.0846501588821,"gpt_2_10M","results_experiment_1_gpt_2_10M.csv","Regular","Singular",-0.5,-0.5,"set_fireman_lifeguard"
"Regular Plural","lifeguards","employer",23.8515045642853,14.3435091972351,"gpt_2_10M","results_experiment_1_gpt_2_10M.csv","Regular","Plural",-0.5,0.5,"set_fireman_lifeguard"
"Irregular Singular","fireman","crew",12.5228061676025,9.67237091064453,"gpt_2_10M","results_experiment_1_gpt_2_10M.csv","Irregular","Singular",0.5,-0.5,"set_fireman_lifeguard"
"Irregular Plural","firemen","crew",13.8403415679932,11.1405220031738,"gpt_2_10M","results_experiment_1_gpt_2_10M.csv","Irregular","Plural",0.5,0.5,"set_fireman_lifeguard"
"Regular Singular","lifeguard","crew",21.6353845596313,12.514368057251,"gpt_2_10M","results_experiment_1_gpt_2_10M.csv","Regular","Singular",-0.5,-0.5,"set_fireman_lifeguard"
"Regular Plural","lifeguards","crew",23.8515057563782,12.7641048431396,"gpt_2_10M","results_experiment_1_gpt_2_10M.csv","Regular","Plural",-0.5,0.5,"set_fireman_lifeguard"
"Irregular Singular","fireman","patrol",12.5228061676025,11.1039028167725,"gpt_2_10M","results_experiment_1_gpt_2_10M.csv","Irregular","Singular",0.5,-0.5,"set_fireman_lifeguard"
"Irregular Plural","firemen","patrol",13.8403415679932,10.5621728897095,"gpt_2_10M","results_experiment_1_gpt_2_10M.csv","Irregular","Plural",0.5,0.5,"set_fireman_lifeguard"
"Regular Singular","lifeguard","patrol",21.6353845596313,12.5848541259766,"gpt_2_10M","results_experiment_1_gpt_2_10M.csv","Regular","Singular",-0.5,-0.5,"set_fireman_lifeguard"
"Regular Plural","lifeguards","patrol",23.8515057563782,12.1805877685547,"gpt_2_10M","results_experiment_1_gpt_2_10M.csv","Regular","Plural",-0.5,0.5,"set_fireman_lifeguard"
"Irregular Singular","goose","protector",12.842981338501,16.4357023239136,"gpt_bert_10M_causal","results_experiment_1_gpt_bert_10M_causal.csv","Irregular","Singular",0.5,-0.5,"set_goose_swan"
"Irregular Plural","geese","protector",13.0407276153564,19.5418672561646,"gpt_bert_10M_causal","results_experiment_1_gpt_bert_10M_causal.csv","Irregular","Plural",0.5,0.5,"set_goose_swan"
"Regular Singular","swan","protector",15.6826148033142,16.348096370697,"gpt_bert_10M_causal","results_experiment_1_gpt_bert_10M_causal.csv","Regular","Singular",-0.5,-0.5,"set_goose_swan"
"Regular Plural","swans","protector",14.1219971179962,19.7670774459839,"gpt_bert_10M_causal","results_experiment_1_gpt_bert_10M_causal.csv","Regular","Plural",-0.5,0.5,"set_goose_swan"
"Irregular Singular","goose","trader",12.842981338501,13.9396989345551,"gpt_bert_10M_causal","results_experiment_1_gpt_bert_10M_causal.csv","Irregular","Singular",0.5,-0.5,"set_goose_swan"
"Irregular Plural","geese","trader",13.0407276153564,16.7414565086365,"gpt_bert_10M_causal","results_experiment_1_gpt_bert_10M_causal.csv","Irregular","Plural",0.5,0.5,"set_goose_swan"
"Regular Singular","swan","trader",15.6826148033142,14.2598564624786,"gpt_bert_10M_causal","results_experiment_1_gpt_bert_10M_causal.csv","Regular","Singular",-0.5,-0.5,"set_goose_swan"
"Regular Plural","swans","trader",14.1219971179962,16.1164073944092,"gpt_bert_10M_causal","results_experiment_1_gpt_bert_10M_causal.csv","Regular","Plural",-0.5,0.5,"set_goose_swan"
"Irregular Singular","goose","tracker",12.842981338501,19.6086111068726,"gpt_bert_10M_causal","results_experiment_1_gpt_bert_10M_causal.csv","Irregular","Singular",0.5,-0.5,"set_goose_swan"
"Irregular Plural","geese","tracker",13.0407276153564,19.179515838623,"gpt_bert_10M_causal","results_experiment_1_gpt_bert_10M_causal.csv","Irregular","Plural",0.5,0.5,"set_goose_swan"
"Regular Singular","swan","tracker",15.6826148033142,16.8741989135742,"gpt_bert_10M_causal","results_experiment_1_gpt_bert_10M_causal.csv","Regular","Singular",-0.5,-0.5,"set_goose_swan"
"Regular Plural","swans","tracker",14.1219971179962,20.102180480957,"gpt_bert_10M_causal","results_experiment_1_gpt_bert_10M_causal.csv","Regular","Plural",-0.5,0.5,"set_goose_swan"
"Irregular Singular","goose","expert",12.8429803848267,14.2580127716064,"gpt_bert_10M_causal","results_experiment_1_gpt_bert_10M_causal.csv","Irregular","Singular",0.5,-0.5,"set_goose_swan"
"Irregular Plural","geese","expert",13.0407280921936,14.4515600204468,"gpt_bert_10M_causal","results_experiment_1_gpt_bert_10M_causal.csv","Irregular","Plural",0.5,0.5,"set_goose_swan"
"Regular Singular","swan","expert",15.6826133728027,12.0229549407959,"gpt_bert_10M_causal","results_experiment_1_gpt_bert_10M_causal.csv","Regular","Singular",-0.5,-0.5,"set_goose_swan"
"Regular Plural","swans","expert",14.1219947338104,14.6468334197998,"gpt_bert_10M_causal","results_experiment_1_gpt_bert_10M_causal.csv","Regular","Plural",-0.5,0.5,"set_goose_swan"
"Irregular Singular","ox","register",13.5579528808594,12.1999359130859,"gpt_bert_10M_causal","results_experiment_1_gpt_bert_10M_causal.csv","Irregular","Singular",0.5,-0.5,"set_ox_cow"
"Irregular Plural","oxen","register",14.1493358612061,14.1649398803711,"gpt_bert_10M_causal","results_experiment_1_gpt_bert_10M_causal.csv","Irregular","Plural",0.5,0.5,"set_ox_cow"
"Regular Singular","cow","register",11.787766456604,14.5012731552124,"gpt_bert_10M_causal","results_experiment_1_gpt_bert_10M_causal.csv","Regular","Singular",-0.5,-0.5,"set_ox_cow"
"Regular Plural","cows","register",12.1245918273926,12.5780277252197,"gpt_bert_10M_causal","results_experiment_1_gpt_bert_10M_causal.csv","Regular","Plural",-0.5,0.5,"set_ox_cow"
"Irregular Singular","ox","trader",13.557954788208,13.6425557136536,"gpt_bert_10M_causal","results_experiment_1_gpt_bert_10M_causal.csv","Irregular","Singular",0.5,-0.5,"set_ox_cow"
"Irregular Plural","oxen","trader",14.149338722229,13.5927386283875,"gpt_bert_10M_causal","results_experiment_1_gpt_bert_10M_causal.csv","Irregular","Plural",0.5,0.5,"set_ox_cow"
"Regular Singular","cow","trader",11.7877683639526,14.606288433075,"gpt_bert_10M_causal","results_experiment_1_gpt_bert_10M_causal.csv","Regular","Singular",-0.5,-0.5,"set_ox_cow"
"Regular Plural","cows","trader",12.1245908737183,14.8285274505615,"gpt_bert_10M_causal","results_experiment_1_gpt_bert_10M_causal.csv","Regular","Plural",-0.5,0.5,"set_ox_cow"
"Irregular Singular","ox","tracker",13.557954788208,19.7190337181091,"gpt_bert_10M_causal","results_experiment_1_gpt_bert_10M_causal.csv","Irregular","Singular",0.5,-0.5,"set_ox_cow"
"Irregular Plural","oxen","tracker",14.149338722229,16.8020930290222,"gpt_bert_10M_causal","results_experiment_1_gpt_bert_10M_causal.csv","Irregular","Plural",0.5,0.5,"set_ox_cow"
"Regular Singular","cow","tracker",11.7877683639526,15.7866201400757,"gpt_bert_10M_causal","results_experiment_1_gpt_bert_10M_causal.csv","Regular","Singular",-0.5,-0.5,"set_ox_cow"
"Regular Plural","cows","tracker",12.1245908737183,18.5175514221191,"gpt_bert_10M_causal","results_experiment_1_gpt_bert_10M_causal.csv","Regular","Plural",-0.5,0.5,"set_ox_cow"
"Irregular Singular","ox","finder",13.557954788208,20.2414054870605,"gpt_bert_10M_causal","results_experiment_1_gpt_bert_10M_causal.csv","Irregular","Singular",0.5,-0.5,"set_ox_cow"
"Irregular Plural","oxen","finder",14.149338722229,20.8917751312256,"gpt_bert_10M_causal","results_experiment_1_gpt_bert_10M_causal.csv","Irregular","Plural",0.5,0.5,"set_ox_cow"
"Regular Singular","cow","finder",11.7877683639526,21.4655790328979,"gpt_bert_10M_causal","results_experiment_1_gpt_bert_10M_causal.csv","Regular","Singular",-0.5,-0.5,"set_ox_cow"
"Regular Plural","cows","finder",12.1245908737183,19.7331948280334,"gpt_bert_10M_causal","results_experiment_1_gpt_bert_10M_causal.csv","Regular","Plural",-0.5,0.5,"set_ox_cow"
"Irregular Singular","louse","issue",17.014835357666,14.3187580108643,"gpt_bert_10M_causal","results_experiment_1_gpt_bert_10M_causal.csv","Irregular","Singular",0.5,-0.5,"set_louse_flea"
"Irregular Plural","lice","issue",18.9991397857666,12.9510478973389,"gpt_bert_10M_causal","results_experiment_1_gpt_bert_10M_causal.csv","Irregular","Plural",0.5,0.5,"set_louse_flea"
"Regular Singular","flea","issue",14.2606904506683,12.1981391906738,"gpt_bert_10M_causal","results_experiment_1_gpt_bert_10M_causal.csv","Regular","Singular",-0.5,-0.5,"set_louse_flea"
"Regular Plural","fleas","issue",18.9553260803223,12.6355991363525,"gpt_bert_10M_causal","results_experiment_1_gpt_bert_10M_causal.csv","Regular","Plural",-0.5,0.5,"set_louse_flea"
"Irregular Singular","louse","trader",17.0148334503174,14.9550771713257,"gpt_bert_10M_causal","results_experiment_1_gpt_bert_10M_causal.csv","Irregular","Singular",0.5,-0.5,"set_louse_flea"
"Irregular Plural","lice","trader",18.999137878418,15.0270349979401,"gpt_bert_10M_causal","results_experiment_1_gpt_bert_10M_causal.csv","Irregular","Plural",0.5,0.5,"set_louse_flea"
"Regular Singular","flea","trader",14.2606904506683,13.0390560626984,"gpt_bert_10M_causal","results_experiment_1_gpt_bert_10M_causal.csv","Regular","Singular",-0.5,-0.5,"set_louse_flea"
"Regular Plural","fleas","trader",18.9553227424622,14.1892967224121,"gpt_bert_10M_causal","results_experiment_1_gpt_bert_10M_causal.csv","Regular","Plural",-0.5,0.5,"set_louse_flea"
"Irregular Singular","louse","tracker",17.0148334503174,18.5672330856323,"gpt_bert_10M_causal","results_experiment_1_gpt_bert_10M_causal.csv","Irregular","Singular",0.5,-0.5,"set_louse_flea"
"Irregular Plural","lice","tracker",18.999137878418,19.3090271949768,"gpt_bert_10M_causal","results_experiment_1_gpt_bert_10M_causal.csv","Irregular","Plural",0.5,0.5,"set_louse_flea"
"Regular Singular","flea","tracker",14.2606904506683,17.6689710617065,"gpt_bert_10M_causal","results_experiment_1_gpt_bert_10M_causal.csv","Regular","Singular",-0.5,-0.5,"set_louse_flea"
"Regular Plural","fleas","tracker",18.9553227424622,18.2940893173218,"gpt_bert_10M_causal","results_experiment_1_gpt_bert_10M_causal.csv","Regular","Plural",-0.5,0.5,"set_louse_flea"
"Irregular Singular","louse","expert",17.014835357666,13.2456398010254,"gpt_bert_10M_causal","results_experiment_1_gpt_bert_10M_causal.csv","Irregular","Singular",0.5,-0.5,"set_louse_flea"
"Irregular Plural","lice","expert",18.9991397857666,13.7056427001953,"gpt_bert_10M_causal","results_experiment_1_gpt_bert_10M_causal.csv","Irregular","Plural",0.5,0.5,"set_louse_flea"
"Regular Singular","flea","expert",14.2606904506683,12.5142154693604,"gpt_bert_10M_causal","results_experiment_1_gpt_bert_10M_causal.csv","Regular","Singular",-0.5,-0.5,"set_louse_flea"
"Regular Plural","fleas","expert",18.9553260803223,14.275749206543,"gpt_bert_10M_causal","results_experiment_1_gpt_bert_10M_causal.csv","Regular","Plural",-0.5,0.5,"set_louse_flea"
"Irregular Singular","mouse","issue",12.3906116485596,13.9476108551025,"gpt_bert_10M_causal","results_experiment_1_gpt_bert_10M_causal.csv","Irregular","Singular",0.5,-0.5,"set_mouse_rat"
"Irregular Plural","mice","issue",13.9946737289429,14.8051586151123,"gpt_bert_10M_causal","results_experiment_1_gpt_bert_10M_causal.csv","Irregular","Plural",0.5,0.5,"set_mouse_rat"
"Regular Singular","rat","issue",12.4725027084351,15.1532316207886,"gpt_bert_10M_causal","results_experiment_1_gpt_bert_10M_causal.csv","Regular","Singular",-0.5,-0.5,"set_mouse_rat"
"Regular Plural","rats","issue",13.0664558410645,15.994441986084,"gpt_bert_10M_causal","results_experiment_1_gpt_bert_10M_causal.csv","Regular","Plural",-0.5,0.5,"set_mouse_rat"
"Irregular Singular","mouse","trader",12.3906173706055,17.0436582565308,"gpt_bert_10M_causal","results_experiment_1_gpt_bert_10M_causal.csv","Irregular","Singular",0.5,-0.5,"set_mouse_rat"
"Irregular Plural","mice","trader",13.9946727752686,16.8720769882202,"gpt_bert_10M_causal","results_experiment_1_gpt_bert_10M_causal.csv","Irregular","Plural",0.5,0.5,"set_mouse_rat"
"Regular Singular","rat","trader",12.4725008010864,16.0963449478149,"gpt_bert_10M_causal","results_experiment_1_gpt_bert_10M_causal.csv","Regular","Singular",-0.5,-0.5,"set_mouse_rat"
"Regular Plural","rats","trader",13.0664520263672,17.2118017673492,"gpt_bert_10M_causal","results_experiment_1_gpt_bert_10M_causal.csv","Regular","Plural",-0.5,0.5,"set_mouse_rat"
"Irregular Singular","mouse","tracker",12.3906173706055,17.3045101165771,"gpt_bert_10M_causal","results_experiment_1_gpt_bert_10M_causal.csv","Irregular","Singular",0.5,-0.5,"set_mouse_rat"
"Irregular Plural","mice","tracker",13.9946727752686,20.7796297073364,"gpt_bert_10M_causal","results_experiment_1_gpt_bert_10M_causal.csv","Irregular","Plural",0.5,0.5,"set_mouse_rat"
"Regular Singular","rat","tracker",12.4725008010864,17.0037212371826,"gpt_bert_10M_causal","results_experiment_1_gpt_bert_10M_causal.csv","Regular","Singular",-0.5,-0.5,"set_mouse_rat"
"Regular Plural","rats","tracker",13.0664520263672,17.46692943573,"gpt_bert_10M_causal","results_experiment_1_gpt_bert_10M_causal.csv","Regular","Plural",-0.5,0.5,"set_mouse_rat"
"Irregular Singular","mouse","inspector",12.3906116485596,14.9937858581543,"gpt_bert_10M_causal","results_experiment_1_gpt_bert_10M_causal.csv","Irregular","Singular",0.5,-0.5,"set_mouse_rat"
"Irregular Plural","mice","inspector",13.9946737289429,14.4962453842163,"gpt_bert_10M_causal","results_experiment_1_gpt_bert_10M_causal.csv","Irregular","Plural",0.5,0.5,"set_mouse_rat"
"Regular Singular","rat","inspector",12.4725027084351,16.3898239135742,"gpt_bert_10M_causal","results_experiment_1_gpt_bert_10M_causal.csv","Regular","Singular",-0.5,-0.5,"set_mouse_rat"
"Regular Plural","rats","inspector",13.0664558410645,15.3018131256104,"gpt_bert_10M_causal","results_experiment_1_gpt_bert_10M_causal.csv","Regular","Plural",-0.5,0.5,"set_mouse_rat"
"Irregular Singular","foot","issue",9.99621963500977,13.3259725570679,"gpt_bert_10M_causal","results_experiment_1_gpt_bert_10M_causal.csv","Irregular","Singular",0.5,-0.5,"set_foot_leg"
"Irregular Plural","feet","issue",9.86343097686768,14.5678844451904,"gpt_bert_10M_causal","results_experiment_1_gpt_bert_10M_causal.csv","Irregular","Plural",0.5,0.5,"set_foot_leg"
"Regular Singular","leg","issue",11.7773876190186,11.8406562805176,"gpt_bert_10M_causal","results_experiment_1_gpt_bert_10M_causal.csv","Regular","Singular",-0.5,-0.5,"set_foot_leg"
"Regular Plural","legs","issue",10.8313722610474,14.2790431976318,"gpt_bert_10M_causal","results_experiment_1_gpt_bert_10M_causal.csv","Regular","Plural",-0.5,0.5,"set_foot_leg"
"Irregular Singular","foot","examination",9.99621963500977,11.1630258560181,"gpt_bert_10M_causal","results_experiment_1_gpt_bert_10M_causal.csv","Irregular","Singular",0.5,-0.5,"set_foot_leg"
"Irregular Plural","feet","examination",9.86343097686768,12.927267074585,"gpt_bert_10M_causal","results_experiment_1_gpt_bert_10M_causal.csv","Irregular","Plural",0.5,0.5,"set_foot_leg"
"Regular Singular","leg","examination",11.7773876190186,13.060848236084,"gpt_bert_10M_causal","results_experiment_1_gpt_bert_10M_causal.csv","Regular","Singular",-0.5,-0.5,"set_foot_leg"
"Regular Plural","legs","examination",10.8313722610474,14.2626800537109,"gpt_bert_10M_causal","results_experiment_1_gpt_bert_10M_causal.csv","Regular","Plural",-0.5,0.5,"set_foot_leg"
"Irregular Singular","foot","expert",9.99621963500977,13.157693862915,"gpt_bert_10M_causal","results_experiment_1_gpt_bert_10M_causal.csv","Irregular","Singular",0.5,-0.5,"set_foot_leg"
"Irregular Plural","feet","expert",9.86343097686768,13.845739364624,"gpt_bert_10M_causal","results_experiment_1_gpt_bert_10M_causal.csv","Irregular","Plural",0.5,0.5,"set_foot_leg"
"Regular Singular","leg","expert",11.7773876190186,14.2002048492432,"gpt_bert_10M_causal","results_experiment_1_gpt_bert_10M_causal.csv","Regular","Singular",-0.5,-0.5,"set_foot_leg"
"Regular Plural","legs","expert",10.8313722610474,14.8640060424805,"gpt_bert_10M_causal","results_experiment_1_gpt_bert_10M_causal.csv","Regular","Plural",-0.5,0.5,"set_foot_leg"
"Irregular Singular","foot","inspector",9.99621963500977,13.6927156448364,"gpt_bert_10M_causal","results_experiment_1_gpt_bert_10M_causal.csv","Irregular","Singular",0.5,-0.5,"set_foot_leg"
"Irregular Plural","feet","inspector",9.86343097686768,15.2284755706787,"gpt_bert_10M_causal","results_experiment_1_gpt_bert_10M_causal.csv","Irregular","Plural",0.5,0.5,"set_foot_leg"
"Regular Singular","leg","inspector",11.7773876190186,13.8024711608887,"gpt_bert_10M_causal","results_experiment_1_gpt_bert_10M_causal.csv","Regular","Singular",-0.5,-0.5,"set_foot_leg"
"Regular Plural","legs","inspector",10.8313722610474,15.8953342437744,"gpt_bert_10M_causal","results_experiment_1_gpt_bert_10M_causal.csv","Regular","Plural",-0.5,0.5,"set_foot_leg"
"Irregular Singular","tooth","issue",13.6296224594116,14.3842029571533,"gpt_bert_10M_causal","results_experiment_1_gpt_bert_10M_causal.csv","Irregular","Singular",0.5,-0.5,"set_tooth_bone"
"Irregular Plural","teeth","issue",12.301947593689,13.7033605575562,"gpt_bert_10M_causal","results_experiment_1_gpt_bert_10M_causal.csv","Irregular","Plural",0.5,0.5,"set_tooth_bone"
"Regular Singular","bone","issue",11.9811363220215,11.9449329376221,"gpt_bert_10M_causal","results_experiment_1_gpt_bert_10M_causal.csv","Regular","Singular",-0.5,-0.5,"set_tooth_bone"
"Regular Plural","bones","issue",12.8718948364258,13.6450424194336,"gpt_bert_10M_causal","results_experiment_1_gpt_bert_10M_causal.csv","Regular","Plural",-0.5,0.5,"set_tooth_bone"
"Irregular Singular","tooth","examination",13.6296224594116,14.2601509094238,"gpt_bert_10M_causal","results_experiment_1_gpt_bert_10M_causal.csv","Irregular","Singular",0.5,-0.5,"set_tooth_bone"
"Irregular Plural","teeth","examination",12.301947593689,13.1164636611938,"gpt_bert_10M_causal","results_experiment_1_gpt_bert_10M_causal.csv","Irregular","Plural",0.5,0.5,"set_tooth_bone"
"Regular Singular","bone","examination",11.9811363220215,12.0453300476074,"gpt_bert_10M_causal","results_experiment_1_gpt_bert_10M_causal.csv","Regular","Singular",-0.5,-0.5,"set_tooth_bone"
"Regular Plural","bones","examination",12.8718948364258,13.0002117156982,"gpt_bert_10M_causal","results_experiment_1_gpt_bert_10M_causal.csv","Regular","Plural",-0.5,0.5,"set_tooth_bone"
"Irregular Singular","tooth","expert",13.6296224594116,11.9313163757324,"gpt_bert_10M_causal","results_experiment_1_gpt_bert_10M_causal.csv","Irregular","Singular",0.5,-0.5,"set_tooth_bone"
"Irregular Plural","teeth","expert",12.301947593689,14.6745367050171,"gpt_bert_10M_causal","results_experiment_1_gpt_bert_10M_causal.csv","Irregular","Plural",0.5,0.5,"set_tooth_bone"
"Regular Singular","bone","expert",11.9811363220215,14.4143657684326,"gpt_bert_10M_causal","results_experiment_1_gpt_bert_10M_causal.csv","Regular","Singular",-0.5,-0.5,"set_tooth_bone"
"Regular Plural","bones","expert",12.8718948364258,14.176251411438,"gpt_bert_10M_causal","results_experiment_1_gpt_bert_10M_causal.csv","Regular","Plural",-0.5,0.5,"set_tooth_bone"
"Irregular Singular","tooth","protector",13.6296224594116,17.2363176345825,"gpt_bert_10M_causal","results_experiment_1_gpt_bert_10M_causal.csv","Irregular","Singular",0.5,-0.5,"set_tooth_bone"
"Irregular Plural","teeth","protector",12.3019504547119,20.3509192466736,"gpt_bert_10M_causal","results_experiment_1_gpt_bert_10M_causal.csv","Irregular","Plural",0.5,0.5,"set_tooth_bone"
"Regular Singular","bone","protector",11.9811334609985,16.7091584205627,"gpt_bert_10M_causal","results_experiment_1_gpt_bert_10M_causal.csv","Regular","Singular",-0.5,-0.5,"set_tooth_bone"
"Regular Plural","bones","protector",12.8718948364258,19.7027435302734,"gpt_bert_10M_causal","results_experiment_1_gpt_bert_10M_causal.csv","Regular","Plural",-0.5,0.5,"set_tooth_bone"
"Irregular Singular","child","patrol",10.1799354553223,13.6331033706665,"gpt_bert_10M_causal","results_experiment_1_gpt_bert_10M_causal.csv","Irregular","Singular",0.5,-0.5,"set_child_adult"
"Irregular Plural","children","patrol",9.51408195495605,13.1185665130615,"gpt_bert_10M_causal","results_experiment_1_gpt_bert_10M_causal.csv","Irregular","Plural",0.5,0.5,"set_child_adult"
"Regular Singular","adult","patrol",13.2817573547363,12.1731977462769,"gpt_bert_10M_causal","results_experiment_1_gpt_bert_10M_causal.csv","Regular","Singular",-0.5,-0.5,"set_child_adult"
"Regular Plural","adults","patrol",13.0948429107666,14.3780851364136,"gpt_bert_10M_causal","results_experiment_1_gpt_bert_10M_causal.csv","Regular","Plural",-0.5,0.5,"set_child_adult"
"Irregular Singular","child","register",10.1799354553223,14.6658611297607,"gpt_bert_10M_causal","results_experiment_1_gpt_bert_10M_causal.csv","Irregular","Singular",0.5,-0.5,"set_child_adult"
"Irregular Plural","children","register",9.51408195495605,12.4145641326904,"gpt_bert_10M_causal","results_experiment_1_gpt_bert_10M_causal.csv","Irregular","Plural",0.5,0.5,"set_child_adult"
"Regular Singular","adult","register",13.2817573547363,14.7433032989502,"gpt_bert_10M_causal","results_experiment_1_gpt_bert_10M_causal.csv","Regular","Singular",-0.5,-0.5,"set_child_adult"
"Regular Plural","adults","register",13.0948429107666,12.5201282501221,"gpt_bert_10M_causal","results_experiment_1_gpt_bert_10M_causal.csv","Regular","Plural",-0.5,0.5,"set_child_adult"
"Irregular Singular","child","institute",10.1799335479736,18.3457174301147,"gpt_bert_10M_causal","results_experiment_1_gpt_bert_10M_causal.csv","Irregular","Singular",0.5,-0.5,"set_child_adult"
"Irregular Plural","children","institute",9.51408386230469,15.6970999240875,"gpt_bert_10M_causal","results_experiment_1_gpt_bert_10M_causal.csv","Irregular","Plural",0.5,0.5,"set_child_adult"
"Regular Singular","adult","institute",13.2817573547363,17.5507645606995,"gpt_bert_10M_causal","results_experiment_1_gpt_bert_10M_causal.csv","Regular","Singular",-0.5,-0.5,"set_child_adult"
"Regular Plural","adults","institute",13.0948448181152,17.279736995697,"gpt_bert_10M_causal","results_experiment_1_gpt_bert_10M_causal.csv","Regular","Plural",-0.5,0.5,"set_child_adult"
"Irregular Singular","child","crew",10.1799354553223,11.4402494430542,"gpt_bert_10M_causal","results_experiment_1_gpt_bert_10M_causal.csv","Irregular","Singular",0.5,-0.5,"set_child_adult"
"Irregular Plural","children","crew",9.51408195495605,12.6723690032959,"gpt_bert_10M_causal","results_experiment_1_gpt_bert_10M_causal.csv","Irregular","Plural",0.5,0.5,"set_child_adult"
"Regular Singular","adult","crew",13.2817573547363,8.19881439208984,"gpt_bert_10M_causal","results_experiment_1_gpt_bert_10M_causal.csv","Regular","Singular",-0.5,-0.5,"set_child_adult"
"Regular Plural","adults","crew",13.0948429107666,12.3406629562378,"gpt_bert_10M_causal","results_experiment_1_gpt_bert_10M_causal.csv","Regular","Plural",-0.5,0.5,"set_child_adult"
"Irregular Singular","woman","protector",9.650634765625,16.587513923645,"gpt_bert_10M_causal","results_experiment_1_gpt_bert_10M_causal.csv","Irregular","Singular",0.5,-0.5,"set_woman_girl"
"Irregular Plural","women","protector",10.6723794937134,19.0200419425964,"gpt_bert_10M_causal","results_experiment_1_gpt_bert_10M_causal.csv","Irregular","Plural",0.5,0.5,"set_woman_girl"
"Regular Singular","girl","protector",8.93521022796631,17.4547390937805,"gpt_bert_10M_causal","results_experiment_1_gpt_bert_10M_causal.csv","Regular","Singular",-0.5,-0.5,"set_woman_girl"
"Regular Plural","girls","protector",9.74124050140381,23.0225038528442,"gpt_bert_10M_causal","results_experiment_1_gpt_bert_10M_causal.csv","Regular","Plural",-0.5,0.5,"set_woman_girl"
"Irregular Singular","woman","register",9.650634765625,13.5490455627441,"gpt_bert_10M_causal","results_experiment_1_gpt_bert_10M_causal.csv","Irregular","Singular",0.5,-0.5,"set_woman_girl"
"Irregular Plural","women","register",10.6723804473877,11.7292070388794,"gpt_bert_10M_causal","results_experiment_1_gpt_bert_10M_causal.csv","Irregular","Plural",0.5,0.5,"set_woman_girl"
"Regular Singular","girl","register",8.93521213531494,14.3495225906372,"gpt_bert_10M_causal","results_experiment_1_gpt_bert_10M_causal.csv","Regular","Singular",-0.5,-0.5,"set_woman_girl"
"Regular Plural","girls","register",9.74123859405518,11.9248161315918,"gpt_bert_10M_causal","results_experiment_1_gpt_bert_10M_causal.csv","Regular","Plural",-0.5,0.5,"set_woman_girl"
"Irregular Singular","woman","hangout",9.650634765625,21.2111873626709,"gpt_bert_10M_causal","results_experiment_1_gpt_bert_10M_causal.csv","Irregular","Singular",0.5,-0.5,"set_woman_girl"
"Irregular Plural","women","hangout",10.6723794937134,20.8254299163818,"gpt_bert_10M_causal","results_experiment_1_gpt_bert_10M_causal.csv","Irregular","Plural",0.5,0.5,"set_woman_girl"
"Regular Singular","girl","hangout",8.93521022796631,20.7331943511963,"gpt_bert_10M_causal","results_experiment_1_gpt_bert_10M_causal.csv","Regular","Singular",-0.5,-0.5,"set_woman_girl"
"Regular Plural","girls","hangout",9.74124050140381,22.6942100524902,"gpt_bert_10M_causal","results_experiment_1_gpt_bert_10M_causal.csv","Regular","Plural",-0.5,0.5,"set_woman_girl"
"Irregular Singular","woman","crew",9.650634765625,11.4570217132568,"gpt_bert_10M_causal","results_experiment_1_gpt_bert_10M_causal.csv","Irregular","Singular",0.5,-0.5,"set_woman_girl"
"Irregular Plural","women","crew",10.6723804473877,12.2678918838501,"gpt_bert_10M_causal","results_experiment_1_gpt_bert_10M_causal.csv","Irregular","Plural",0.5,0.5,"set_woman_girl"
"Regular Singular","girl","crew",8.93521213531494,10.8050441741943,"gpt_bert_10M_causal","results_experiment_1_gpt_bert_10M_causal.csv","Regular","Singular",-0.5,-0.5,"set_woman_girl"
"Regular Plural","girls","crew",9.74123859405518,13.4345922470093,"gpt_bert_10M_causal","results_experiment_1_gpt_bert_10M_causal.csv","Regular","Plural",-0.5,0.5,"set_woman_girl"
"Irregular Singular","man","institute",8.53103065490723,16.7829415798187,"gpt_bert_10M_causal","results_experiment_1_gpt_bert_10M_causal.csv","Irregular","Singular",0.5,-0.5,"set_man_boy"
"Irregular Plural","men","institute",9.19634437561035,15.1252689361572,"gpt_bert_10M_causal","results_experiment_1_gpt_bert_10M_causal.csv","Irregular","Plural",0.5,0.5,"set_man_boy"
"Regular Singular","boy","institute",8.87519645690918,18.0446453094482,"gpt_bert_10M_causal","results_experiment_1_gpt_bert_10M_causal.csv","Regular","Singular",-0.5,-0.5,"set_man_boy"
"Regular Plural","boys","institute",9.06517696380615,15.3630607128143,"gpt_bert_10M_causal","results_experiment_1_gpt_bert_10M_causal.csv","Regular","Plural",-0.5,0.5,"set_man_boy"
"Irregular Singular","man","register",8.53103256225586,13.8577480316162,"gpt_bert_10M_causal","results_experiment_1_gpt_bert_10M_causal.csv","Irregular","Singular",0.5,-0.5,"set_man_boy"
"Irregular Plural","men","register",9.19634342193604,11.7867479324341,"gpt_bert_10M_causal","results_experiment_1_gpt_bert_10M_causal.csv","Irregular","Plural",0.5,0.5,"set_man_boy"
"Regular Singular","boy","register",8.87519454956055,13.7734928131104,"gpt_bert_10M_causal","results_experiment_1_gpt_bert_10M_causal.csv","Regular","Singular",-0.5,-0.5,"set_man_boy"
"Regular Plural","boys","register",9.06517696380615,11.4010219573975,"gpt_bert_10M_causal","results_experiment_1_gpt_bert_10M_causal.csv","Regular","Plural",-0.5,0.5,"set_man_boy"
"Irregular Singular","man","finder",8.53103065490723,18.4495058059692,"gpt_bert_10M_causal","results_experiment_1_gpt_bert_10M_causal.csv","Irregular","Singular",0.5,-0.5,"set_man_boy"
"Irregular Plural","men","finder",9.19634437561035,21.0295915603638,"gpt_bert_10M_causal","results_experiment_1_gpt_bert_10M_causal.csv","Irregular","Plural",0.5,0.5,"set_man_boy"
"Regular Singular","boy","finder",8.87519645690918,18.4260702133179,"gpt_bert_10M_causal","results_experiment_1_gpt_bert_10M_causal.csv","Regular","Singular",-0.5,-0.5,"set_man_boy"
"Regular Plural","boys","finder",9.06517696380615,20.2165699005127,"gpt_bert_10M_causal","results_experiment_1_gpt_bert_10M_causal.csv","Regular","Plural",-0.5,0.5,"set_man_boy"
"Irregular Singular","man","hangout",8.53103065490723,20.8943138122559,"gpt_bert_10M_causal","results_experiment_1_gpt_bert_10M_causal.csv","Irregular","Singular",0.5,-0.5,"set_man_boy"
"Irregular Plural","men","hangout",9.19634437561035,21.8137397766113,"gpt_bert_10M_causal","results_experiment_1_gpt_bert_10M_causal.csv","Irregular","Plural",0.5,0.5,"set_man_boy"
"Regular Singular","boy","hangout",8.87519645690918,20.394757270813,"gpt_bert_10M_causal","results_experiment_1_gpt_bert_10M_causal.csv","Regular","Singular",-0.5,-0.5,"set_man_boy"
"Regular Plural","boys","hangout",9.06517696380615,20.5230464935303,"gpt_bert_10M_causal","results_experiment_1_gpt_bert_10M_causal.csv","Regular","Plural",-0.5,0.5,"set_man_boy"
"Irregular Singular","salesman","institute",15.2465195655823,15.3450434207916,"gpt_bert_10M_causal","results_experiment_1_gpt_bert_10M_causal.csv","Irregular","Singular",0.5,-0.5,"set_salesman_retailer"
"Irregular Plural","salesmen","institute",15.9574573040009,15.0853533744812,"gpt_bert_10M_causal","results_experiment_1_gpt_bert_10M_causal.csv","Irregular","Plural",0.5,0.5,"set_salesman_retailer"
"Regular Singular","retailer","institute",17.5547473430634,16.0376708507538,"gpt_bert_10M_causal","results_experiment_1_gpt_bert_10M_causal.csv","Regular","Singular",-0.5,-0.5,"set_salesman_retailer"
"Regular Plural","retailers","institute",17.6143090724945,15.3060438632965,"gpt_bert_10M_causal","results_experiment_1_gpt_bert_10M_causal.csv","Regular","Plural",-0.5,0.5,"set_salesman_retailer"
"Irregular Singular","salesman","inspector",15.2465195655823,12.9500217437744,"gpt_bert_10M_causal","results_experiment_1_gpt_bert_10M_causal.csv","Irregular","Singular",0.5,-0.5,"set_salesman_retailer"
"Irregular Plural","salesmen","inspector",15.9574580192566,14.3678607940674,"gpt_bert_10M_causal","results_experiment_1_gpt_bert_10M_causal.csv","Irregular","Plural",0.5,0.5,"set_salesman_retailer"
"Regular Singular","retailer","inspector",17.554749250412,13.0869665145874,"gpt_bert_10M_causal","results_experiment_1_gpt_bert_10M_causal.csv","Regular","Singular",-0.5,-0.5,"set_salesman_retailer"
"Regular Plural","retailers","inspector",17.6143088340759,13.8624134063721,"gpt_bert_10M_causal","results_experiment_1_gpt_bert_10M_causal.csv","Regular","Plural",-0.5,0.5,"set_salesman_retailer"
"Irregular Singular","salesman","protector",15.2465195655823,20.2646446228027,"gpt_bert_10M_causal","results_experiment_1_gpt_bert_10M_causal.csv","Irregular","Singular",0.5,-0.5,"set_salesman_retailer"
"Irregular Plural","salesmen","protector",15.9574573040009,19.6740455627441,"gpt_bert_10M_causal","results_experiment_1_gpt_bert_10M_causal.csv","Irregular","Plural",0.5,0.5,"set_salesman_retailer"
"Regular Singular","retailer","protector",17.5547473430634,16.5897064208984,"gpt_bert_10M_causal","results_experiment_1_gpt_bert_10M_causal.csv","Regular","Singular",-0.5,-0.5,"set_salesman_retailer"
"Regular Plural","retailers","protector",17.6143090724945,18.6955857276917,"gpt_bert_10M_causal","results_experiment_1_gpt_bert_10M_causal.csv","Regular","Plural",-0.5,0.5,"set_salesman_retailer"
"Irregular Singular","salesman","employer",15.2465195655823,14.8664965629578,"gpt_bert_10M_causal","results_experiment_1_gpt_bert_10M_causal.csv","Irregular","Singular",0.5,-0.5,"set_salesman_retailer"
"Irregular Plural","salesmen","employer",15.9574573040009,16.1743083000183,"gpt_bert_10M_causal","results_experiment_1_gpt_bert_10M_causal.csv","Irregular","Plural",0.5,0.5,"set_salesman_retailer"
"Regular Singular","retailer","employer",17.5547473430634,14.1675707101822,"gpt_bert_10M_causal","results_experiment_1_gpt_bert_10M_causal.csv","Regular","Singular",-0.5,-0.5,"set_salesman_retailer"
"Regular Plural","retailers","employer",17.6143090724945,15.8372058868408,"gpt_bert_10M_causal","results_experiment_1_gpt_bert_10M_causal.csv","Regular","Plural",-0.5,0.5,"set_salesman_retailer"
"Irregular Singular","nobleman","patrol",18.2908153533936,13.7484350204468,"gpt_bert_10M_causal","results_experiment_1_gpt_bert_10M_causal.csv","Irregular","Singular",0.5,-0.5,"set_nobleman_aristocrat"
"Irregular Plural","noblemen","patrol",20.5129127502441,12.2968254089355,"gpt_bert_10M_causal","results_experiment_1_gpt_bert_10M_causal.csv","Irregular","Plural",0.5,0.5,"set_nobleman_aristocrat"
"Regular Singular","aristocrat","patrol",21.0021281242371,13.4597768783569,"gpt_bert_10M_causal","results_experiment_1_gpt_bert_10M_causal.csv","Regular","Singular",-0.5,-0.5,"set_nobleman_aristocrat"
"Regular Plural","aristocrats","patrol",16.6687757968903,12.3397789001465,"gpt_bert_10M_causal","results_experiment_1_gpt_bert_10M_causal.csv","Regular","Plural",-0.5,0.5,"set_nobleman_aristocrat"
"Irregular Singular","nobleman","hangout",18.2908163070679,22.8740386962891,"gpt_bert_10M_causal","results_experiment_1_gpt_bert_10M_causal.csv","Irregular","Singular",0.5,-0.5,"set_nobleman_aristocrat"
"Irregular Plural","noblemen","hangout",20.5129137039185,22.26158618927,"gpt_bert_10M_causal","results_experiment_1_gpt_bert_10M_causal.csv","Irregular","Plural",0.5,0.5,"set_nobleman_aristocrat"
"Regular Singular","aristocrat","hangout",21.0021286010742,18.6163883209229,"gpt_bert_10M_causal","results_experiment_1_gpt_bert_10M_causal.csv","Regular","Singular",-0.5,-0.5,"set_nobleman_aristocrat"
"Regular Plural","aristocrats","hangout",16.6687750816345,20.6407623291016,"gpt_bert_10M_causal","results_experiment_1_gpt_bert_10M_causal.csv","Regular","Plural",-0.5,0.5,"set_nobleman_aristocrat"
"Irregular Singular","nobleman","institute",18.2908163070679,18.0049929618835,"gpt_bert_10M_causal","results_experiment_1_gpt_bert_10M_causal.csv","Irregular","Singular",0.5,-0.5,"set_nobleman_aristocrat"
"Irregular Plural","noblemen","institute",20.5129137039185,17.2780785560608,"gpt_bert_10M_causal","results_experiment_1_gpt_bert_10M_causal.csv","Irregular","Plural",0.5,0.5,"set_nobleman_aristocrat"
"Regular Singular","aristocrat","institute",21.0021286010742,16.0165491104126,"gpt_bert_10M_causal","results_experiment_1_gpt_bert_10M_causal.csv","Regular","Singular",-0.5,-0.5,"set_nobleman_aristocrat"
"Regular Plural","aristocrats","institute",16.6687750816345,18.5621399879456,"gpt_bert_10M_causal","results_experiment_1_gpt_bert_10M_causal.csv","Regular","Plural",-0.5,0.5,"set_nobleman_aristocrat"
"Irregular Singular","nobleman","crew",18.2908153533936,11.4418563842773,"gpt_bert_10M_causal","results_experiment_1_gpt_bert_10M_causal.csv","Irregular","Singular",0.5,-0.5,"set_nobleman_aristocrat"
"Irregular Plural","noblemen","crew",20.5129127502441,12.7490453720093,"gpt_bert_10M_causal","results_experiment_1_gpt_bert_10M_causal.csv","Irregular","Plural",0.5,0.5,"set_nobleman_aristocrat"
"Regular Singular","aristocrat","crew",21.0021281242371,12.8367824554443,"gpt_bert_10M_causal","results_experiment_1_gpt_bert_10M_causal.csv","Regular","Singular",-0.5,-0.5,"set_nobleman_aristocrat"
"Regular Plural","aristocrats","crew",16.6687757968903,13.5645294189453,"gpt_bert_10M_causal","results_experiment_1_gpt_bert_10M_causal.csv","Regular","Plural",-0.5,0.5,"set_nobleman_aristocrat"
"Irregular Singular","boatman","patrol",16.4136047363281,11.8141498565674,"gpt_bert_10M_causal","results_experiment_1_gpt_bert_10M_causal.csv","Irregular","Singular",0.5,-0.5,"set_boatman_shipmate"
"Irregular Plural","boatmen","patrol",16.5083541870117,11.4701519012451,"gpt_bert_10M_causal","results_experiment_1_gpt_bert_10M_causal.csv","Irregular","Plural",0.5,0.5,"set_boatman_shipmate"
"Regular Singular","shipmate","patrol",18.0656385421753,13.5809783935547,"gpt_bert_10M_causal","results_experiment_1_gpt_bert_10M_causal.csv","Regular","Singular",-0.5,-0.5,"set_boatman_shipmate"
"Regular Plural","shipmates","patrol",17.2418203353882,12.0255012512207,"gpt_bert_10M_causal","results_experiment_1_gpt_bert_10M_causal.csv","Regular","Plural",-0.5,0.5,"set_boatman_shipmate"
"Irregular Singular","boatman","finder",16.4136037826538,19.5755825042725,"gpt_bert_10M_causal","results_experiment_1_gpt_bert_10M_causal.csv","Irregular","Singular",0.5,-0.5,"set_boatman_shipmate"
"Irregular Plural","boatmen","finder",16.5083532333374,21.1202850341797,"gpt_bert_10M_causal","results_experiment_1_gpt_bert_10M_causal.csv","Irregular","Plural",0.5,0.5,"set_boatman_shipmate"
"Regular Singular","shipmate","finder",18.0656394958496,18.3707447052002,"gpt_bert_10M_causal","results_experiment_1_gpt_bert_10M_causal.csv","Regular","Singular",-0.5,-0.5,"set_boatman_shipmate"
"Regular Plural","shipmates","finder",17.2418208122253,21.6317005157471,"gpt_bert_10M_causal","results_experiment_1_gpt_bert_10M_causal.csv","Regular","Plural",-0.5,0.5,"set_boatman_shipmate"
"Irregular Singular","boatman","inspector",16.4136047363281,14.076343536377,"gpt_bert_10M_causal","results_experiment_1_gpt_bert_10M_causal.csv","Irregular","Singular",0.5,-0.5,"set_boatman_shipmate"
"Irregular Plural","boatmen","inspector",16.5083541870117,15.1726207733154,"gpt_bert_10M_causal","results_experiment_1_gpt_bert_10M_causal.csv","Irregular","Plural",0.5,0.5,"set_boatman_shipmate"
"Regular Singular","shipmate","inspector",18.0656385421753,14.0958728790283,"gpt_bert_10M_causal","results_experiment_1_gpt_bert_10M_causal.csv","Regular","Singular",-0.5,-0.5,"set_boatman_shipmate"
"Regular Plural","shipmates","inspector",17.2418203353882,15.2825202941895,"gpt_bert_10M_causal","results_experiment_1_gpt_bert_10M_causal.csv","Regular","Plural",-0.5,0.5,"set_boatman_shipmate"
"Irregular Singular","boatman","employer",16.4136037826538,14.8213839530945,"gpt_bert_10M_causal","results_experiment_1_gpt_bert_10M_causal.csv","Irregular","Singular",0.5,-0.5,"set_boatman_shipmate"
"Irregular Plural","boatmen","employer",16.5083532333374,18.0785584449768,"gpt_bert_10M_causal","results_experiment_1_gpt_bert_10M_causal.csv","Irregular","Plural",0.5,0.5,"set_boatman_shipmate"
"Regular Singular","shipmate","employer",18.0656394958496,15.0395050048828,"gpt_bert_10M_causal","results_experiment_1_gpt_bert_10M_causal.csv","Regular","Singular",-0.5,-0.5,"set_boatman_shipmate"
"Regular Plural","shipmates","employer",17.2418208122253,16.7200970649719,"gpt_bert_10M_causal","results_experiment_1_gpt_bert_10M_causal.csv","Regular","Plural",-0.5,0.5,"set_boatman_shipmate"
"Irregular Singular","craftsman","employer",17.1147840023041,14.6523003578186,"gpt_bert_10M_causal","results_experiment_1_gpt_bert_10M_causal.csv","Irregular","Singular",0.5,-0.5,"set_craftsman_labourer"
"Irregular Plural","craftsmen","employer",17.9868180751801,18.086109161377,"gpt_bert_10M_causal","results_experiment_1_gpt_bert_10M_causal.csv","Irregular","Plural",0.5,0.5,"set_craftsman_labourer"
"Regular Singular","labourer","employer",13.6254661083221,14.4115796089172,"gpt_bert_10M_causal","results_experiment_1_gpt_bert_10M_causal.csv","Regular","Singular",-0.5,-0.5,"set_craftsman_labourer"
"Regular Plural","labourers","employer",13.6418027877808,17.6790037155151,"gpt_bert_10M_causal","results_experiment_1_gpt_bert_10M_causal.csv","Regular","Plural",-0.5,0.5,"set_craftsman_labourer"
"Irregular Singular","craftsman","examination",17.1147835254669,13.9472064971924,"gpt_bert_10M_causal","results_experiment_1_gpt_bert_10M_causal.csv","Irregular","Singular",0.5,-0.5,"set_craftsman_labourer"
"Irregular Plural","craftsmen","examination",17.9868185520172,14.1911039352417,"gpt_bert_10M_causal","results_experiment_1_gpt_bert_10M_causal.csv","Irregular","Plural",0.5,0.5,"set_craftsman_labourer"
"Regular Singular","labourer","examination",13.6254630088806,10.3772258758545,"gpt_bert_10M_causal","results_experiment_1_gpt_bert_10M_causal.csv","Regular","Singular",-0.5,-0.5,"set_craftsman_labourer"
"Regular Plural","labourers","examination",13.6418027877808,13.1317653656006,"gpt_bert_10M_causal","results_experiment_1_gpt_bert_10M_causal.csv","Regular","Plural",-0.5,0.5,"set_craftsman_labourer"
"Irregular Singular","craftsman","hangout",17.1147840023041,20.6872072219849,"gpt_bert_10M_causal","results_experiment_1_gpt_bert_10M_causal.csv","Irregular","Singular",0.5,-0.5,"set_craftsman_labourer"
"Irregular Plural","craftsmen","hangout",17.9868180751801,21.102071762085,"gpt_bert_10M_causal","results_experiment_1_gpt_bert_10M_causal.csv","Irregular","Plural",0.5,0.5,"set_craftsman_labourer"
"Regular Singular","labourer","hangout",13.6254661083221,17.6817207336426,"gpt_bert_10M_causal","results_experiment_1_gpt_bert_10M_causal.csv","Regular","Singular",-0.5,-0.5,"set_craftsman_labourer"
"Regular Plural","labourers","hangout",13.6418027877808,22.1625576019287,"gpt_bert_10M_causal","results_experiment_1_gpt_bert_10M_causal.csv","Regular","Plural",-0.5,0.5,"set_craftsman_labourer"
"Irregular Singular","craftsman","finder",17.1147840023041,20.2038774490356,"gpt_bert_10M_causal","results_experiment_1_gpt_bert_10M_causal.csv","Irregular","Singular",0.5,-0.5,"set_craftsman_labourer"
"Irregular Plural","craftsmen","finder",17.9868180751801,22.1733016967773,"gpt_bert_10M_causal","results_experiment_1_gpt_bert_10M_causal.csv","Irregular","Plural",0.5,0.5,"set_craftsman_labourer"
"Regular Singular","labourer","finder",13.6254661083221,19.4627084732056,"gpt_bert_10M_causal","results_experiment_1_gpt_bert_10M_causal.csv","Regular","Singular",-0.5,-0.5,"set_craftsman_labourer"
"Regular Plural","labourers","finder",13.6418027877808,22.7707929611206,"gpt_bert_10M_causal","results_experiment_1_gpt_bert_10M_causal.csv","Regular","Plural",-0.5,0.5,"set_craftsman_labourer"
"Irregular Singular","fireman","examination",12.9586734771729,13.4004707336426,"gpt_bert_10M_causal","results_experiment_1_gpt_bert_10M_causal.csv","Irregular","Singular",0.5,-0.5,"set_fireman_lifeguard"
"Irregular Plural","firemen","examination",13.3457794189453,14.0460138320923,"gpt_bert_10M_causal","results_experiment_1_gpt_bert_10M_causal.csv","Irregular","Plural",0.5,0.5,"set_fireman_lifeguard"
"Regular Singular","lifeguard","examination",19.8840770721436,12.0211391448975,"gpt_bert_10M_causal","results_experiment_1_gpt_bert_10M_causal.csv","Regular","Singular",-0.5,-0.5,"set_fireman_lifeguard"
"Regular Plural","lifeguards","examination",19.9325125217438,14.092399597168,"gpt_bert_10M_causal","results_experiment_1_gpt_bert_10M_causal.csv","Regular","Plural",-0.5,0.5,"set_fireman_lifeguard"
"Irregular Singular","fireman","employer",12.9586744308472,14.6520810127258,"gpt_bert_10M_causal","results_experiment_1_gpt_bert_10M_causal.csv","Irregular","Singular",0.5,-0.5,"set_fireman_lifeguard"
"Irregular Plural","firemen","employer",13.3457806110382,17.3824491500854,"gpt_bert_10M_causal","results_experiment_1_gpt_bert_10M_causal.csv","Irregular","Plural",0.5,0.5,"set_fireman_lifeguard"
"Regular Singular","lifeguard","employer",19.8840792179108,13.9205057621002,"gpt_bert_10M_causal","results_experiment_1_gpt_bert_10M_causal.csv","Regular","Singular",-0.5,-0.5,"set_fireman_lifeguard"
"Regular Plural","lifeguards","employer",19.9325102567673,15.7625679969788,"gpt_bert_10M_causal","results_experiment_1_gpt_bert_10M_causal.csv","Regular","Plural",-0.5,0.5,"set_fireman_lifeguard"
"Irregular Singular","fireman","crew",12.9586734771729,11.6595096588135,"gpt_bert_10M_causal","results_experiment_1_gpt_bert_10M_causal.csv","Irregular","Singular",0.5,-0.5,"set_fireman_lifeguard"
"Irregular Plural","firemen","crew",13.3457794189453,11.4694833755493,"gpt_bert_10M_causal","results_experiment_1_gpt_bert_10M_causal.csv","Irregular","Plural",0.5,0.5,"set_fireman_lifeguard"
"Regular Singular","lifeguard","crew",19.8840770721436,9.26883983612061,"gpt_bert_10M_causal","results_experiment_1_gpt_bert_10M_causal.csv","Regular","Singular",-0.5,-0.5,"set_fireman_lifeguard"
"Regular Plural","lifeguards","crew",19.9325125217438,10.789493560791,"gpt_bert_10M_causal","results_experiment_1_gpt_bert_10M_causal.csv","Regular","Plural",-0.5,0.5,"set_fireman_lifeguard"
"Irregular Singular","fireman","patrol",12.9586734771729,11.2393474578857,"gpt_bert_10M_causal","results_experiment_1_gpt_bert_10M_causal.csv","Irregular","Singular",0.5,-0.5,"set_fireman_lifeguard"
"Irregular Plural","firemen","patrol",13.3457794189453,11.8995895385742,"gpt_bert_10M_causal","results_experiment_1_gpt_bert_10M_causal.csv","Irregular","Plural",0.5,0.5,"set_fireman_lifeguard"
"Regular Singular","lifeguard","patrol",19.8840770721436,12.9655237197876,"gpt_bert_10M_causal","results_experiment_1_gpt_bert_10M_causal.csv","Regular","Singular",-0.5,-0.5,"set_fireman_lifeguard"
"Regular Plural","lifeguards","patrol",19.9325125217438,13.3212471008301,"gpt_bert_10M_causal","results_experiment_1_gpt_bert_10M_causal.csv","Regular","Plural",-0.5,0.5,"set_fireman_lifeguard"
"Irregular Singular","goose","protector",14.1100234985352,17.4088833332062,"gpt_bert_10M_masked","results_experiment_1_gpt_bert_10M_masked.csv","Irregular","Singular",0.5,-0.5,"set_goose_swan"
"Irregular Plural","geese","protector",14.4410574436188,17.034782409668,"gpt_bert_10M_masked","results_experiment_1_gpt_bert_10M_masked.csv","Irregular","Plural",0.5,0.5,"set_goose_swan"
"Regular Singular","swan","protector",15.810525894165,15.7845706939697,"gpt_bert_10M_masked","results_experiment_1_gpt_bert_10M_masked.csv","Regular","Singular",-0.5,-0.5,"set_goose_swan"
"Regular Plural","swans","protector",15.3933038711548,19.9843845367432,"gpt_bert_10M_masked","results_experiment_1_gpt_bert_10M_masked.csv","Regular","Plural",-0.5,0.5,"set_goose_swan"
"Irregular Singular","goose","trader",14.1100234985352,14.9988875389099,"gpt_bert_10M_masked","results_experiment_1_gpt_bert_10M_masked.csv","Irregular","Singular",0.5,-0.5,"set_goose_swan"
"Irregular Plural","geese","trader",14.4410574436188,13.5087633132935,"gpt_bert_10M_masked","results_experiment_1_gpt_bert_10M_masked.csv","Irregular","Plural",0.5,0.5,"set_goose_swan"
"Regular Singular","swan","trader",15.810525894165,15.088828086853,"gpt_bert_10M_masked","results_experiment_1_gpt_bert_10M_masked.csv","Regular","Singular",-0.5,-0.5,"set_goose_swan"
"Regular Plural","swans","trader",15.3933038711548,16.0880470275879,"gpt_bert_10M_masked","results_experiment_1_gpt_bert_10M_masked.csv","Regular","Plural",-0.5,0.5,"set_goose_swan"
"Irregular Singular","goose","tracker",14.1100234985352,14.3279504776001,"gpt_bert_10M_masked","results_experiment_1_gpt_bert_10M_masked.csv","Irregular","Singular",0.5,-0.5,"set_goose_swan"
"Irregular Plural","geese","tracker",14.4410574436188,15.8797402381897,"gpt_bert_10M_masked","results_experiment_1_gpt_bert_10M_masked.csv","Irregular","Plural",0.5,0.5,"set_goose_swan"
"Regular Singular","swan","tracker",15.810525894165,14.2769823074341,"gpt_bert_10M_masked","results_experiment_1_gpt_bert_10M_masked.csv","Regular","Singular",-0.5,-0.5,"set_goose_swan"
"Regular Plural","swans","tracker",15.3933038711548,16.7574319839478,"gpt_bert_10M_masked","results_experiment_1_gpt_bert_10M_masked.csv","Regular","Plural",-0.5,0.5,"set_goose_swan"
"Irregular Singular","goose","expert",14.1100215911865,13.2725162506104,"gpt_bert_10M_masked","results_experiment_1_gpt_bert_10M_masked.csv","Irregular","Singular",0.5,-0.5,"set_goose_swan"
"Irregular Plural","geese","expert",14.4410564899445,11.4487657546997,"gpt_bert_10M_masked","results_experiment_1_gpt_bert_10M_masked.csv","Irregular","Plural",0.5,0.5,"set_goose_swan"
"Regular Singular","swan","expert",15.810525894165,10.5961284637451,"gpt_bert_10M_masked","results_experiment_1_gpt_bert_10M_masked.csv","Regular","Singular",-0.5,-0.5,"set_goose_swan"
"Regular Plural","swans","expert",15.3933038711548,14.7575674057007,"gpt_bert_10M_masked","results_experiment_1_gpt_bert_10M_masked.csv","Regular","Plural",-0.5,0.5,"set_goose_swan"
"Irregular Singular","ox","register",15.9938688278198,13.665753364563,"gpt_bert_10M_masked","results_experiment_1_gpt_bert_10M_masked.csv","Irregular","Singular",0.5,-0.5,"set_ox_cow"
"Irregular Plural","oxen","register",14.3139343261719,12.9477519989014,"gpt_bert_10M_masked","results_experiment_1_gpt_bert_10M_masked.csv","Irregular","Plural",0.5,0.5,"set_ox_cow"
"Regular Singular","cow","register",12.5796480178833,12.014087677002,"gpt_bert_10M_masked","results_experiment_1_gpt_bert_10M_masked.csv","Regular","Singular",-0.5,-0.5,"set_ox_cow"
"Regular Plural","cows","register",12.6111068725586,12.0200939178467,"gpt_bert_10M_masked","results_experiment_1_gpt_bert_10M_masked.csv","Regular","Plural",-0.5,0.5,"set_ox_cow"
"Irregular Singular","ox","trader",15.9938716888428,15.8149862289429,"gpt_bert_10M_masked","results_experiment_1_gpt_bert_10M_masked.csv","Irregular","Singular",0.5,-0.5,"set_ox_cow"
"Irregular Plural","oxen","trader",14.3139352798462,14.526150226593,"gpt_bert_10M_masked","results_experiment_1_gpt_bert_10M_masked.csv","Irregular","Plural",0.5,0.5,"set_ox_cow"
"Regular Singular","cow","trader",12.5796499252319,14.0196192264557,"gpt_bert_10M_masked","results_experiment_1_gpt_bert_10M_masked.csv","Regular","Singular",-0.5,-0.5,"set_ox_cow"
"Regular Plural","cows","trader",12.6111030578613,15.7884292602539,"gpt_bert_10M_masked","results_experiment_1_gpt_bert_10M_masked.csv","Regular","Plural",-0.5,0.5,"set_ox_cow"
"Irregular Singular","ox","tracker",15.9938716888428,14.4921789169312,"gpt_bert_10M_masked","results_experiment_1_gpt_bert_10M_masked.csv","Irregular","Singular",0.5,-0.5,"set_ox_cow"
"Irregular Plural","oxen","tracker",14.3139352798462,16.2572274208069,"gpt_bert_10M_masked","results_experiment_1_gpt_bert_10M_masked.csv","Irregular","Plural",0.5,0.5,"set_ox_cow"
"Regular Singular","cow","tracker",12.5796499252319,15.3574638366699,"gpt_bert_10M_masked","results_experiment_1_gpt_bert_10M_masked.csv","Regular","Singular",-0.5,-0.5,"set_ox_cow"
"Regular Plural","cows","tracker",12.6111030578613,16.5515975952148,"gpt_bert_10M_masked","results_experiment_1_gpt_bert_10M_masked.csv","Regular","Plural",-0.5,0.5,"set_ox_cow"
"Irregular Singular","ox","finder",15.9938716888428,14.9629964828491,"gpt_bert_10M_masked","results_experiment_1_gpt_bert_10M_masked.csv","Irregular","Singular",0.5,-0.5,"set_ox_cow"
"Irregular Plural","oxen","finder",14.3139352798462,17.5437250137329,"gpt_bert_10M_masked","results_experiment_1_gpt_bert_10M_masked.csv","Irregular","Plural",0.5,0.5,"set_ox_cow"
"Regular Singular","cow","finder",12.5796499252319,14.7934646606445,"gpt_bert_10M_masked","results_experiment_1_gpt_bert_10M_masked.csv","Regular","Singular",-0.5,-0.5,"set_ox_cow"
"Regular Plural","cows","finder",12.6111030578613,16.4317741394043,"gpt_bert_10M_masked","results_experiment_1_gpt_bert_10M_masked.csv","Regular","Plural",-0.5,0.5,"set_ox_cow"
"Irregular Singular","louse","issue",15.2135152816772,14.6173992156982,"gpt_bert_10M_masked","results_experiment_1_gpt_bert_10M_masked.csv","Irregular","Singular",0.5,-0.5,"set_louse_flea"
"Irregular Plural","lice","issue",15.9562358856201,13.1598901748657,"gpt_bert_10M_masked","results_experiment_1_gpt_bert_10M_masked.csv","Irregular","Plural",0.5,0.5,"set_louse_flea"
"Regular Singular","flea","issue",20.6443586349487,12.7211294174194,"gpt_bert_10M_masked","results_experiment_1_gpt_bert_10M_masked.csv","Regular","Singular",-0.5,-0.5,"set_louse_flea"
"Regular Plural","fleas","issue",23.6178665161133,14.5678033828735,"gpt_bert_10M_masked","results_experiment_1_gpt_bert_10M_masked.csv","Regular","Plural",-0.5,0.5,"set_louse_flea"
"Irregular Singular","louse","trader",15.2135162353516,15.226598739624,"gpt_bert_10M_masked","results_experiment_1_gpt_bert_10M_masked.csv","Irregular","Singular",0.5,-0.5,"set_louse_flea"
"Irregular Plural","lice","trader",15.9562358856201,15.4557321071625,"gpt_bert_10M_masked","results_experiment_1_gpt_bert_10M_masked.csv","Irregular","Plural",0.5,0.5,"set_louse_flea"
"Regular Singular","flea","trader",20.6443605422974,12.7737407684326,"gpt_bert_10M_masked","results_experiment_1_gpt_bert_10M_masked.csv","Regular","Singular",-0.5,-0.5,"set_louse_flea"
"Regular Plural","fleas","trader",23.6178674697876,15.126437664032,"gpt_bert_10M_masked","results_experiment_1_gpt_bert_10M_masked.csv","Regular","Plural",-0.5,0.5,"set_louse_flea"
"Irregular Singular","louse","tracker",15.2135162353516,15.6829919815063,"gpt_bert_10M_masked","results_experiment_1_gpt_bert_10M_masked.csv","Irregular","Singular",0.5,-0.5,"set_louse_flea"
"Irregular Plural","lice","tracker",15.9562358856201,15.352897644043,"gpt_bert_10M_masked","results_experiment_1_gpt_bert_10M_masked.csv","Irregular","Plural",0.5,0.5,"set_louse_flea"
"Regular Singular","flea","tracker",20.6443605422974,15.7562685012817,"gpt_bert_10M_masked","results_experiment_1_gpt_bert_10M_masked.csv","Regular","Singular",-0.5,-0.5,"set_louse_flea"
"Regular Plural","fleas","tracker",23.6178674697876,16.6964344978333,"gpt_bert_10M_masked","results_experiment_1_gpt_bert_10M_masked.csv","Regular","Plural",-0.5,0.5,"set_louse_flea"
"Irregular Singular","louse","expert",15.2135152816772,12.9416723251343,"gpt_bert_10M_masked","results_experiment_1_gpt_bert_10M_masked.csv","Irregular","Singular",0.5,-0.5,"set_louse_flea"
"Irregular Plural","lice","expert",15.9562358856201,12.9905462265015,"gpt_bert_10M_masked","results_experiment_1_gpt_bert_10M_masked.csv","Irregular","Plural",0.5,0.5,"set_louse_flea"
"Regular Singular","flea","expert",20.6443586349487,11.3342437744141,"gpt_bert_10M_masked","results_experiment_1_gpt_bert_10M_masked.csv","Regular","Singular",-0.5,-0.5,"set_louse_flea"
"Regular Plural","fleas","expert",23.6178665161133,12.3327951431274,"gpt_bert_10M_masked","results_experiment_1_gpt_bert_10M_masked.csv","Regular","Plural",-0.5,0.5,"set_louse_flea"
"Irregular Singular","mouse","issue",13.1124782562256,14.1625366210938,"gpt_bert_10M_masked","results_experiment_1_gpt_bert_10M_masked.csv","Irregular","Singular",0.5,-0.5,"set_mouse_rat"
"Irregular Plural","mice","issue",14.1341314315796,15.1511287689209,"gpt_bert_10M_masked","results_experiment_1_gpt_bert_10M_masked.csv","Irregular","Plural",0.5,0.5,"set_mouse_rat"
"Regular Singular","rat","issue",13.1354179382324,13.166916847229,"gpt_bert_10M_masked","results_experiment_1_gpt_bert_10M_masked.csv","Regular","Singular",-0.5,-0.5,"set_mouse_rat"
"Regular Plural","rats","issue",13.7925424575806,14.9564723968506,"gpt_bert_10M_masked","results_experiment_1_gpt_bert_10M_masked.csv","Regular","Plural",-0.5,0.5,"set_mouse_rat"
"Irregular Singular","mouse","trader",13.112476348877,14.9350917339325,"gpt_bert_10M_masked","results_experiment_1_gpt_bert_10M_masked.csv","Irregular","Singular",0.5,-0.5,"set_mouse_rat"
"Irregular Plural","mice","trader",14.1341323852539,16.4222030639648,"gpt_bert_10M_masked","results_experiment_1_gpt_bert_10M_masked.csv","Irregular","Plural",0.5,0.5,"set_mouse_rat"
"Regular Singular","rat","trader",13.1354169845581,16.1482954025269,"gpt_bert_10M_masked","results_experiment_1_gpt_bert_10M_masked.csv","Regular","Singular",-0.5,-0.5,"set_mouse_rat"
"Regular Plural","rats","trader",13.7925424575806,16.2898976802826,"gpt_bert_10M_masked","results_experiment_1_gpt_bert_10M_masked.csv","Regular","Plural",-0.5,0.5,"set_mouse_rat"
"Irregular Singular","mouse","tracker",13.112476348877,14.9834260940552,"gpt_bert_10M_masked","results_experiment_1_gpt_bert_10M_masked.csv","Irregular","Singular",0.5,-0.5,"set_mouse_rat"
"Irregular Plural","mice","tracker",14.1341323852539,17.7679715156555,"gpt_bert_10M_masked","results_experiment_1_gpt_bert_10M_masked.csv","Irregular","Plural",0.5,0.5,"set_mouse_rat"
"Regular Singular","rat","tracker",13.1354169845581,14.7571816444397,"gpt_bert_10M_masked","results_experiment_1_gpt_bert_10M_masked.csv","Regular","Singular",-0.5,-0.5,"set_mouse_rat"
"Regular Plural","rats","tracker",13.7925424575806,17.0337066650391,"gpt_bert_10M_masked","results_experiment_1_gpt_bert_10M_masked.csv","Regular","Plural",-0.5,0.5,"set_mouse_rat"
"Irregular Singular","mouse","inspector",13.1124782562256,14.4557800292969,"gpt_bert_10M_masked","results_experiment_1_gpt_bert_10M_masked.csv","Irregular","Singular",0.5,-0.5,"set_mouse_rat"
"Irregular Plural","mice","inspector",14.1341314315796,14.251202583313,"gpt_bert_10M_masked","results_experiment_1_gpt_bert_10M_masked.csv","Irregular","Plural",0.5,0.5,"set_mouse_rat"
"Regular Singular","rat","inspector",13.1354179382324,14.182991027832,"gpt_bert_10M_masked","results_experiment_1_gpt_bert_10M_masked.csv","Regular","Singular",-0.5,-0.5,"set_mouse_rat"
"Regular Plural","rats","inspector",13.7925424575806,13.8852586746216,"gpt_bert_10M_masked","results_experiment_1_gpt_bert_10M_masked.csv","Regular","Plural",-0.5,0.5,"set_mouse_rat"
"Irregular Singular","foot","issue",9.33529663085938,13.9426832199097,"gpt_bert_10M_masked","results_experiment_1_gpt_bert_10M_masked.csv","Irregular","Singular",0.5,-0.5,"set_foot_leg"
"Irregular Plural","feet","issue",9.72587776184082,15.4597415924072,"gpt_bert_10M_masked","results_experiment_1_gpt_bert_10M_masked.csv","Irregular","Plural",0.5,0.5,"set_foot_leg"
"Regular Singular","leg","issue",11.5283660888672,11.6119422912598,"gpt_bert_10M_masked","results_experiment_1_gpt_bert_10M_masked.csv","Regular","Singular",-0.5,-0.5,"set_foot_leg"
"Regular Plural","legs","issue",11.1605663299561,14.4810981750488,"gpt_bert_10M_masked","results_experiment_1_gpt_bert_10M_masked.csv","Regular","Plural",-0.5,0.5,"set_foot_leg"
"Irregular Singular","foot","examination",9.33529663085938,13.1855163574219,"gpt_bert_10M_masked","results_experiment_1_gpt_bert_10M_masked.csv","Irregular","Singular",0.5,-0.5,"set_foot_leg"
"Irregular Plural","feet","examination",9.72587776184082,13.6138801574707,"gpt_bert_10M_masked","results_experiment_1_gpt_bert_10M_masked.csv","Irregular","Plural",0.5,0.5,"set_foot_leg"
"Regular Singular","leg","examination",11.5283660888672,11.7179069519043,"gpt_bert_10M_masked","results_experiment_1_gpt_bert_10M_masked.csv","Regular","Singular",-0.5,-0.5,"set_foot_leg"
"Regular Plural","legs","examination",11.1605663299561,13.6774120330811,"gpt_bert_10M_masked","results_experiment_1_gpt_bert_10M_masked.csv","Regular","Plural",-0.5,0.5,"set_foot_leg"
"Irregular Singular","foot","expert",9.33529663085938,15.5970830917358,"gpt_bert_10M_masked","results_experiment_1_gpt_bert_10M_masked.csv","Irregular","Singular",0.5,-0.5,"set_foot_leg"
"Irregular Plural","feet","expert",9.72587776184082,15.084939956665,"gpt_bert_10M_masked","results_experiment_1_gpt_bert_10M_masked.csv","Irregular","Plural",0.5,0.5,"set_foot_leg"
"Regular Singular","leg","expert",11.5283660888672,14.5455627441406,"gpt_bert_10M_masked","results_experiment_1_gpt_bert_10M_masked.csv","Regular","Singular",-0.5,-0.5,"set_foot_leg"
"Regular Plural","legs","expert",11.1605663299561,15.2433490753174,"gpt_bert_10M_masked","results_experiment_1_gpt_bert_10M_masked.csv","Regular","Plural",-0.5,0.5,"set_foot_leg"
"Irregular Singular","foot","inspector",9.33529663085938,13.8977880477905,"gpt_bert_10M_masked","results_experiment_1_gpt_bert_10M_masked.csv","Irregular","Singular",0.5,-0.5,"set_foot_leg"
"Irregular Plural","feet","inspector",9.72587776184082,15.9280700683594,"gpt_bert_10M_masked","results_experiment_1_gpt_bert_10M_masked.csv","Irregular","Plural",0.5,0.5,"set_foot_leg"
"Regular Singular","leg","inspector",11.5283660888672,12.7713966369629,"gpt_bert_10M_masked","results_experiment_1_gpt_bert_10M_masked.csv","Regular","Singular",-0.5,-0.5,"set_foot_leg"
"Regular Plural","legs","inspector",11.1605663299561,15.0292072296143,"gpt_bert_10M_masked","results_experiment_1_gpt_bert_10M_masked.csv","Regular","Plural",-0.5,0.5,"set_foot_leg"
"Irregular Singular","tooth","issue",13.6376056671143,13.3546142578125,"gpt_bert_10M_masked","results_experiment_1_gpt_bert_10M_masked.csv","Irregular","Singular",0.5,-0.5,"set_tooth_bone"
"Irregular Plural","teeth","issue",11.3782081604004,14.9808893203735,"gpt_bert_10M_masked","results_experiment_1_gpt_bert_10M_masked.csv","Irregular","Plural",0.5,0.5,"set_tooth_bone"
"Regular Singular","bone","issue",12.0642156600952,12.9276866912842,"gpt_bert_10M_masked","results_experiment_1_gpt_bert_10M_masked.csv","Regular","Singular",-0.5,-0.5,"set_tooth_bone"
"Regular Plural","bones","issue",12.2964429855347,13.3126106262207,"gpt_bert_10M_masked","results_experiment_1_gpt_bert_10M_masked.csv","Regular","Plural",-0.5,0.5,"set_tooth_bone"
"Irregular Singular","tooth","examination",13.6376056671143,11.9163570404053,"gpt_bert_10M_masked","results_experiment_1_gpt_bert_10M_masked.csv","Irregular","Singular",0.5,-0.5,"set_tooth_bone"
"Irregular Plural","teeth","examination",11.3782081604004,13.8125305175781,"gpt_bert_10M_masked","results_experiment_1_gpt_bert_10M_masked.csv","Irregular","Plural",0.5,0.5,"set_tooth_bone"
"Regular Singular","bone","examination",12.0642156600952,12.4147472381592,"gpt_bert_10M_masked","results_experiment_1_gpt_bert_10M_masked.csv","Regular","Singular",-0.5,-0.5,"set_tooth_bone"
"Regular Plural","bones","examination",12.2964429855347,13.4636087417603,"gpt_bert_10M_masked","results_experiment_1_gpt_bert_10M_masked.csv","Regular","Plural",-0.5,0.5,"set_tooth_bone"
"Irregular Singular","tooth","expert",13.6376056671143,13.023229598999,"gpt_bert_10M_masked","results_experiment_1_gpt_bert_10M_masked.csv","Irregular","Singular",0.5,-0.5,"set_tooth_bone"
"Irregular Plural","teeth","expert",11.3782081604004,15.2540197372437,"gpt_bert_10M_masked","results_experiment_1_gpt_bert_10M_masked.csv","Irregular","Plural",0.5,0.5,"set_tooth_bone"
"Regular Singular","bone","expert",12.0642156600952,13.4001340866089,"gpt_bert_10M_masked","results_experiment_1_gpt_bert_10M_masked.csv","Regular","Singular",-0.5,-0.5,"set_tooth_bone"
"Regular Plural","bones","expert",12.2964429855347,14.5190238952637,"gpt_bert_10M_masked","results_experiment_1_gpt_bert_10M_masked.csv","Regular","Plural",-0.5,0.5,"set_tooth_bone"
"Irregular Singular","tooth","protector",13.6376085281372,16.1432654857635,"gpt_bert_10M_masked","results_experiment_1_gpt_bert_10M_masked.csv","Irregular","Singular",0.5,-0.5,"set_tooth_bone"
"Irregular Plural","teeth","protector",11.3782138824463,18.2584543228149,"gpt_bert_10M_masked","results_experiment_1_gpt_bert_10M_masked.csv","Irregular","Plural",0.5,0.5,"set_tooth_bone"
"Regular Singular","bone","protector",12.0642166137695,16.9798836708069,"gpt_bert_10M_masked","results_experiment_1_gpt_bert_10M_masked.csv","Regular","Singular",-0.5,-0.5,"set_tooth_bone"
"Regular Plural","bones","protector",12.2964429855347,19.0203742980957,"gpt_bert_10M_masked","results_experiment_1_gpt_bert_10M_masked.csv","Regular","Plural",-0.5,0.5,"set_tooth_bone"
"Irregular Singular","child","patrol",8.97627449035645,13.2533283233643,"gpt_bert_10M_masked","results_experiment_1_gpt_bert_10M_masked.csv","Irregular","Singular",0.5,-0.5,"set_child_adult"
"Irregular Plural","children","patrol",8.69403266906738,13.0756931304932,"gpt_bert_10M_masked","results_experiment_1_gpt_bert_10M_masked.csv","Irregular","Plural",0.5,0.5,"set_child_adult"
"Regular Singular","adult","patrol",13.9471683502197,10.2181415557861,"gpt_bert_10M_masked","results_experiment_1_gpt_bert_10M_masked.csv","Regular","Singular",-0.5,-0.5,"set_child_adult"
"Regular Plural","adults","patrol",12.5747165679932,12.79714012146,"gpt_bert_10M_masked","results_experiment_1_gpt_bert_10M_masked.csv","Regular","Plural",-0.5,0.5,"set_child_adult"
"Irregular Singular","child","register",8.97627449035645,14.8665866851807,"gpt_bert_10M_masked","results_experiment_1_gpt_bert_10M_masked.csv","Irregular","Singular",0.5,-0.5,"set_child_adult"
"Irregular Plural","children","register",8.69403266906738,13.8587779998779,"gpt_bert_10M_masked","results_experiment_1_gpt_bert_10M_masked.csv","Irregular","Plural",0.5,0.5,"set_child_adult"
"Regular Singular","adult","register",13.9471683502197,12.3200569152832,"gpt_bert_10M_masked","results_experiment_1_gpt_bert_10M_masked.csv","Regular","Singular",-0.5,-0.5,"set_child_adult"
"Regular Plural","adults","register",12.5747165679932,13.6126842498779,"gpt_bert_10M_masked","results_experiment_1_gpt_bert_10M_masked.csv","Regular","Plural",-0.5,0.5,"set_child_adult"
"Irregular Singular","child","institute",8.97627639770508,17.1947984695435,"gpt_bert_10M_masked","results_experiment_1_gpt_bert_10M_masked.csv","Irregular","Singular",0.5,-0.5,"set_child_adult"
"Irregular Plural","children","institute",8.69403266906738,16.1639399528503,"gpt_bert_10M_masked","results_experiment_1_gpt_bert_10M_masked.csv","Irregular","Plural",0.5,0.5,"set_child_adult"
"Regular Singular","adult","institute",13.9471654891968,16.9209764003754,"gpt_bert_10M_masked","results_experiment_1_gpt_bert_10M_masked.csv","Regular","Singular",-0.5,-0.5,"set_child_adult"
"Regular Plural","adults","institute",12.5747146606445,15.5924527645111,"gpt_bert_10M_masked","results_experiment_1_gpt_bert_10M_masked.csv","Regular","Plural",-0.5,0.5,"set_child_adult"
"Irregular Singular","child","crew",8.97627449035645,12.8938846588135,"gpt_bert_10M_masked","results_experiment_1_gpt_bert_10M_masked.csv","Irregular","Singular",0.5,-0.5,"set_child_adult"
"Irregular Plural","children","crew",8.69403266906738,12.9714298248291,"gpt_bert_10M_masked","results_experiment_1_gpt_bert_10M_masked.csv","Irregular","Plural",0.5,0.5,"set_child_adult"
"Regular Singular","adult","crew",13.9471683502197,9.5488395690918,"gpt_bert_10M_masked","results_experiment_1_gpt_bert_10M_masked.csv","Regular","Singular",-0.5,-0.5,"set_child_adult"
"Regular Plural","adults","crew",12.5747165679932,9.75166893005371,"gpt_bert_10M_masked","results_experiment_1_gpt_bert_10M_masked.csv","Regular","Plural",-0.5,0.5,"set_child_adult"
"Irregular Singular","woman","protector",9.85362815856934,15.1824588775635,"gpt_bert_10M_masked","results_experiment_1_gpt_bert_10M_masked.csv","Irregular","Singular",0.5,-0.5,"set_woman_girl"
"Irregular Plural","women","protector",10.242600440979,18.4411196708679,"gpt_bert_10M_masked","results_experiment_1_gpt_bert_10M_masked.csv","Irregular","Plural",0.5,0.5,"set_woman_girl"
"Regular Singular","girl","protector",8.79717826843262,17.0943584442139,"gpt_bert_10M_masked","results_experiment_1_gpt_bert_10M_masked.csv","Regular","Singular",-0.5,-0.5,"set_woman_girl"
"Regular Plural","girls","protector",9.96203994750977,19.8473682403564,"gpt_bert_10M_masked","results_experiment_1_gpt_bert_10M_masked.csv","Regular","Plural",-0.5,0.5,"set_woman_girl"
"Irregular Singular","woman","register",9.8536262512207,15.3753023147583,"gpt_bert_10M_masked","results_experiment_1_gpt_bert_10M_masked.csv","Irregular","Singular",0.5,-0.5,"set_woman_girl"
"Irregular Plural","women","register",10.2426013946533,13.9108428955078,"gpt_bert_10M_masked","results_experiment_1_gpt_bert_10M_masked.csv","Irregular","Plural",0.5,0.5,"set_woman_girl"
"Regular Singular","girl","register",8.79718017578125,14.5766258239746,"gpt_bert_10M_masked","results_experiment_1_gpt_bert_10M_masked.csv","Regular","Singular",-0.5,-0.5,"set_woman_girl"
"Regular Plural","girls","register",9.96203804016113,13.2640686035156,"gpt_bert_10M_masked","results_experiment_1_gpt_bert_10M_masked.csv","Regular","Plural",-0.5,0.5,"set_woman_girl"
"Irregular Singular","woman","hangout",9.85362815856934,17.7829694747925,"gpt_bert_10M_masked","results_experiment_1_gpt_bert_10M_masked.csv","Irregular","Singular",0.5,-0.5,"set_woman_girl"
"Irregular Plural","women","hangout",10.242600440979,18.2900524139404,"gpt_bert_10M_masked","results_experiment_1_gpt_bert_10M_masked.csv","Irregular","Plural",0.5,0.5,"set_woman_girl"
"Regular Singular","girl","hangout",8.79717826843262,17.9422841072083,"gpt_bert_10M_masked","results_experiment_1_gpt_bert_10M_masked.csv","Regular","Singular",-0.5,-0.5,"set_woman_girl"
"Regular Plural","girls","hangout",9.96203994750977,18.9196748733521,"gpt_bert_10M_masked","results_experiment_1_gpt_bert_10M_masked.csv","Regular","Plural",-0.5,0.5,"set_woman_girl"
"Irregular Singular","woman","crew",9.8536262512207,11.1350679397583,"gpt_bert_10M_masked","results_experiment_1_gpt_bert_10M_masked.csv","Irregular","Singular",0.5,-0.5,"set_woman_girl"
"Irregular Plural","women","crew",10.2426013946533,10.6271257400513,"gpt_bert_10M_masked","results_experiment_1_gpt_bert_10M_masked.csv","Irregular","Plural",0.5,0.5,"set_woman_girl"
"Regular Singular","girl","crew",8.79718017578125,11.1443328857422,"gpt_bert_10M_masked","results_experiment_1_gpt_bert_10M_masked.csv","Regular","Singular",-0.5,-0.5,"set_woman_girl"
"Regular Plural","girls","crew",9.96203804016113,12.3332004547119,"gpt_bert_10M_masked","results_experiment_1_gpt_bert_10M_masked.csv","Regular","Plural",-0.5,0.5,"set_woman_girl"
"Irregular Singular","man","institute",8.06661319732666,16.9730491638184,"gpt_bert_10M_masked","results_experiment_1_gpt_bert_10M_masked.csv","Irregular","Singular",0.5,-0.5,"set_man_boy"
"Irregular Plural","men","institute",8.80535125732422,16.2387397289276,"gpt_bert_10M_masked","results_experiment_1_gpt_bert_10M_masked.csv","Irregular","Plural",0.5,0.5,"set_man_boy"
"Regular Singular","boy","institute",8.37239837646484,17.6738264560699,"gpt_bert_10M_masked","results_experiment_1_gpt_bert_10M_masked.csv","Regular","Singular",-0.5,-0.5,"set_man_boy"
"Regular Plural","boys","institute",9.38286876678467,16.5456962585449,"gpt_bert_10M_masked","results_experiment_1_gpt_bert_10M_masked.csv","Regular","Plural",-0.5,0.5,"set_man_boy"
"Irregular Singular","man","register",8.06661415100098,14.0660667419434,"gpt_bert_10M_masked","results_experiment_1_gpt_bert_10M_masked.csv","Irregular","Singular",0.5,-0.5,"set_man_boy"
"Irregular Plural","men","register",8.80534934997559,13.8747043609619,"gpt_bert_10M_masked","results_experiment_1_gpt_bert_10M_masked.csv","Irregular","Plural",0.5,0.5,"set_man_boy"
"Regular Singular","boy","register",8.37239933013916,14.3985347747803,"gpt_bert_10M_masked","results_experiment_1_gpt_bert_10M_masked.csv","Regular","Singular",-0.5,-0.5,"set_man_boy"
"Regular Plural","boys","register",9.38286972045898,13.4762439727783,"gpt_bert_10M_masked","results_experiment_1_gpt_bert_10M_masked.csv","Regular","Plural",-0.5,0.5,"set_man_boy"
"Irregular Singular","man","finder",8.06661319732666,15.3728132247925,"gpt_bert_10M_masked","results_experiment_1_gpt_bert_10M_masked.csv","Irregular","Singular",0.5,-0.5,"set_man_boy"
"Irregular Plural","men","finder",8.80535125732422,17.6869497299194,"gpt_bert_10M_masked","results_experiment_1_gpt_bert_10M_masked.csv","Irregular","Plural",0.5,0.5,"set_man_boy"
"Regular Singular","boy","finder",8.37239837646484,15.3148636817932,"gpt_bert_10M_masked","results_experiment_1_gpt_bert_10M_masked.csv","Regular","Singular",-0.5,-0.5,"set_man_boy"
"Regular Plural","boys","finder",9.38286876678467,17.189302444458,"gpt_bert_10M_masked","results_experiment_1_gpt_bert_10M_masked.csv","Regular","Plural",-0.5,0.5,"set_man_boy"
"Irregular Singular","man","hangout",8.06661319732666,17.0847625732422,"gpt_bert_10M_masked","results_experiment_1_gpt_bert_10M_masked.csv","Irregular","Singular",0.5,-0.5,"set_man_boy"
"Irregular Plural","men","hangout",8.80535125732422,17.6573476791382,"gpt_bert_10M_masked","results_experiment_1_gpt_bert_10M_masked.csv","Irregular","Plural",0.5,0.5,"set_man_boy"
"Regular Singular","boy","hangout",8.37239837646484,17.5943403244019,"gpt_bert_10M_masked","results_experiment_1_gpt_bert_10M_masked.csv","Regular","Singular",-0.5,-0.5,"set_man_boy"
"Regular Plural","boys","hangout",9.38286876678467,18.7768936157227,"gpt_bert_10M_masked","results_experiment_1_gpt_bert_10M_masked.csv","Regular","Plural",-0.5,0.5,"set_man_boy"
"Irregular Singular","salesman","institute",13.7629570960999,17.1029689311981,"gpt_bert_10M_masked","results_experiment_1_gpt_bert_10M_masked.csv","Irregular","Singular",0.5,-0.5,"set_salesman_retailer"
"Irregular Plural","salesmen","institute",17.0969977378845,16.4897477626801,"gpt_bert_10M_masked","results_experiment_1_gpt_bert_10M_masked.csv","Irregular","Plural",0.5,0.5,"set_salesman_retailer"
"Regular Singular","retailer","institute",18.2415523529053,15.759777545929,"gpt_bert_10M_masked","results_experiment_1_gpt_bert_10M_masked.csv","Regular","Singular",-0.5,-0.5,"set_salesman_retailer"
"Regular Plural","retailers","institute",18.4680137634277,15.5875420570374,"gpt_bert_10M_masked","results_experiment_1_gpt_bert_10M_masked.csv","Regular","Plural",-0.5,0.5,"set_salesman_retailer"
"Irregular Singular","salesman","inspector",13.7629578113556,10.7674331665039,"gpt_bert_10M_masked","results_experiment_1_gpt_bert_10M_masked.csv","Irregular","Singular",0.5,-0.5,"set_salesman_retailer"
"Irregular Plural","salesmen","inspector",17.096996307373,11.4026784896851,"gpt_bert_10M_masked","results_experiment_1_gpt_bert_10M_masked.csv","Irregular","Plural",0.5,0.5,"set_salesman_retailer"
"Regular Singular","retailer","inspector",18.241551399231,10.4818239212036,"gpt_bert_10M_masked","results_experiment_1_gpt_bert_10M_masked.csv","Regular","Singular",-0.5,-0.5,"set_salesman_retailer"
"Regular Plural","retailers","inspector",18.4680142402649,11.3589019775391,"gpt_bert_10M_masked","results_experiment_1_gpt_bert_10M_masked.csv","Regular","Plural",-0.5,0.5,"set_salesman_retailer"
"Irregular Singular","salesman","protector",13.7629570960999,17.3701391220093,"gpt_bert_10M_masked","results_experiment_1_gpt_bert_10M_masked.csv","Irregular","Singular",0.5,-0.5,"set_salesman_retailer"
"Irregular Plural","salesmen","protector",17.0969977378845,20.0020437240601,"gpt_bert_10M_masked","results_experiment_1_gpt_bert_10M_masked.csv","Irregular","Plural",0.5,0.5,"set_salesman_retailer"
"Regular Singular","retailer","protector",18.2415523529053,14.4950437545776,"gpt_bert_10M_masked","results_experiment_1_gpt_bert_10M_masked.csv","Regular","Singular",-0.5,-0.5,"set_salesman_retailer"
"Regular Plural","retailers","protector",18.4680137634277,17.4104375839233,"gpt_bert_10M_masked","results_experiment_1_gpt_bert_10M_masked.csv","Regular","Plural",-0.5,0.5,"set_salesman_retailer"
"Irregular Singular","salesman","employer",13.7629570960999,11.1071581840515,"gpt_bert_10M_masked","results_experiment_1_gpt_bert_10M_masked.csv","Irregular","Singular",0.5,-0.5,"set_salesman_retailer"
"Irregular Plural","salesmen","employer",17.0969977378845,13.2177081108093,"gpt_bert_10M_masked","results_experiment_1_gpt_bert_10M_masked.csv","Irregular","Plural",0.5,0.5,"set_salesman_retailer"
"Regular Singular","retailer","employer",18.2415523529053,11.3576912879944,"gpt_bert_10M_masked","results_experiment_1_gpt_bert_10M_masked.csv","Regular","Singular",-0.5,-0.5,"set_salesman_retailer"
"Regular Plural","retailers","employer",18.4680137634277,13.0560238361359,"gpt_bert_10M_masked","results_experiment_1_gpt_bert_10M_masked.csv","Regular","Plural",-0.5,0.5,"set_salesman_retailer"
"Irregular Singular","nobleman","patrol",15.0315170288086,14.1961078643799,"gpt_bert_10M_masked","results_experiment_1_gpt_bert_10M_masked.csv","Irregular","Singular",0.5,-0.5,"set_nobleman_aristocrat"
"Irregular Plural","noblemen","patrol",17.3020877838135,14.5060997009277,"gpt_bert_10M_masked","results_experiment_1_gpt_bert_10M_masked.csv","Irregular","Plural",0.5,0.5,"set_nobleman_aristocrat"
"Regular Singular","aristocrat","patrol",24.4311127662659,13.0512714385986,"gpt_bert_10M_masked","results_experiment_1_gpt_bert_10M_masked.csv","Regular","Singular",-0.5,-0.5,"set_nobleman_aristocrat"
"Regular Plural","aristocrats","patrol",23.229968547821,13.4823684692383,"gpt_bert_10M_masked","results_experiment_1_gpt_bert_10M_masked.csv","Regular","Plural",-0.5,0.5,"set_nobleman_aristocrat"
"Irregular Singular","nobleman","hangout",15.0315170288086,18.4773330688477,"gpt_bert_10M_masked","results_experiment_1_gpt_bert_10M_masked.csv","Irregular","Singular",0.5,-0.5,"set_nobleman_aristocrat"
"Irregular Plural","noblemen","hangout",17.3020887374878,19.5129261016846,"gpt_bert_10M_masked","results_experiment_1_gpt_bert_10M_masked.csv","Irregular","Plural",0.5,0.5,"set_nobleman_aristocrat"
"Regular Singular","aristocrat","hangout",24.4311118125916,16.9825553894043,"gpt_bert_10M_masked","results_experiment_1_gpt_bert_10M_masked.csv","Regular","Singular",-0.5,-0.5,"set_nobleman_aristocrat"
"Regular Plural","aristocrats","hangout",23.229968547821,18.246922492981,"gpt_bert_10M_masked","results_experiment_1_gpt_bert_10M_masked.csv","Regular","Plural",-0.5,0.5,"set_nobleman_aristocrat"
"Irregular Singular","nobleman","institute",15.0315170288086,17.2303049564362,"gpt_bert_10M_masked","results_experiment_1_gpt_bert_10M_masked.csv","Irregular","Singular",0.5,-0.5,"set_nobleman_aristocrat"
"Irregular Plural","noblemen","institute",17.3020887374878,16.226580619812,"gpt_bert_10M_masked","results_experiment_1_gpt_bert_10M_masked.csv","Irregular","Plural",0.5,0.5,"set_nobleman_aristocrat"
"Regular Singular","aristocrat","institute",24.4311118125916,17.279589176178,"gpt_bert_10M_masked","results_experiment_1_gpt_bert_10M_masked.csv","Regular","Singular",-0.5,-0.5,"set_nobleman_aristocrat"
"Regular Plural","aristocrats","institute",23.229968547821,15.8936851024628,"gpt_bert_10M_masked","results_experiment_1_gpt_bert_10M_masked.csv","Regular","Plural",-0.5,0.5,"set_nobleman_aristocrat"
"Irregular Singular","nobleman","crew",15.0315170288086,11.2330093383789,"gpt_bert_10M_masked","results_experiment_1_gpt_bert_10M_masked.csv","Irregular","Singular",0.5,-0.5,"set_nobleman_aristocrat"
"Irregular Plural","noblemen","crew",17.3020877838135,11.9734401702881,"gpt_bert_10M_masked","results_experiment_1_gpt_bert_10M_masked.csv","Irregular","Plural",0.5,0.5,"set_nobleman_aristocrat"
"Regular Singular","aristocrat","crew",24.4311127662659,12.4334201812744,"gpt_bert_10M_masked","results_experiment_1_gpt_bert_10M_masked.csv","Regular","Singular",-0.5,-0.5,"set_nobleman_aristocrat"
"Regular Plural","aristocrats","crew",23.229968547821,11.3100109100342,"gpt_bert_10M_masked","results_experiment_1_gpt_bert_10M_masked.csv","Regular","Plural",-0.5,0.5,"set_nobleman_aristocrat"
"Irregular Singular","boatman","patrol",16.9764127731323,10.7697916030884,"gpt_bert_10M_masked","results_experiment_1_gpt_bert_10M_masked.csv","Irregular","Singular",0.5,-0.5,"set_boatman_shipmate"
"Irregular Plural","boatmen","patrol",17.1249179840088,10.4777097702026,"gpt_bert_10M_masked","results_experiment_1_gpt_bert_10M_masked.csv","Irregular","Plural",0.5,0.5,"set_boatman_shipmate"
"Regular Singular","shipmate","patrol",18.7234926223755,11.7690563201904,"gpt_bert_10M_masked","results_experiment_1_gpt_bert_10M_masked.csv","Regular","Singular",-0.5,-0.5,"set_boatman_shipmate"
"Regular Plural","shipmates","patrol",19.4383888244629,10.8690643310547,"gpt_bert_10M_masked","results_experiment_1_gpt_bert_10M_masked.csv","Regular","Plural",-0.5,0.5,"set_boatman_shipmate"
"Irregular Singular","boatman","finder",16.9764127731323,14.1999044418335,"gpt_bert_10M_masked","results_experiment_1_gpt_bert_10M_masked.csv","Irregular","Singular",0.5,-0.5,"set_boatman_shipmate"
"Irregular Plural","boatmen","finder",17.1249179840088,16.2881889343262,"gpt_bert_10M_masked","results_experiment_1_gpt_bert_10M_masked.csv","Irregular","Plural",0.5,0.5,"set_boatman_shipmate"
"Regular Singular","shipmate","finder",18.7234935760498,14.5447797775269,"gpt_bert_10M_masked","results_experiment_1_gpt_bert_10M_masked.csv","Regular","Singular",-0.5,-0.5,"set_boatman_shipmate"
"Regular Plural","shipmates","finder",19.4383888244629,16.7282085418701,"gpt_bert_10M_masked","results_experiment_1_gpt_bert_10M_masked.csv","Regular","Plural",-0.5,0.5,"set_boatman_shipmate"
"Irregular Singular","boatman","inspector",16.9764127731323,11.3661603927612,"gpt_bert_10M_masked","results_experiment_1_gpt_bert_10M_masked.csv","Irregular","Singular",0.5,-0.5,"set_boatman_shipmate"
"Irregular Plural","boatmen","inspector",17.1249179840088,12.2538661956787,"gpt_bert_10M_masked","results_experiment_1_gpt_bert_10M_masked.csv","Irregular","Plural",0.5,0.5,"set_boatman_shipmate"
"Regular Singular","shipmate","inspector",18.7234926223755,11.2106647491455,"gpt_bert_10M_masked","results_experiment_1_gpt_bert_10M_masked.csv","Regular","Singular",-0.5,-0.5,"set_boatman_shipmate"
"Regular Plural","shipmates","inspector",19.4383888244629,11.799901008606,"gpt_bert_10M_masked","results_experiment_1_gpt_bert_10M_masked.csv","Regular","Plural",-0.5,0.5,"set_boatman_shipmate"
"Irregular Singular","boatman","employer",16.9764127731323,12.3898804187775,"gpt_bert_10M_masked","results_experiment_1_gpt_bert_10M_masked.csv","Irregular","Singular",0.5,-0.5,"set_boatman_shipmate"
"Irregular Plural","boatmen","employer",17.1249179840088,13.4965465068817,"gpt_bert_10M_masked","results_experiment_1_gpt_bert_10M_masked.csv","Irregular","Plural",0.5,0.5,"set_boatman_shipmate"
"Regular Singular","shipmate","employer",18.7234935760498,11.9264416694641,"gpt_bert_10M_masked","results_experiment_1_gpt_bert_10M_masked.csv","Regular","Singular",-0.5,-0.5,"set_boatman_shipmate"
"Regular Plural","shipmates","employer",19.4383888244629,12.5614604949951,"gpt_bert_10M_masked","results_experiment_1_gpt_bert_10M_masked.csv","Regular","Plural",-0.5,0.5,"set_boatman_shipmate"
"Irregular Singular","craftsman","employer",23.9325904846191,12.3039693832397,"gpt_bert_10M_masked","results_experiment_1_gpt_bert_10M_masked.csv","Irregular","Singular",0.5,-0.5,"set_craftsman_labourer"
"Irregular Plural","craftsmen","employer",24.6978073120117,14.1588706970215,"gpt_bert_10M_masked","results_experiment_1_gpt_bert_10M_masked.csv","Irregular","Plural",0.5,0.5,"set_craftsman_labourer"
"Regular Singular","labourer","employer",19.8642711639404,11.5894122123718,"gpt_bert_10M_masked","results_experiment_1_gpt_bert_10M_masked.csv","Regular","Singular",-0.5,-0.5,"set_craftsman_labourer"
"Regular Plural","labourers","employer",24.6789917945862,13.612872838974,"gpt_bert_10M_masked","results_experiment_1_gpt_bert_10M_masked.csv","Regular","Plural",-0.5,0.5,"set_craftsman_labourer"
"Irregular Singular","craftsman","examination",23.9325923919678,11.6968221664429,"gpt_bert_10M_masked","results_experiment_1_gpt_bert_10M_masked.csv","Irregular","Singular",0.5,-0.5,"set_craftsman_labourer"
"Irregular Plural","craftsmen","examination",24.6978092193604,12.8557090759277,"gpt_bert_10M_masked","results_experiment_1_gpt_bert_10M_masked.csv","Irregular","Plural",0.5,0.5,"set_craftsman_labourer"
"Regular Singular","labourer","examination",19.8642711639404,11.7113037109375,"gpt_bert_10M_masked","results_experiment_1_gpt_bert_10M_masked.csv","Regular","Singular",-0.5,-0.5,"set_craftsman_labourer"
"Regular Plural","labourers","examination",24.6789917945862,12.1507883071899,"gpt_bert_10M_masked","results_experiment_1_gpt_bert_10M_masked.csv","Regular","Plural",-0.5,0.5,"set_craftsman_labourer"
"Irregular Singular","craftsman","hangout",23.9325904846191,16.154679775238,"gpt_bert_10M_masked","results_experiment_1_gpt_bert_10M_masked.csv","Irregular","Singular",0.5,-0.5,"set_craftsman_labourer"
"Irregular Plural","craftsmen","hangout",24.6978073120117,17.3096580505371,"gpt_bert_10M_masked","results_experiment_1_gpt_bert_10M_masked.csv","Irregular","Plural",0.5,0.5,"set_craftsman_labourer"
"Regular Singular","labourer","hangout",19.8642711639404,17.4480295181274,"gpt_bert_10M_masked","results_experiment_1_gpt_bert_10M_masked.csv","Regular","Singular",-0.5,-0.5,"set_craftsman_labourer"
"Regular Plural","labourers","hangout",24.6789917945862,17.9653759002686,"gpt_bert_10M_masked","results_experiment_1_gpt_bert_10M_masked.csv","Regular","Plural",-0.5,0.5,"set_craftsman_labourer"
"Irregular Singular","craftsman","finder",23.9325904846191,15.5820236206055,"gpt_bert_10M_masked","results_experiment_1_gpt_bert_10M_masked.csv","Irregular","Singular",0.5,-0.5,"set_craftsman_labourer"
"Irregular Plural","craftsmen","finder",24.6978073120117,16.778923034668,"gpt_bert_10M_masked","results_experiment_1_gpt_bert_10M_masked.csv","Irregular","Plural",0.5,0.5,"set_craftsman_labourer"
"Regular Singular","labourer","finder",19.8642711639404,14.9787111282349,"gpt_bert_10M_masked","results_experiment_1_gpt_bert_10M_masked.csv","Regular","Singular",-0.5,-0.5,"set_craftsman_labourer"
"Regular Plural","labourers","finder",24.6789917945862,16.5846900939941,"gpt_bert_10M_masked","results_experiment_1_gpt_bert_10M_masked.csv","Regular","Plural",-0.5,0.5,"set_craftsman_labourer"
"Irregular Singular","fireman","examination",13.5567817687988,13.8413677215576,"gpt_bert_10M_masked","results_experiment_1_gpt_bert_10M_masked.csv","Irregular","Singular",0.5,-0.5,"set_fireman_lifeguard"
"Irregular Plural","firemen","examination",14.49161195755,13.1781959533691,"gpt_bert_10M_masked","results_experiment_1_gpt_bert_10M_masked.csv","Irregular","Plural",0.5,0.5,"set_fireman_lifeguard"
"Regular Singular","lifeguard","examination",21.3004946708679,13.2085990905762,"gpt_bert_10M_masked","results_experiment_1_gpt_bert_10M_masked.csv","Regular","Singular",-0.5,-0.5,"set_fireman_lifeguard"
"Regular Plural","lifeguards","examination",22.4830434322357,13.82457447052,"gpt_bert_10M_masked","results_experiment_1_gpt_bert_10M_masked.csv","Regular","Plural",-0.5,0.5,"set_fireman_lifeguard"
"Irregular Singular","fireman","employer",13.5567836761475,14.0963406562805,"gpt_bert_10M_masked","results_experiment_1_gpt_bert_10M_masked.csv","Irregular","Singular",0.5,-0.5,"set_fireman_lifeguard"
"Irregular Plural","firemen","employer",14.4916110038757,14.055627822876,"gpt_bert_10M_masked","results_experiment_1_gpt_bert_10M_masked.csv","Irregular","Plural",0.5,0.5,"set_fireman_lifeguard"
"Regular Singular","lifeguard","employer",21.3004951477051,13.8404393196106,"gpt_bert_10M_masked","results_experiment_1_gpt_bert_10M_masked.csv","Regular","Singular",-0.5,-0.5,"set_fireman_lifeguard"
"Regular Plural","lifeguards","employer",22.4830441474915,13.5451598167419,"gpt_bert_10M_masked","results_experiment_1_gpt_bert_10M_masked.csv","Regular","Plural",-0.5,0.5,"set_fireman_lifeguard"
"Irregular Singular","fireman","crew",13.5567817687988,9.99050521850586,"gpt_bert_10M_masked","results_experiment_1_gpt_bert_10M_masked.csv","Irregular","Singular",0.5,-0.5,"set_fireman_lifeguard"
"Irregular Plural","firemen","crew",14.49161195755,10.0172138214111,"gpt_bert_10M_masked","results_experiment_1_gpt_bert_10M_masked.csv","Irregular","Plural",0.5,0.5,"set_fireman_lifeguard"
"Regular Singular","lifeguard","crew",21.3004946708679,11.6098899841309,"gpt_bert_10M_masked","results_experiment_1_gpt_bert_10M_masked.csv","Regular","Singular",-0.5,-0.5,"set_fireman_lifeguard"
"Regular Plural","lifeguards","crew",22.4830434322357,11.9859533309937,"gpt_bert_10M_masked","results_experiment_1_gpt_bert_10M_masked.csv","Regular","Plural",-0.5,0.5,"set_fireman_lifeguard"
"Irregular Singular","fireman","patrol",13.5567817687988,12.4328365325928,"gpt_bert_10M_masked","results_experiment_1_gpt_bert_10M_masked.csv","Irregular","Singular",0.5,-0.5,"set_fireman_lifeguard"
"Irregular Plural","firemen","patrol",14.49161195755,11.2810611724854,"gpt_bert_10M_masked","results_experiment_1_gpt_bert_10M_masked.csv","Irregular","Plural",0.5,0.5,"set_fireman_lifeguard"
"Regular Singular","lifeguard","patrol",21.3004946708679,13.7414283752441,"gpt_bert_10M_masked","results_experiment_1_gpt_bert_10M_masked.csv","Regular","Singular",-0.5,-0.5,"set_fireman_lifeguard"
"Regular Plural","lifeguards","patrol",22.4830434322357,13.3753232955933,"gpt_bert_10M_masked","results_experiment_1_gpt_bert_10M_masked.csv","Regular","Plural",-0.5,0.5,"set_fireman_lifeguard"
"Irregular Singular","goose","protector",13.8348827362061,17.4853343963623,"gpt_bert_10M_mixed","results_experiment_1_gpt_bert_10M_mixed.csv","Irregular","Singular",0.5,-0.5,"set_goose_swan"
"Irregular Plural","geese","protector",13.3724920749664,13.2426617145538,"gpt_bert_10M_mixed","results_experiment_1_gpt_bert_10M_mixed.csv","Irregular","Plural",0.5,0.5,"set_goose_swan"
"Regular Singular","swan","protector",16.2267055511475,15.8185434341431,"gpt_bert_10M_mixed","results_experiment_1_gpt_bert_10M_mixed.csv","Regular","Singular",-0.5,-0.5,"set_goose_swan"
"Regular Plural","swans","protector",14.4906542301178,18.8892412185669,"gpt_bert_10M_mixed","results_experiment_1_gpt_bert_10M_mixed.csv","Regular","Plural",-0.5,0.5,"set_goose_swan"
"Irregular Singular","goose","trader",13.8348827362061,14.0461413860321,"gpt_bert_10M_mixed","results_experiment_1_gpt_bert_10M_mixed.csv","Irregular","Singular",0.5,-0.5,"set_goose_swan"
"Irregular Plural","geese","trader",13.3724920749664,12.3065230846405,"gpt_bert_10M_mixed","results_experiment_1_gpt_bert_10M_mixed.csv","Irregular","Plural",0.5,0.5,"set_goose_swan"
"Regular Singular","swan","trader",16.2267055511475,14.5606883764267,"gpt_bert_10M_mixed","results_experiment_1_gpt_bert_10M_mixed.csv","Regular","Singular",-0.5,-0.5,"set_goose_swan"
"Regular Plural","swans","trader",14.4906542301178,15.9038782119751,"gpt_bert_10M_mixed","results_experiment_1_gpt_bert_10M_mixed.csv","Regular","Plural",-0.5,0.5,"set_goose_swan"
"Irregular Singular","goose","tracker",13.8348827362061,17.8330025672913,"gpt_bert_10M_mixed","results_experiment_1_gpt_bert_10M_mixed.csv","Irregular","Singular",0.5,-0.5,"set_goose_swan"
"Irregular Plural","geese","tracker",13.3724920749664,15.7769956588745,"gpt_bert_10M_mixed","results_experiment_1_gpt_bert_10M_mixed.csv","Irregular","Plural",0.5,0.5,"set_goose_swan"
"Regular Singular","swan","tracker",16.2267055511475,15.5201454162598,"gpt_bert_10M_mixed","results_experiment_1_gpt_bert_10M_mixed.csv","Regular","Singular",-0.5,-0.5,"set_goose_swan"
"Regular Plural","swans","tracker",14.4906542301178,17.6879906654358,"gpt_bert_10M_mixed","results_experiment_1_gpt_bert_10M_mixed.csv","Regular","Plural",-0.5,0.5,"set_goose_swan"
"Irregular Singular","goose","expert",13.8348808288574,12.8181581497192,"gpt_bert_10M_mixed","results_experiment_1_gpt_bert_10M_mixed.csv","Irregular","Singular",0.5,-0.5,"set_goose_swan"
"Irregular Plural","geese","expert",13.372492313385,12.0910730361938,"gpt_bert_10M_mixed","results_experiment_1_gpt_bert_10M_mixed.csv","Irregular","Plural",0.5,0.5,"set_goose_swan"
"Regular Singular","swan","expert",16.2267074584961,11.7162113189697,"gpt_bert_10M_mixed","results_experiment_1_gpt_bert_10M_mixed.csv","Regular","Singular",-0.5,-0.5,"set_goose_swan"
"Regular Plural","swans","expert",14.490654706955,14.3189058303833,"gpt_bert_10M_mixed","results_experiment_1_gpt_bert_10M_mixed.csv","Regular","Plural",-0.5,0.5,"set_goose_swan"
"Irregular Singular","ox","register",15.7433528900146,11.477575302124,"gpt_bert_10M_mixed","results_experiment_1_gpt_bert_10M_mixed.csv","Irregular","Singular",0.5,-0.5,"set_ox_cow"
"Irregular Plural","oxen","register",13.5587558746338,14.3023471832275,"gpt_bert_10M_mixed","results_experiment_1_gpt_bert_10M_mixed.csv","Irregular","Plural",0.5,0.5,"set_ox_cow"
"Regular Singular","cow","register",12.297043800354,12.1908330917358,"gpt_bert_10M_mixed","results_experiment_1_gpt_bert_10M_mixed.csv","Regular","Singular",-0.5,-0.5,"set_ox_cow"
"Regular Plural","cows","register",11.8250141143799,12.9514760971069,"gpt_bert_10M_mixed","results_experiment_1_gpt_bert_10M_mixed.csv","Regular","Plural",-0.5,0.5,"set_ox_cow"
"Irregular Singular","ox","trader",15.7433547973633,12.4874505996704,"gpt_bert_10M_mixed","results_experiment_1_gpt_bert_10M_mixed.csv","Irregular","Singular",0.5,-0.5,"set_ox_cow"
"Irregular Plural","oxen","trader",13.5587549209595,14.1395716667175,"gpt_bert_10M_mixed","results_experiment_1_gpt_bert_10M_mixed.csv","Irregular","Plural",0.5,0.5,"set_ox_cow"
"Regular Singular","cow","trader",12.2970476150513,13.1062383651733,"gpt_bert_10M_mixed","results_experiment_1_gpt_bert_10M_mixed.csv","Regular","Singular",-0.5,-0.5,"set_ox_cow"
"Regular Plural","cows","trader",11.8250141143799,14.4714289903641,"gpt_bert_10M_mixed","results_experiment_1_gpt_bert_10M_mixed.csv","Regular","Plural",-0.5,0.5,"set_ox_cow"
"Irregular Singular","ox","tracker",15.7433547973633,18.5970211029053,"gpt_bert_10M_mixed","results_experiment_1_gpt_bert_10M_mixed.csv","Irregular","Singular",0.5,-0.5,"set_ox_cow"
"Irregular Plural","oxen","tracker",13.5587549209595,15.3097133636475,"gpt_bert_10M_mixed","results_experiment_1_gpt_bert_10M_mixed.csv","Irregular","Plural",0.5,0.5,"set_ox_cow"
"Regular Singular","cow","tracker",12.2970476150513,15.4243154525757,"gpt_bert_10M_mixed","results_experiment_1_gpt_bert_10M_mixed.csv","Regular","Singular",-0.5,-0.5,"set_ox_cow"
"Regular Plural","cows","tracker",11.8250141143799,17.6113219261169,"gpt_bert_10M_mixed","results_experiment_1_gpt_bert_10M_mixed.csv","Regular","Plural",-0.5,0.5,"set_ox_cow"
"Irregular Singular","ox","finder",15.7433547973633,19.0210618972778,"gpt_bert_10M_mixed","results_experiment_1_gpt_bert_10M_mixed.csv","Irregular","Singular",0.5,-0.5,"set_ox_cow"
"Irregular Plural","oxen","finder",13.5587549209595,19.7375812530518,"gpt_bert_10M_mixed","results_experiment_1_gpt_bert_10M_mixed.csv","Irregular","Plural",0.5,0.5,"set_ox_cow"
"Regular Singular","cow","finder",12.2970476150513,18.8352098464966,"gpt_bert_10M_mixed","results_experiment_1_gpt_bert_10M_mixed.csv","Regular","Singular",-0.5,-0.5,"set_ox_cow"
"Regular Plural","cows","finder",11.8250141143799,18.6926193237305,"gpt_bert_10M_mixed","results_experiment_1_gpt_bert_10M_mixed.csv","Regular","Plural",-0.5,0.5,"set_ox_cow"
"Irregular Singular","louse","issue",17.4913682937622,15.0737352371216,"gpt_bert_10M_mixed","results_experiment_1_gpt_bert_10M_mixed.csv","Irregular","Singular",0.5,-0.5,"set_louse_flea"
"Irregular Plural","lice","issue",18.9794521331787,13.3245754241943,"gpt_bert_10M_mixed","results_experiment_1_gpt_bert_10M_mixed.csv","Irregular","Plural",0.5,0.5,"set_louse_flea"
"Regular Singular","flea","issue",15.1903059482574,11.862193107605,"gpt_bert_10M_mixed","results_experiment_1_gpt_bert_10M_mixed.csv","Regular","Singular",-0.5,-0.5,"set_louse_flea"
"Regular Plural","fleas","issue",17.5869073867798,11.8788480758667,"gpt_bert_10M_mixed","results_experiment_1_gpt_bert_10M_mixed.csv","Regular","Plural",-0.5,0.5,"set_louse_flea"
"Irregular Singular","louse","trader",17.4913673400879,15.5303640365601,"gpt_bert_10M_mixed","results_experiment_1_gpt_bert_10M_mixed.csv","Irregular","Singular",0.5,-0.5,"set_louse_flea"
"Irregular Plural","lice","trader",18.9794502258301,15.6106758117676,"gpt_bert_10M_mixed","results_experiment_1_gpt_bert_10M_mixed.csv","Irregular","Plural",0.5,0.5,"set_louse_flea"
"Regular Singular","flea","trader",15.1903052330017,11.3242518901825,"gpt_bert_10M_mixed","results_experiment_1_gpt_bert_10M_mixed.csv","Regular","Singular",-0.5,-0.5,"set_louse_flea"
"Regular Plural","fleas","trader",17.5869059562683,13.4076375961304,"gpt_bert_10M_mixed","results_experiment_1_gpt_bert_10M_mixed.csv","Regular","Plural",-0.5,0.5,"set_louse_flea"
"Irregular Singular","louse","tracker",17.4913673400879,17.312442779541,"gpt_bert_10M_mixed","results_experiment_1_gpt_bert_10M_mixed.csv","Irregular","Singular",0.5,-0.5,"set_louse_flea"
"Irregular Plural","lice","tracker",18.9794502258301,18.7227230072021,"gpt_bert_10M_mixed","results_experiment_1_gpt_bert_10M_mixed.csv","Irregular","Plural",0.5,0.5,"set_louse_flea"
"Regular Singular","flea","tracker",15.1903052330017,14.6407098770142,"gpt_bert_10M_mixed","results_experiment_1_gpt_bert_10M_mixed.csv","Regular","Singular",-0.5,-0.5,"set_louse_flea"
"Regular Plural","fleas","tracker",17.5869059562683,15.5316591262817,"gpt_bert_10M_mixed","results_experiment_1_gpt_bert_10M_mixed.csv","Regular","Plural",-0.5,0.5,"set_louse_flea"
"Irregular Singular","louse","expert",17.4913682937622,12.4344272613525,"gpt_bert_10M_mixed","results_experiment_1_gpt_bert_10M_mixed.csv","Irregular","Singular",0.5,-0.5,"set_louse_flea"
"Irregular Plural","lice","expert",18.9794521331787,12.9786415100098,"gpt_bert_10M_mixed","results_experiment_1_gpt_bert_10M_mixed.csv","Irregular","Plural",0.5,0.5,"set_louse_flea"
"Regular Singular","flea","expert",15.1903059482574,12.1829853057861,"gpt_bert_10M_mixed","results_experiment_1_gpt_bert_10M_mixed.csv","Regular","Singular",-0.5,-0.5,"set_louse_flea"
"Regular Plural","fleas","expert",17.5869073867798,12.7757940292358,"gpt_bert_10M_mixed","results_experiment_1_gpt_bert_10M_mixed.csv","Regular","Plural",-0.5,0.5,"set_louse_flea"
"Irregular Singular","mouse","issue",13.8912897109985,12.7873296737671,"gpt_bert_10M_mixed","results_experiment_1_gpt_bert_10M_mixed.csv","Irregular","Singular",0.5,-0.5,"set_mouse_rat"
"Irregular Plural","mice","issue",14.1679344177246,13.7505664825439,"gpt_bert_10M_mixed","results_experiment_1_gpt_bert_10M_mixed.csv","Irregular","Plural",0.5,0.5,"set_mouse_rat"
"Regular Singular","rat","issue",13.6614274978638,12.4147033691406,"gpt_bert_10M_mixed","results_experiment_1_gpt_bert_10M_mixed.csv","Regular","Singular",-0.5,-0.5,"set_mouse_rat"
"Regular Plural","rats","issue",12.5972185134888,12.9825344085693,"gpt_bert_10M_mixed","results_experiment_1_gpt_bert_10M_mixed.csv","Regular","Plural",-0.5,0.5,"set_mouse_rat"
"Irregular Singular","mouse","trader",13.8912906646729,13.2531049251556,"gpt_bert_10M_mixed","results_experiment_1_gpt_bert_10M_mixed.csv","Irregular","Singular",0.5,-0.5,"set_mouse_rat"
"Irregular Plural","mice","trader",14.167932510376,14.9793515205383,"gpt_bert_10M_mixed","results_experiment_1_gpt_bert_10M_mixed.csv","Irregular","Plural",0.5,0.5,"set_mouse_rat"
"Regular Singular","rat","trader",13.6614274978638,14.1579804420471,"gpt_bert_10M_mixed","results_experiment_1_gpt_bert_10M_mixed.csv","Regular","Singular",-0.5,-0.5,"set_mouse_rat"
"Regular Plural","rats","trader",12.5972175598145,15.2659296989441,"gpt_bert_10M_mixed","results_experiment_1_gpt_bert_10M_mixed.csv","Regular","Plural",-0.5,0.5,"set_mouse_rat"
"Irregular Singular","mouse","tracker",13.8912906646729,16.0553846359253,"gpt_bert_10M_mixed","results_experiment_1_gpt_bert_10M_mixed.csv","Irregular","Singular",0.5,-0.5,"set_mouse_rat"
"Irregular Plural","mice","tracker",14.167932510376,18.2108125686646,"gpt_bert_10M_mixed","results_experiment_1_gpt_bert_10M_mixed.csv","Irregular","Plural",0.5,0.5,"set_mouse_rat"
"Regular Singular","rat","tracker",13.6614274978638,16.9979496002197,"gpt_bert_10M_mixed","results_experiment_1_gpt_bert_10M_mixed.csv","Regular","Singular",-0.5,-0.5,"set_mouse_rat"
"Regular Plural","rats","tracker",12.5972175598145,19.3317532539368,"gpt_bert_10M_mixed","results_experiment_1_gpt_bert_10M_mixed.csv","Regular","Plural",-0.5,0.5,"set_mouse_rat"
"Irregular Singular","mouse","inspector",13.8912897109985,15.4829988479614,"gpt_bert_10M_mixed","results_experiment_1_gpt_bert_10M_mixed.csv","Irregular","Singular",0.5,-0.5,"set_mouse_rat"
"Irregular Plural","mice","inspector",14.1679344177246,15.2168636322021,"gpt_bert_10M_mixed","results_experiment_1_gpt_bert_10M_mixed.csv","Irregular","Plural",0.5,0.5,"set_mouse_rat"
"Regular Singular","rat","inspector",13.6614274978638,12.3595104217529,"gpt_bert_10M_mixed","results_experiment_1_gpt_bert_10M_mixed.csv","Regular","Singular",-0.5,-0.5,"set_mouse_rat"
"Regular Plural","rats","inspector",12.5972185134888,14.3405885696411,"gpt_bert_10M_mixed","results_experiment_1_gpt_bert_10M_mixed.csv","Regular","Plural",-0.5,0.5,"set_mouse_rat"
"Irregular Singular","foot","issue",10.4287757873535,13.427173614502,"gpt_bert_10M_mixed","results_experiment_1_gpt_bert_10M_mixed.csv","Irregular","Singular",0.5,-0.5,"set_foot_leg"
"Irregular Plural","feet","issue",9.39455509185791,13.6310253143311,"gpt_bert_10M_mixed","results_experiment_1_gpt_bert_10M_mixed.csv","Irregular","Plural",0.5,0.5,"set_foot_leg"
"Regular Singular","leg","issue",11.9083642959595,10.8444051742554,"gpt_bert_10M_mixed","results_experiment_1_gpt_bert_10M_mixed.csv","Regular","Singular",-0.5,-0.5,"set_foot_leg"
"Regular Plural","legs","issue",11.2905149459839,13.3587007522583,"gpt_bert_10M_mixed","results_experiment_1_gpt_bert_10M_mixed.csv","Regular","Plural",-0.5,0.5,"set_foot_leg"
"Irregular Singular","foot","examination",10.4287757873535,13.1048164367676,"gpt_bert_10M_mixed","results_experiment_1_gpt_bert_10M_mixed.csv","Irregular","Singular",0.5,-0.5,"set_foot_leg"
"Irregular Plural","feet","examination",9.39455509185791,14.5748929977417,"gpt_bert_10M_mixed","results_experiment_1_gpt_bert_10M_mixed.csv","Irregular","Plural",0.5,0.5,"set_foot_leg"
"Regular Singular","leg","examination",11.9083642959595,12.8862209320068,"gpt_bert_10M_mixed","results_experiment_1_gpt_bert_10M_mixed.csv","Regular","Singular",-0.5,-0.5,"set_foot_leg"
"Regular Plural","legs","examination",11.2905149459839,14.329291343689,"gpt_bert_10M_mixed","results_experiment_1_gpt_bert_10M_mixed.csv","Regular","Plural",-0.5,0.5,"set_foot_leg"
"Irregular Singular","foot","expert",10.4287757873535,15.105152130127,"gpt_bert_10M_mixed","results_experiment_1_gpt_bert_10M_mixed.csv","Irregular","Singular",0.5,-0.5,"set_foot_leg"
"Irregular Plural","feet","expert",9.39455509185791,14.9310655593872,"gpt_bert_10M_mixed","results_experiment_1_gpt_bert_10M_mixed.csv","Irregular","Plural",0.5,0.5,"set_foot_leg"
"Regular Singular","leg","expert",11.9083642959595,14.595947265625,"gpt_bert_10M_mixed","results_experiment_1_gpt_bert_10M_mixed.csv","Regular","Singular",-0.5,-0.5,"set_foot_leg"
"Regular Plural","legs","expert",11.2905149459839,15.1649723052979,"gpt_bert_10M_mixed","results_experiment_1_gpt_bert_10M_mixed.csv","Regular","Plural",-0.5,0.5,"set_foot_leg"
"Irregular Singular","foot","inspector",10.4287757873535,13.7831707000732,"gpt_bert_10M_mixed","results_experiment_1_gpt_bert_10M_mixed.csv","Irregular","Singular",0.5,-0.5,"set_foot_leg"
"Irregular Plural","feet","inspector",9.39455509185791,14.9976215362549,"gpt_bert_10M_mixed","results_experiment_1_gpt_bert_10M_mixed.csv","Irregular","Plural",0.5,0.5,"set_foot_leg"
"Regular Singular","leg","inspector",11.9083642959595,12.9624118804932,"gpt_bert_10M_mixed","results_experiment_1_gpt_bert_10M_mixed.csv","Regular","Singular",-0.5,-0.5,"set_foot_leg"
"Regular Plural","legs","inspector",11.2905149459839,14.3019695281982,"gpt_bert_10M_mixed","results_experiment_1_gpt_bert_10M_mixed.csv","Regular","Plural",-0.5,0.5,"set_foot_leg"
"Irregular Singular","tooth","issue",13.8774271011353,12.8051137924194,"gpt_bert_10M_mixed","results_experiment_1_gpt_bert_10M_mixed.csv","Irregular","Singular",0.5,-0.5,"set_tooth_bone"
"Irregular Plural","teeth","issue",11.7235050201416,13.5214166641235,"gpt_bert_10M_mixed","results_experiment_1_gpt_bert_10M_mixed.csv","Irregular","Plural",0.5,0.5,"set_tooth_bone"
"Regular Singular","bone","issue",12.2866353988647,11.3228645324707,"gpt_bert_10M_mixed","results_experiment_1_gpt_bert_10M_mixed.csv","Regular","Singular",-0.5,-0.5,"set_tooth_bone"
"Regular Plural","bones","issue",12.3002758026123,12.6654825210571,"gpt_bert_10M_mixed","results_experiment_1_gpt_bert_10M_mixed.csv","Regular","Plural",-0.5,0.5,"set_tooth_bone"
"Irregular Singular","tooth","examination",13.8774271011353,10.8721628189087,"gpt_bert_10M_mixed","results_experiment_1_gpt_bert_10M_mixed.csv","Irregular","Singular",0.5,-0.5,"set_tooth_bone"
"Irregular Plural","teeth","examination",11.7235050201416,14.2602262496948,"gpt_bert_10M_mixed","results_experiment_1_gpt_bert_10M_mixed.csv","Irregular","Plural",0.5,0.5,"set_tooth_bone"
"Regular Singular","bone","examination",12.2866353988647,11.8298301696777,"gpt_bert_10M_mixed","results_experiment_1_gpt_bert_10M_mixed.csv","Regular","Singular",-0.5,-0.5,"set_tooth_bone"
"Regular Plural","bones","examination",12.3002758026123,13.7261791229248,"gpt_bert_10M_mixed","results_experiment_1_gpt_bert_10M_mixed.csv","Regular","Plural",-0.5,0.5,"set_tooth_bone"
"Irregular Singular","tooth","expert",13.8774271011353,12.6940803527832,"gpt_bert_10M_mixed","results_experiment_1_gpt_bert_10M_mixed.csv","Irregular","Singular",0.5,-0.5,"set_tooth_bone"
"Irregular Plural","teeth","expert",11.7235050201416,14.7322568893433,"gpt_bert_10M_mixed","results_experiment_1_gpt_bert_10M_mixed.csv","Irregular","Plural",0.5,0.5,"set_tooth_bone"
"Regular Singular","bone","expert",12.2866353988647,13.6315135955811,"gpt_bert_10M_mixed","results_experiment_1_gpt_bert_10M_mixed.csv","Regular","Singular",-0.5,-0.5,"set_tooth_bone"
"Regular Plural","bones","expert",12.3002758026123,13.3987493515015,"gpt_bert_10M_mixed","results_experiment_1_gpt_bert_10M_mixed.csv","Regular","Plural",-0.5,0.5,"set_tooth_bone"
"Irregular Singular","tooth","protector",13.8774271011353,14.4953269958496,"gpt_bert_10M_mixed","results_experiment_1_gpt_bert_10M_mixed.csv","Irregular","Singular",0.5,-0.5,"set_tooth_bone"
"Irregular Plural","teeth","protector",11.7235059738159,17.7755784988403,"gpt_bert_10M_mixed","results_experiment_1_gpt_bert_10M_mixed.csv","Irregular","Plural",0.5,0.5,"set_tooth_bone"
"Regular Singular","bone","protector",12.2866363525391,12.6570310592651,"gpt_bert_10M_mixed","results_experiment_1_gpt_bert_10M_mixed.csv","Regular","Singular",-0.5,-0.5,"set_tooth_bone"
"Regular Plural","bones","protector",12.3002758026123,17.809431552887,"gpt_bert_10M_mixed","results_experiment_1_gpt_bert_10M_mixed.csv","Regular","Plural",-0.5,0.5,"set_tooth_bone"
"Irregular Singular","child","patrol",9.89010715484619,13.5579690933228,"gpt_bert_10M_mixed","results_experiment_1_gpt_bert_10M_mixed.csv","Irregular","Singular",0.5,-0.5,"set_child_adult"
"Irregular Plural","children","patrol",9.16203689575195,13.1006488800049,"gpt_bert_10M_mixed","results_experiment_1_gpt_bert_10M_mixed.csv","Irregular","Plural",0.5,0.5,"set_child_adult"
"Regular Singular","adult","patrol",12.5624408721924,12.438684463501,"gpt_bert_10M_mixed","results_experiment_1_gpt_bert_10M_mixed.csv","Regular","Singular",-0.5,-0.5,"set_child_adult"
"Regular Plural","adults","patrol",12.4827346801758,13.9268808364868,"gpt_bert_10M_mixed","results_experiment_1_gpt_bert_10M_mixed.csv","Regular","Plural",-0.5,0.5,"set_child_adult"
"Irregular Singular","child","register",9.89010715484619,14.1835899353027,"gpt_bert_10M_mixed","results_experiment_1_gpt_bert_10M_mixed.csv","Irregular","Singular",0.5,-0.5,"set_child_adult"
"Irregular Plural","children","register",9.16203689575195,12.9254503250122,"gpt_bert_10M_mixed","results_experiment_1_gpt_bert_10M_mixed.csv","Irregular","Plural",0.5,0.5,"set_child_adult"
"Regular Singular","adult","register",12.5624408721924,12.0784740447998,"gpt_bert_10M_mixed","results_experiment_1_gpt_bert_10M_mixed.csv","Regular","Singular",-0.5,-0.5,"set_child_adult"
"Regular Plural","adults","register",12.4827346801758,12.839129447937,"gpt_bert_10M_mixed","results_experiment_1_gpt_bert_10M_mixed.csv","Regular","Plural",-0.5,0.5,"set_child_adult"
"Irregular Singular","child","institute",9.89010620117188,15.01207447052,"gpt_bert_10M_mixed","results_experiment_1_gpt_bert_10M_mixed.csv","Irregular","Singular",0.5,-0.5,"set_child_adult"
"Irregular Plural","children","institute",9.16203689575195,14.7998325824738,"gpt_bert_10M_mixed","results_experiment_1_gpt_bert_10M_mixed.csv","Irregular","Plural",0.5,0.5,"set_child_adult"
"Regular Singular","adult","institute",12.5624408721924,14.6202645301819,"gpt_bert_10M_mixed","results_experiment_1_gpt_bert_10M_mixed.csv","Regular","Singular",-0.5,-0.5,"set_child_adult"
"Regular Plural","adults","institute",12.4827337265015,14.3532919883728,"gpt_bert_10M_mixed","results_experiment_1_gpt_bert_10M_mixed.csv","Regular","Plural",-0.5,0.5,"set_child_adult"
"Irregular Singular","child","crew",9.89010715484619,12.2182588577271,"gpt_bert_10M_mixed","results_experiment_1_gpt_bert_10M_mixed.csv","Irregular","Singular",0.5,-0.5,"set_child_adult"
"Irregular Plural","children","crew",9.16203689575195,12.155255317688,"gpt_bert_10M_mixed","results_experiment_1_gpt_bert_10M_mixed.csv","Irregular","Plural",0.5,0.5,"set_child_adult"
"Regular Singular","adult","crew",12.5624408721924,10.0338096618652,"gpt_bert_10M_mixed","results_experiment_1_gpt_bert_10M_mixed.csv","Regular","Singular",-0.5,-0.5,"set_child_adult"
"Regular Plural","adults","crew",12.4827346801758,12.0518808364868,"gpt_bert_10M_mixed","results_experiment_1_gpt_bert_10M_mixed.csv","Regular","Plural",-0.5,0.5,"set_child_adult"
"Irregular Singular","woman","protector",9.54940414428711,15.4604263305664,"gpt_bert_10M_mixed","results_experiment_1_gpt_bert_10M_mixed.csv","Irregular","Singular",0.5,-0.5,"set_woman_girl"
"Irregular Plural","women","protector",10.3203477859497,17.9713182449341,"gpt_bert_10M_mixed","results_experiment_1_gpt_bert_10M_mixed.csv","Irregular","Plural",0.5,0.5,"set_woman_girl"
"Regular Singular","girl","protector",9.77693653106689,16.3401737213135,"gpt_bert_10M_mixed","results_experiment_1_gpt_bert_10M_mixed.csv","Regular","Singular",-0.5,-0.5,"set_woman_girl"
"Regular Plural","girls","protector",9.91134834289551,20.2295923233032,"gpt_bert_10M_mixed","results_experiment_1_gpt_bert_10M_mixed.csv","Regular","Plural",-0.5,0.5,"set_woman_girl"
"Irregular Singular","woman","register",9.54940414428711,14.3529815673828,"gpt_bert_10M_mixed","results_experiment_1_gpt_bert_10M_mixed.csv","Irregular","Singular",0.5,-0.5,"set_woman_girl"
"Irregular Plural","women","register",10.3203477859497,14.5160160064697,"gpt_bert_10M_mixed","results_experiment_1_gpt_bert_10M_mixed.csv","Irregular","Plural",0.5,0.5,"set_woman_girl"
"Regular Singular","girl","register",9.77693843841553,14.1961059570312,"gpt_bert_10M_mixed","results_experiment_1_gpt_bert_10M_mixed.csv","Regular","Singular",-0.5,-0.5,"set_woman_girl"
"Regular Plural","girls","register",9.91134643554688,13.2745399475098,"gpt_bert_10M_mixed","results_experiment_1_gpt_bert_10M_mixed.csv","Regular","Plural",-0.5,0.5,"set_woman_girl"
"Irregular Singular","woman","hangout",9.54940414428711,16.8239889144897,"gpt_bert_10M_mixed","results_experiment_1_gpt_bert_10M_mixed.csv","Irregular","Singular",0.5,-0.5,"set_woman_girl"
"Irregular Plural","women","hangout",10.3203477859497,17.4330244064331,"gpt_bert_10M_mixed","results_experiment_1_gpt_bert_10M_mixed.csv","Irregular","Plural",0.5,0.5,"set_woman_girl"
"Regular Singular","girl","hangout",9.77693653106689,16.9573316574097,"gpt_bert_10M_mixed","results_experiment_1_gpt_bert_10M_mixed.csv","Regular","Singular",-0.5,-0.5,"set_woman_girl"
"Regular Plural","girls","hangout",9.91134834289551,17.9507713317871,"gpt_bert_10M_mixed","results_experiment_1_gpt_bert_10M_mixed.csv","Regular","Plural",-0.5,0.5,"set_woman_girl"
"Irregular Singular","woman","crew",9.54940414428711,12.0396270751953,"gpt_bert_10M_mixed","results_experiment_1_gpt_bert_10M_mixed.csv","Irregular","Singular",0.5,-0.5,"set_woman_girl"
"Irregular Plural","women","crew",10.3203477859497,11.5479335784912,"gpt_bert_10M_mixed","results_experiment_1_gpt_bert_10M_mixed.csv","Irregular","Plural",0.5,0.5,"set_woman_girl"
"Regular Singular","girl","crew",9.77693843841553,10.6617069244385,"gpt_bert_10M_mixed","results_experiment_1_gpt_bert_10M_mixed.csv","Regular","Singular",-0.5,-0.5,"set_woman_girl"
"Regular Plural","girls","crew",9.91134643554688,11.8531503677368,"gpt_bert_10M_mixed","results_experiment_1_gpt_bert_10M_mixed.csv","Regular","Plural",-0.5,0.5,"set_woman_girl"
"Irregular Singular","man","institute",8.07387542724609,15.1915712356567,"gpt_bert_10M_mixed","results_experiment_1_gpt_bert_10M_mixed.csv","Irregular","Singular",0.5,-0.5,"set_man_boy"
"Irregular Plural","men","institute",8.76257133483887,15.2686319351196,"gpt_bert_10M_mixed","results_experiment_1_gpt_bert_10M_mixed.csv","Irregular","Plural",0.5,0.5,"set_man_boy"
"Regular Singular","boy","institute",8.79674339294434,15.5384685993195,"gpt_bert_10M_mixed","results_experiment_1_gpt_bert_10M_mixed.csv","Regular","Singular",-0.5,-0.5,"set_man_boy"
"Regular Plural","boys","institute",9.04519748687744,14.3799901008606,"gpt_bert_10M_mixed","results_experiment_1_gpt_bert_10M_mixed.csv","Regular","Plural",-0.5,0.5,"set_man_boy"
"Irregular Singular","man","register",8.07387542724609,14.1082077026367,"gpt_bert_10M_mixed","results_experiment_1_gpt_bert_10M_mixed.csv","Irregular","Singular",0.5,-0.5,"set_man_boy"
"Irregular Plural","men","register",8.76257133483887,13.4241428375244,"gpt_bert_10M_mixed","results_experiment_1_gpt_bert_10M_mixed.csv","Irregular","Plural",0.5,0.5,"set_man_boy"
"Regular Singular","boy","register",8.79674530029297,14.0590038299561,"gpt_bert_10M_mixed","results_experiment_1_gpt_bert_10M_mixed.csv","Regular","Singular",-0.5,-0.5,"set_man_boy"
"Regular Plural","boys","register",9.04519939422607,14.3517036437988,"gpt_bert_10M_mixed","results_experiment_1_gpt_bert_10M_mixed.csv","Regular","Plural",-0.5,0.5,"set_man_boy"
"Irregular Singular","man","finder",8.07387542724609,18.5677108764648,"gpt_bert_10M_mixed","results_experiment_1_gpt_bert_10M_mixed.csv","Irregular","Singular",0.5,-0.5,"set_man_boy"
"Irregular Plural","men","finder",8.76257133483887,20.3302307128906,"gpt_bert_10M_mixed","results_experiment_1_gpt_bert_10M_mixed.csv","Irregular","Plural",0.5,0.5,"set_man_boy"
"Regular Singular","boy","finder",8.79674339294434,18.5804634094238,"gpt_bert_10M_mixed","results_experiment_1_gpt_bert_10M_mixed.csv","Regular","Singular",-0.5,-0.5,"set_man_boy"
"Regular Plural","boys","finder",9.04519748687744,20.3070507049561,"gpt_bert_10M_mixed","results_experiment_1_gpt_bert_10M_mixed.csv","Regular","Plural",-0.5,0.5,"set_man_boy"
"Irregular Singular","man","hangout",8.07387542724609,16.9801077842712,"gpt_bert_10M_mixed","results_experiment_1_gpt_bert_10M_mixed.csv","Irregular","Singular",0.5,-0.5,"set_man_boy"
"Irregular Plural","men","hangout",8.76257133483887,16.9777936935425,"gpt_bert_10M_mixed","results_experiment_1_gpt_bert_10M_mixed.csv","Irregular","Plural",0.5,0.5,"set_man_boy"
"Regular Singular","boy","hangout",8.79674339294434,16.9452757835388,"gpt_bert_10M_mixed","results_experiment_1_gpt_bert_10M_mixed.csv","Regular","Singular",-0.5,-0.5,"set_man_boy"
"Regular Plural","boys","hangout",9.04519748687744,18.0584588050842,"gpt_bert_10M_mixed","results_experiment_1_gpt_bert_10M_mixed.csv","Regular","Plural",-0.5,0.5,"set_man_boy"
"Irregular Singular","salesman","institute",14.7887394428253,12.9094254970551,"gpt_bert_10M_mixed","results_experiment_1_gpt_bert_10M_mixed.csv","Irregular","Singular",0.5,-0.5,"set_salesman_retailer"
"Irregular Plural","salesmen","institute",16.1319093704224,13.7584528923035,"gpt_bert_10M_mixed","results_experiment_1_gpt_bert_10M_mixed.csv","Irregular","Plural",0.5,0.5,"set_salesman_retailer"
"Regular Singular","retailer","institute",20.1579842567444,14.1576488018036,"gpt_bert_10M_mixed","results_experiment_1_gpt_bert_10M_mixed.csv","Regular","Singular",-0.5,-0.5,"set_salesman_retailer"
"Regular Plural","retailers","institute",20.8201670646667,14.254979968071,"gpt_bert_10M_mixed","results_experiment_1_gpt_bert_10M_mixed.csv","Regular","Plural",-0.5,0.5,"set_salesman_retailer"
"Irregular Singular","salesman","inspector",14.7887387275696,10.8786811828613,"gpt_bert_10M_mixed","results_experiment_1_gpt_bert_10M_mixed.csv","Irregular","Singular",0.5,-0.5,"set_salesman_retailer"
"Irregular Plural","salesmen","inspector",16.1319091320038,12.8230934143066,"gpt_bert_10M_mixed","results_experiment_1_gpt_bert_10M_mixed.csv","Irregular","Plural",0.5,0.5,"set_salesman_retailer"
"Regular Singular","retailer","inspector",20.1579847335815,11.294960975647,"gpt_bert_10M_mixed","results_experiment_1_gpt_bert_10M_mixed.csv","Regular","Singular",-0.5,-0.5,"set_salesman_retailer"
"Regular Plural","retailers","inspector",20.8201675415039,12.7086124420166,"gpt_bert_10M_mixed","results_experiment_1_gpt_bert_10M_mixed.csv","Regular","Plural",-0.5,0.5,"set_salesman_retailer"
"Irregular Singular","salesman","protector",14.7887394428253,14.485830783844,"gpt_bert_10M_mixed","results_experiment_1_gpt_bert_10M_mixed.csv","Irregular","Singular",0.5,-0.5,"set_salesman_retailer"
"Irregular Plural","salesmen","protector",16.1319093704224,18.0688667297363,"gpt_bert_10M_mixed","results_experiment_1_gpt_bert_10M_mixed.csv","Irregular","Plural",0.5,0.5,"set_salesman_retailer"
"Regular Singular","retailer","protector",20.1579842567444,12.9246518611908,"gpt_bert_10M_mixed","results_experiment_1_gpt_bert_10M_mixed.csv","Regular","Singular",-0.5,-0.5,"set_salesman_retailer"
"Regular Plural","retailers","protector",20.8201670646667,16.8429536819458,"gpt_bert_10M_mixed","results_experiment_1_gpt_bert_10M_mixed.csv","Regular","Plural",-0.5,0.5,"set_salesman_retailer"
"Irregular Singular","salesman","employer",14.7887394428253,11.5935080051422,"gpt_bert_10M_mixed","results_experiment_1_gpt_bert_10M_mixed.csv","Irregular","Singular",0.5,-0.5,"set_salesman_retailer"
"Irregular Plural","salesmen","employer",16.1319093704224,10.7807642221451,"gpt_bert_10M_mixed","results_experiment_1_gpt_bert_10M_mixed.csv","Irregular","Plural",0.5,0.5,"set_salesman_retailer"
"Regular Singular","retailer","employer",20.1579842567444,12.6228973865509,"gpt_bert_10M_mixed","results_experiment_1_gpt_bert_10M_mixed.csv","Regular","Singular",-0.5,-0.5,"set_salesman_retailer"
"Regular Plural","retailers","employer",20.8201670646667,13.0698552131653,"gpt_bert_10M_mixed","results_experiment_1_gpt_bert_10M_mixed.csv","Regular","Plural",-0.5,0.5,"set_salesman_retailer"
"Irregular Singular","nobleman","patrol",15.2652282714844,13.715708732605,"gpt_bert_10M_mixed","results_experiment_1_gpt_bert_10M_mixed.csv","Irregular","Singular",0.5,-0.5,"set_nobleman_aristocrat"
"Irregular Plural","noblemen","patrol",18.5477118492126,13.6342096328735,"gpt_bert_10M_mixed","results_experiment_1_gpt_bert_10M_mixed.csv","Irregular","Plural",0.5,0.5,"set_nobleman_aristocrat"
"Regular Singular","aristocrat","patrol",23.0922455787659,13.7350482940674,"gpt_bert_10M_mixed","results_experiment_1_gpt_bert_10M_mixed.csv","Regular","Singular",-0.5,-0.5,"set_nobleman_aristocrat"
"Regular Plural","aristocrats","patrol",18.2092022895813,13.7378978729248,"gpt_bert_10M_mixed","results_experiment_1_gpt_bert_10M_mixed.csv","Regular","Plural",-0.5,0.5,"set_nobleman_aristocrat"
"Irregular Singular","nobleman","hangout",15.265228509903,15.5660548210144,"gpt_bert_10M_mixed","results_experiment_1_gpt_bert_10M_mixed.csv","Irregular","Singular",0.5,-0.5,"set_nobleman_aristocrat"
"Irregular Plural","noblemen","hangout",18.5477132797241,17.4572305679321,"gpt_bert_10M_mixed","results_experiment_1_gpt_bert_10M_mixed.csv","Irregular","Plural",0.5,0.5,"set_nobleman_aristocrat"
"Regular Singular","aristocrat","hangout",23.092246055603,16.0472750663757,"gpt_bert_10M_mixed","results_experiment_1_gpt_bert_10M_mixed.csv","Regular","Singular",-0.5,-0.5,"set_nobleman_aristocrat"
"Regular Plural","aristocrats","hangout",18.2092008590698,18.6408720016479,"gpt_bert_10M_mixed","results_experiment_1_gpt_bert_10M_mixed.csv","Regular","Plural",-0.5,0.5,"set_nobleman_aristocrat"
"Irregular Singular","nobleman","institute",15.265228509903,14.0441994667053,"gpt_bert_10M_mixed","results_experiment_1_gpt_bert_10M_mixed.csv","Irregular","Singular",0.5,-0.5,"set_nobleman_aristocrat"
"Irregular Plural","noblemen","institute",18.5477132797241,15.0988221168518,"gpt_bert_10M_mixed","results_experiment_1_gpt_bert_10M_mixed.csv","Irregular","Plural",0.5,0.5,"set_nobleman_aristocrat"
"Regular Singular","aristocrat","institute",23.092246055603,13.6798770427704,"gpt_bert_10M_mixed","results_experiment_1_gpt_bert_10M_mixed.csv","Regular","Singular",-0.5,-0.5,"set_nobleman_aristocrat"
"Regular Plural","aristocrats","institute",18.2092008590698,14.3647937774658,"gpt_bert_10M_mixed","results_experiment_1_gpt_bert_10M_mixed.csv","Regular","Plural",-0.5,0.5,"set_nobleman_aristocrat"
"Irregular Singular","nobleman","crew",15.2652282714844,12.2357263565063,"gpt_bert_10M_mixed","results_experiment_1_gpt_bert_10M_mixed.csv","Irregular","Singular",0.5,-0.5,"set_nobleman_aristocrat"
"Irregular Plural","noblemen","crew",18.5477118492126,12.4042291641235,"gpt_bert_10M_mixed","results_experiment_1_gpt_bert_10M_mixed.csv","Irregular","Plural",0.5,0.5,"set_nobleman_aristocrat"
"Regular Singular","aristocrat","crew",23.0922455787659,13.6239614486694,"gpt_bert_10M_mixed","results_experiment_1_gpt_bert_10M_mixed.csv","Regular","Singular",-0.5,-0.5,"set_nobleman_aristocrat"
"Regular Plural","aristocrats","crew",18.2092022895813,12.8746452331543,"gpt_bert_10M_mixed","results_experiment_1_gpt_bert_10M_mixed.csv","Regular","Plural",-0.5,0.5,"set_nobleman_aristocrat"
"Irregular Singular","boatman","patrol",16.1232433319092,10.967080116272,"gpt_bert_10M_mixed","results_experiment_1_gpt_bert_10M_mixed.csv","Irregular","Singular",0.5,-0.5,"set_boatman_shipmate"
"Irregular Plural","boatmen","patrol",16.8243541717529,11.8521213531494,"gpt_bert_10M_mixed","results_experiment_1_gpt_bert_10M_mixed.csv","Irregular","Plural",0.5,0.5,"set_boatman_shipmate"
"Regular Singular","shipmate","patrol",18.2821216583252,12.8016147613525,"gpt_bert_10M_mixed","results_experiment_1_gpt_bert_10M_mixed.csv","Regular","Singular",-0.5,-0.5,"set_boatman_shipmate"
"Regular Plural","shipmates","patrol",16.3272562026978,11.2823085784912,"gpt_bert_10M_mixed","results_experiment_1_gpt_bert_10M_mixed.csv","Regular","Plural",-0.5,0.5,"set_boatman_shipmate"
"Irregular Singular","boatman","finder",16.1232442855835,17.4691467285156,"gpt_bert_10M_mixed","results_experiment_1_gpt_bert_10M_mixed.csv","Irregular","Singular",0.5,-0.5,"set_boatman_shipmate"
"Irregular Plural","boatmen","finder",16.8243551254272,19.9560108184814,"gpt_bert_10M_mixed","results_experiment_1_gpt_bert_10M_mixed.csv","Irregular","Plural",0.5,0.5,"set_boatman_shipmate"
"Regular Singular","shipmate","finder",18.2821226119995,19.4356727600098,"gpt_bert_10M_mixed","results_experiment_1_gpt_bert_10M_mixed.csv","Regular","Singular",-0.5,-0.5,"set_boatman_shipmate"
"Regular Plural","shipmates","finder",16.3272557258606,21.2839117050171,"gpt_bert_10M_mixed","results_experiment_1_gpt_bert_10M_mixed.csv","Regular","Plural",-0.5,0.5,"set_boatman_shipmate"
"Irregular Singular","boatman","inspector",16.1232433319092,11.1410322189331,"gpt_bert_10M_mixed","results_experiment_1_gpt_bert_10M_mixed.csv","Irregular","Singular",0.5,-0.5,"set_boatman_shipmate"
"Irregular Plural","boatmen","inspector",16.8243541717529,13.8024845123291,"gpt_bert_10M_mixed","results_experiment_1_gpt_bert_10M_mixed.csv","Irregular","Plural",0.5,0.5,"set_boatman_shipmate"
"Regular Singular","shipmate","inspector",18.2821216583252,12.1965808868408,"gpt_bert_10M_mixed","results_experiment_1_gpt_bert_10M_mixed.csv","Regular","Singular",-0.5,-0.5,"set_boatman_shipmate"
"Regular Plural","shipmates","inspector",16.3272562026978,12.5960693359375,"gpt_bert_10M_mixed","results_experiment_1_gpt_bert_10M_mixed.csv","Regular","Plural",-0.5,0.5,"set_boatman_shipmate"
"Irregular Singular","boatman","employer",16.1232442855835,13.0880813598633,"gpt_bert_10M_mixed","results_experiment_1_gpt_bert_10M_mixed.csv","Irregular","Singular",0.5,-0.5,"set_boatman_shipmate"
"Irregular Plural","boatmen","employer",16.8243551254272,13.9421424865723,"gpt_bert_10M_mixed","results_experiment_1_gpt_bert_10M_mixed.csv","Irregular","Plural",0.5,0.5,"set_boatman_shipmate"
"Regular Singular","shipmate","employer",18.2821226119995,14.1921901702881,"gpt_bert_10M_mixed","results_experiment_1_gpt_bert_10M_mixed.csv","Regular","Singular",-0.5,-0.5,"set_boatman_shipmate"
"Regular Plural","shipmates","employer",16.3272557258606,13.3460774421692,"gpt_bert_10M_mixed","results_experiment_1_gpt_bert_10M_mixed.csv","Regular","Plural",-0.5,0.5,"set_boatman_shipmate"
"Irregular Singular","craftsman","employer",22.9701519012451,13.1674747467041,"gpt_bert_10M_mixed","results_experiment_1_gpt_bert_10M_mixed.csv","Irregular","Singular",0.5,-0.5,"set_craftsman_labourer"
"Irregular Plural","craftsmen","employer",22.8813076019287,13.7342929840088,"gpt_bert_10M_mixed","results_experiment_1_gpt_bert_10M_mixed.csv","Irregular","Plural",0.5,0.5,"set_craftsman_labourer"
"Regular Singular","labourer","employer",15.6958298683167,13.2515385150909,"gpt_bert_10M_mixed","results_experiment_1_gpt_bert_10M_mixed.csv","Regular","Singular",-0.5,-0.5,"set_craftsman_labourer"
"Regular Plural","labourers","employer",14.9278118610382,13.6603972911835,"gpt_bert_10M_mixed","results_experiment_1_gpt_bert_10M_mixed.csv","Regular","Plural",-0.5,0.5,"set_craftsman_labourer"
"Irregular Singular","craftsman","examination",22.9701533317566,11.4953155517578,"gpt_bert_10M_mixed","results_experiment_1_gpt_bert_10M_mixed.csv","Irregular","Singular",0.5,-0.5,"set_craftsman_labourer"
"Irregular Plural","craftsmen","examination",22.8813090324402,13.3898439407349,"gpt_bert_10M_mixed","results_experiment_1_gpt_bert_10M_mixed.csv","Irregular","Plural",0.5,0.5,"set_craftsman_labourer"
"Regular Singular","labourer","examination",15.695827960968,11.8868961334229,"gpt_bert_10M_mixed","results_experiment_1_gpt_bert_10M_mixed.csv","Regular","Singular",-0.5,-0.5,"set_craftsman_labourer"
"Regular Plural","labourers","examination",14.9278118610382,12.1111698150635,"gpt_bert_10M_mixed","results_experiment_1_gpt_bert_10M_mixed.csv","Regular","Plural",-0.5,0.5,"set_craftsman_labourer"
"Irregular Singular","craftsman","hangout",22.9701519012451,15.1688461303711,"gpt_bert_10M_mixed","results_experiment_1_gpt_bert_10M_mixed.csv","Irregular","Singular",0.5,-0.5,"set_craftsman_labourer"
"Irregular Plural","craftsmen","hangout",22.8813076019287,16.3730368614197,"gpt_bert_10M_mixed","results_experiment_1_gpt_bert_10M_mixed.csv","Irregular","Plural",0.5,0.5,"set_craftsman_labourer"
"Regular Singular","labourer","hangout",15.6958298683167,14.8351807594299,"gpt_bert_10M_mixed","results_experiment_1_gpt_bert_10M_mixed.csv","Regular","Singular",-0.5,-0.5,"set_craftsman_labourer"
"Regular Plural","labourers","hangout",14.9278118610382,16.2297101020813,"gpt_bert_10M_mixed","results_experiment_1_gpt_bert_10M_mixed.csv","Regular","Plural",-0.5,0.5,"set_craftsman_labourer"
"Irregular Singular","craftsman","finder",22.9701519012451,18.0025787353516,"gpt_bert_10M_mixed","results_experiment_1_gpt_bert_10M_mixed.csv","Irregular","Singular",0.5,-0.5,"set_craftsman_labourer"
"Irregular Plural","craftsmen","finder",22.8813076019287,20.4926242828369,"gpt_bert_10M_mixed","results_experiment_1_gpt_bert_10M_mixed.csv","Irregular","Plural",0.5,0.5,"set_craftsman_labourer"
"Regular Singular","labourer","finder",15.6958298683167,18.9785480499268,"gpt_bert_10M_mixed","results_experiment_1_gpt_bert_10M_mixed.csv","Regular","Singular",-0.5,-0.5,"set_craftsman_labourer"
"Regular Plural","labourers","finder",14.9278118610382,20.2282791137695,"gpt_bert_10M_mixed","results_experiment_1_gpt_bert_10M_mixed.csv","Regular","Plural",-0.5,0.5,"set_craftsman_labourer"
"Irregular Singular","fireman","examination",13.7945594787598,12.5618934631348,"gpt_bert_10M_mixed","results_experiment_1_gpt_bert_10M_mixed.csv","Irregular","Singular",0.5,-0.5,"set_fireman_lifeguard"
"Irregular Plural","firemen","examination",14.5128412246704,13.2461891174316,"gpt_bert_10M_mixed","results_experiment_1_gpt_bert_10M_mixed.csv","Irregular","Plural",0.5,0.5,"set_fireman_lifeguard"
"Regular Singular","lifeguard","examination",20.3969955444336,12.1375761032104,"gpt_bert_10M_mixed","results_experiment_1_gpt_bert_10M_mixed.csv","Regular","Singular",-0.5,-0.5,"set_fireman_lifeguard"
"Regular Plural","lifeguards","examination",22.376837015152,13.1534128189087,"gpt_bert_10M_mixed","results_experiment_1_gpt_bert_10M_mixed.csv","Regular","Plural",-0.5,0.5,"set_fireman_lifeguard"
"Irregular Singular","fireman","employer",13.7945613861084,15.1942346096039,"gpt_bert_10M_mixed","results_experiment_1_gpt_bert_10M_mixed.csv","Irregular","Singular",0.5,-0.5,"set_fireman_lifeguard"
"Irregular Plural","firemen","employer",14.5128426551819,14.1661803722382,"gpt_bert_10M_mixed","results_experiment_1_gpt_bert_10M_mixed.csv","Irregular","Plural",0.5,0.5,"set_fireman_lifeguard"
"Regular Singular","lifeguard","employer",20.3969951868057,12.2974891662598,"gpt_bert_10M_mixed","results_experiment_1_gpt_bert_10M_mixed.csv","Regular","Singular",-0.5,-0.5,"set_fireman_lifeguard"
"Regular Plural","lifeguards","employer",22.3768396377563,12.6790153980255,"gpt_bert_10M_mixed","results_experiment_1_gpt_bert_10M_mixed.csv","Regular","Plural",-0.5,0.5,"set_fireman_lifeguard"
"Irregular Singular","fireman","crew",13.7945594787598,10.2988548278809,"gpt_bert_10M_mixed","results_experiment_1_gpt_bert_10M_mixed.csv","Irregular","Singular",0.5,-0.5,"set_fireman_lifeguard"
"Irregular Plural","firemen","crew",14.5128412246704,10.2650375366211,"gpt_bert_10M_mixed","results_experiment_1_gpt_bert_10M_mixed.csv","Irregular","Plural",0.5,0.5,"set_fireman_lifeguard"
"Regular Singular","lifeguard","crew",20.3969955444336,10.7046279907227,"gpt_bert_10M_mixed","results_experiment_1_gpt_bert_10M_mixed.csv","Regular","Singular",-0.5,-0.5,"set_fireman_lifeguard"
"Regular Plural","lifeguards","crew",22.376837015152,11.2358713150024,"gpt_bert_10M_mixed","results_experiment_1_gpt_bert_10M_mixed.csv","Regular","Plural",-0.5,0.5,"set_fireman_lifeguard"
"Irregular Singular","fireman","patrol",13.7945594787598,11.7354583740234,"gpt_bert_10M_mixed","results_experiment_1_gpt_bert_10M_mixed.csv","Irregular","Singular",0.5,-0.5,"set_fireman_lifeguard"
"Irregular Plural","firemen","patrol",14.5128412246704,11.8319110870361,"gpt_bert_10M_mixed","results_experiment_1_gpt_bert_10M_mixed.csv","Irregular","Plural",0.5,0.5,"set_fireman_lifeguard"
"Regular Singular","lifeguard","patrol",20.3969955444336,12.369725227356,"gpt_bert_10M_mixed","results_experiment_1_gpt_bert_10M_mixed.csv","Regular","Singular",-0.5,-0.5,"set_fireman_lifeguard"
"Regular Plural","lifeguards","patrol",22.376837015152,14.25133228302,"gpt_bert_10M_mixed","results_experiment_1_gpt_bert_10M_mixed.csv","Regular","Plural",-0.5,0.5,"set_fireman_lifeguard"
"Irregular Singular","goose","protector",19.2151803970337,14.7255878448486,"gpt_wee_large","results_experiment_1_gpt_wee_large.csv","Irregular","Singular",0.5,-0.5,"set_goose_swan"
"Irregular Plural","geese","protector",21.0486841201782,14.7878661155701,"gpt_wee_large","results_experiment_1_gpt_wee_large.csv","Irregular","Plural",0.5,0.5,"set_goose_swan"
"Regular Singular","swan","protector",11.6315140724182,14.7661674022675,"gpt_wee_large","results_experiment_1_gpt_wee_large.csv","Regular","Singular",-0.5,-0.5,"set_goose_swan"
"Regular Plural","swans","protector",15.2958459854126,19.7226958274841,"gpt_wee_large","results_experiment_1_gpt_wee_large.csv","Regular","Plural",-0.5,0.5,"set_goose_swan"
"Irregular Singular","goose","trader",19.2151803970337,13.8656663894653,"gpt_wee_large","results_experiment_1_gpt_wee_large.csv","Irregular","Singular",0.5,-0.5,"set_goose_swan"
"Irregular Plural","geese","trader",21.0486841201782,11.2263448238373,"gpt_wee_large","results_experiment_1_gpt_wee_large.csv","Irregular","Plural",0.5,0.5,"set_goose_swan"
"Regular Singular","swan","trader",11.6315140724182,11.9381015300751,"gpt_wee_large","results_experiment_1_gpt_wee_large.csv","Regular","Singular",-0.5,-0.5,"set_goose_swan"
"Regular Plural","swans","trader",15.2958459854126,13.8369767665863,"gpt_wee_large","results_experiment_1_gpt_wee_large.csv","Regular","Plural",-0.5,0.5,"set_goose_swan"
"Irregular Singular","goose","tracker",19.2151803970337,14.9197592735291,"gpt_wee_large","results_experiment_1_gpt_wee_large.csv","Irregular","Singular",0.5,-0.5,"set_goose_swan"
"Irregular Plural","geese","tracker",21.0486841201782,13.643039226532,"gpt_wee_large","results_experiment_1_gpt_wee_large.csv","Irregular","Plural",0.5,0.5,"set_goose_swan"
"Regular Singular","swan","tracker",11.6315140724182,12.3476431369781,"gpt_wee_large","results_experiment_1_gpt_wee_large.csv","Regular","Singular",-0.5,-0.5,"set_goose_swan"
"Regular Plural","swans","tracker",15.2958459854126,17.6456155776978,"gpt_wee_large","results_experiment_1_gpt_wee_large.csv","Regular","Plural",-0.5,0.5,"set_goose_swan"
"Irregular Singular","goose","expert",19.215181350708,12.4495429992676,"gpt_wee_large","results_experiment_1_gpt_wee_large.csv","Irregular","Singular",0.5,-0.5,"set_goose_swan"
"Irregular Plural","geese","expert",21.0486841201782,9.36090087890625,"gpt_wee_large","results_experiment_1_gpt_wee_large.csv","Irregular","Plural",0.5,0.5,"set_goose_swan"
"Regular Singular","swan","expert",11.6315124034882,11.0027503967285,"gpt_wee_large","results_experiment_1_gpt_wee_large.csv","Regular","Singular",-0.5,-0.5,"set_goose_swan"
"Regular Plural","swans","expert",15.2958431243896,11.0835580825806,"gpt_wee_large","results_experiment_1_gpt_wee_large.csv","Regular","Plural",-0.5,0.5,"set_goose_swan"
"Irregular Singular","ox","register",15.7214632034302,9.61083602905273,"gpt_wee_large","results_experiment_1_gpt_wee_large.csv","Irregular","Singular",0.5,-0.5,"set_ox_cow"
"Irregular Plural","oxen","register",18.968222618103,11.6103639602661,"gpt_wee_large","results_experiment_1_gpt_wee_large.csv","Irregular","Plural",0.5,0.5,"set_ox_cow"
"Regular Singular","cow","register",13.0352926254272,14.9940633773804,"gpt_wee_large","results_experiment_1_gpt_wee_large.csv","Regular","Singular",-0.5,-0.5,"set_ox_cow"
"Regular Plural","cows","register",18.2994289398193,13.1276702880859,"gpt_wee_large","results_experiment_1_gpt_wee_large.csv","Regular","Plural",-0.5,0.5,"set_ox_cow"
"Irregular Singular","ox","trader",15.7214632034302,13.8001685142517,"gpt_wee_large","results_experiment_1_gpt_wee_large.csv","Irregular","Singular",0.5,-0.5,"set_ox_cow"
"Irregular Plural","oxen","trader",18.9682221412659,12.6236042976379,"gpt_wee_large","results_experiment_1_gpt_wee_large.csv","Irregular","Plural",0.5,0.5,"set_ox_cow"
"Regular Singular","cow","trader",13.0352926254272,13.3988285064697,"gpt_wee_large","results_experiment_1_gpt_wee_large.csv","Regular","Singular",-0.5,-0.5,"set_ox_cow"
"Regular Plural","cows","trader",18.299427986145,14.9239549636841,"gpt_wee_large","results_experiment_1_gpt_wee_large.csv","Regular","Plural",-0.5,0.5,"set_ox_cow"
"Irregular Singular","ox","tracker",15.7214632034302,16.1066060066223,"gpt_wee_large","results_experiment_1_gpt_wee_large.csv","Irregular","Singular",0.5,-0.5,"set_ox_cow"
"Irregular Plural","oxen","tracker",18.9682221412659,14.6706132888794,"gpt_wee_large","results_experiment_1_gpt_wee_large.csv","Irregular","Plural",0.5,0.5,"set_ox_cow"
"Regular Singular","cow","tracker",13.0352926254272,14.0462460517883,"gpt_wee_large","results_experiment_1_gpt_wee_large.csv","Regular","Singular",-0.5,-0.5,"set_ox_cow"
"Regular Plural","cows","tracker",18.299427986145,17.1502771377563,"gpt_wee_large","results_experiment_1_gpt_wee_large.csv","Regular","Plural",-0.5,0.5,"set_ox_cow"
"Irregular Singular","ox","finder",15.7214632034302,16.2270379066467,"gpt_wee_large","results_experiment_1_gpt_wee_large.csv","Irregular","Singular",0.5,-0.5,"set_ox_cow"
"Irregular Plural","oxen","finder",18.9682221412659,18.0748281478882,"gpt_wee_large","results_experiment_1_gpt_wee_large.csv","Irregular","Plural",0.5,0.5,"set_ox_cow"
"Regular Singular","cow","finder",13.0352926254272,16.8500237464905,"gpt_wee_large","results_experiment_1_gpt_wee_large.csv","Regular","Singular",-0.5,-0.5,"set_ox_cow"
"Regular Plural","cows","finder",18.299427986145,18.4303035736084,"gpt_wee_large","results_experiment_1_gpt_wee_large.csv","Regular","Plural",-0.5,0.5,"set_ox_cow"
"Irregular Singular","louse","issue",18.3043832778931,12.1453371047974,"gpt_wee_large","results_experiment_1_gpt_wee_large.csv","Irregular","Singular",0.5,-0.5,"set_louse_flea"
"Irregular Plural","lice","issue",17.8081884384155,12.226318359375,"gpt_wee_large","results_experiment_1_gpt_wee_large.csv","Irregular","Plural",0.5,0.5,"set_louse_flea"
"Regular Singular","flea","issue",25.3938312530518,11.1807250976562,"gpt_wee_large","results_experiment_1_gpt_wee_large.csv","Regular","Singular",-0.5,-0.5,"set_louse_flea"
"Regular Plural","fleas","issue",21.801694393158,12.1677179336548,"gpt_wee_large","results_experiment_1_gpt_wee_large.csv","Regular","Plural",-0.5,0.5,"set_louse_flea"
"Irregular Singular","louse","trader",18.3043794631958,14.4804821014404,"gpt_wee_large","results_experiment_1_gpt_wee_large.csv","Irregular","Singular",0.5,-0.5,"set_louse_flea"
"Irregular Plural","lice","trader",17.8081884384155,12.7532429695129,"gpt_wee_large","results_experiment_1_gpt_wee_large.csv","Irregular","Plural",0.5,0.5,"set_louse_flea"
"Regular Singular","flea","trader",25.3938264846802,12.7276639938354,"gpt_wee_large","results_experiment_1_gpt_wee_large.csv","Regular","Singular",-0.5,-0.5,"set_louse_flea"
"Regular Plural","fleas","trader",21.801694393158,14.0761096477509,"gpt_wee_large","results_experiment_1_gpt_wee_large.csv","Regular","Plural",-0.5,0.5,"set_louse_flea"
"Irregular Singular","louse","tracker",18.3043794631958,15.398289680481,"gpt_wee_large","results_experiment_1_gpt_wee_large.csv","Irregular","Singular",0.5,-0.5,"set_louse_flea"
"Irregular Plural","lice","tracker",17.8081884384155,15.1749205589294,"gpt_wee_large","results_experiment_1_gpt_wee_large.csv","Irregular","Plural",0.5,0.5,"set_louse_flea"
"Regular Singular","flea","tracker",25.3938264846802,13.4344851970673,"gpt_wee_large","results_experiment_1_gpt_wee_large.csv","Regular","Singular",-0.5,-0.5,"set_louse_flea"
"Regular Plural","fleas","tracker",21.801694393158,14.2250118255615,"gpt_wee_large","results_experiment_1_gpt_wee_large.csv","Regular","Plural",-0.5,0.5,"set_louse_flea"
"Irregular Singular","louse","expert",18.3043832778931,12.4425916671753,"gpt_wee_large","results_experiment_1_gpt_wee_large.csv","Irregular","Singular",0.5,-0.5,"set_louse_flea"
"Irregular Plural","lice","expert",17.8081884384155,11.7048740386963,"gpt_wee_large","results_experiment_1_gpt_wee_large.csv","Irregular","Plural",0.5,0.5,"set_louse_flea"
"Regular Singular","flea","expert",25.3938312530518,11.9696578979492,"gpt_wee_large","results_experiment_1_gpt_wee_large.csv","Regular","Singular",-0.5,-0.5,"set_louse_flea"
"Regular Plural","fleas","expert",21.801694393158,12.0047235488892,"gpt_wee_large","results_experiment_1_gpt_wee_large.csv","Regular","Plural",-0.5,0.5,"set_louse_flea"
"Irregular Singular","mouse","issue",18.8516855239868,11.7878475189209,"gpt_wee_large","results_experiment_1_gpt_wee_large.csv","Irregular","Singular",0.5,-0.5,"set_mouse_rat"
"Irregular Plural","mice","issue",21.7788753509521,11.7415046691895,"gpt_wee_large","results_experiment_1_gpt_wee_large.csv","Irregular","Plural",0.5,0.5,"set_mouse_rat"
"Regular Singular","rat","issue",12.3211822509766,13.0124244689941,"gpt_wee_large","results_experiment_1_gpt_wee_large.csv","Regular","Singular",-0.5,-0.5,"set_mouse_rat"
"Regular Plural","rats","issue",15.0927362442017,11.1756076812744,"gpt_wee_large","results_experiment_1_gpt_wee_large.csv","Regular","Plural",-0.5,0.5,"set_mouse_rat"
"Irregular Singular","mouse","trader",18.8516845703125,14.8698737621307,"gpt_wee_large","results_experiment_1_gpt_wee_large.csv","Irregular","Singular",0.5,-0.5,"set_mouse_rat"
"Irregular Plural","mice","trader",21.7788763046265,13.1973853111267,"gpt_wee_large","results_experiment_1_gpt_wee_large.csv","Irregular","Plural",0.5,0.5,"set_mouse_rat"
"Regular Singular","rat","trader",12.3211822509766,12.9575872421265,"gpt_wee_large","results_experiment_1_gpt_wee_large.csv","Regular","Singular",-0.5,-0.5,"set_mouse_rat"
"Regular Plural","rats","trader",15.0927362442017,14.0863890647888,"gpt_wee_large","results_experiment_1_gpt_wee_large.csv","Regular","Plural",-0.5,0.5,"set_mouse_rat"
"Irregular Singular","mouse","tracker",18.8516845703125,15.5443449020386,"gpt_wee_large","results_experiment_1_gpt_wee_large.csv","Irregular","Singular",0.5,-0.5,"set_mouse_rat"
"Irregular Plural","mice","tracker",21.7788763046265,15.6837306022644,"gpt_wee_large","results_experiment_1_gpt_wee_large.csv","Irregular","Plural",0.5,0.5,"set_mouse_rat"
"Regular Singular","rat","tracker",12.3211822509766,16.0388326644897,"gpt_wee_large","results_experiment_1_gpt_wee_large.csv","Regular","Singular",-0.5,-0.5,"set_mouse_rat"
"Regular Plural","rats","tracker",15.0927362442017,17.8890619277954,"gpt_wee_large","results_experiment_1_gpt_wee_large.csv","Regular","Plural",-0.5,0.5,"set_mouse_rat"
"Irregular Singular","mouse","inspector",18.8516855239868,13.7214288711548,"gpt_wee_large","results_experiment_1_gpt_wee_large.csv","Irregular","Singular",0.5,-0.5,"set_mouse_rat"
"Irregular Plural","mice","inspector",21.7788753509521,12.65807056427,"gpt_wee_large","results_experiment_1_gpt_wee_large.csv","Irregular","Plural",0.5,0.5,"set_mouse_rat"
"Regular Singular","rat","inspector",12.3211822509766,16.5440540313721,"gpt_wee_large","results_experiment_1_gpt_wee_large.csv","Regular","Singular",-0.5,-0.5,"set_mouse_rat"
"Regular Plural","rats","inspector",15.0927362442017,15.3584365844727,"gpt_wee_large","results_experiment_1_gpt_wee_large.csv","Regular","Plural",-0.5,0.5,"set_mouse_rat"
"Irregular Singular","foot","issue",11.7038440704346,11.5513362884521,"gpt_wee_large","results_experiment_1_gpt_wee_large.csv","Irregular","Singular",0.5,-0.5,"set_foot_leg"
"Irregular Plural","feet","issue",17.2332887649536,11.4754838943481,"gpt_wee_large","results_experiment_1_gpt_wee_large.csv","Irregular","Plural",0.5,0.5,"set_foot_leg"
"Regular Singular","leg","issue",14.6027584075928,12.4673042297363,"gpt_wee_large","results_experiment_1_gpt_wee_large.csv","Regular","Singular",-0.5,-0.5,"set_foot_leg"
"Regular Plural","legs","issue",14.2959308624268,11.0223445892334,"gpt_wee_large","results_experiment_1_gpt_wee_large.csv","Regular","Plural",-0.5,0.5,"set_foot_leg"
"Irregular Singular","foot","examination",11.7038440704346,13.8957042694092,"gpt_wee_large","results_experiment_1_gpt_wee_large.csv","Irregular","Singular",0.5,-0.5,"set_foot_leg"
"Irregular Plural","feet","examination",17.2332887649536,11.3365077972412,"gpt_wee_large","results_experiment_1_gpt_wee_large.csv","Irregular","Plural",0.5,0.5,"set_foot_leg"
"Regular Singular","leg","examination",14.6027584075928,12.2156410217285,"gpt_wee_large","results_experiment_1_gpt_wee_large.csv","Regular","Singular",-0.5,-0.5,"set_foot_leg"
"Regular Plural","legs","examination",14.2959308624268,14.3516530990601,"gpt_wee_large","results_experiment_1_gpt_wee_large.csv","Regular","Plural",-0.5,0.5,"set_foot_leg"
"Irregular Singular","foot","expert",11.7038440704346,13.1940546035767,"gpt_wee_large","results_experiment_1_gpt_wee_large.csv","Irregular","Singular",0.5,-0.5,"set_foot_leg"
"Irregular Plural","feet","expert",17.2332887649536,9.54386425018311,"gpt_wee_large","results_experiment_1_gpt_wee_large.csv","Irregular","Plural",0.5,0.5,"set_foot_leg"
"Regular Singular","leg","expert",14.6027584075928,13.4646492004395,"gpt_wee_large","results_experiment_1_gpt_wee_large.csv","Regular","Singular",-0.5,-0.5,"set_foot_leg"
"Regular Plural","legs","expert",14.2959308624268,12.0353050231934,"gpt_wee_large","results_experiment_1_gpt_wee_large.csv","Regular","Plural",-0.5,0.5,"set_foot_leg"
"Irregular Singular","foot","inspector",11.7038440704346,12.9830284118652,"gpt_wee_large","results_experiment_1_gpt_wee_large.csv","Irregular","Singular",0.5,-0.5,"set_foot_leg"
"Irregular Plural","feet","inspector",17.2332887649536,14.7641658782959,"gpt_wee_large","results_experiment_1_gpt_wee_large.csv","Irregular","Plural",0.5,0.5,"set_foot_leg"
"Regular Singular","leg","inspector",14.6027584075928,14.5259208679199,"gpt_wee_large","results_experiment_1_gpt_wee_large.csv","Regular","Singular",-0.5,-0.5,"set_foot_leg"
"Regular Plural","legs","inspector",14.2959308624268,14.0753536224365,"gpt_wee_large","results_experiment_1_gpt_wee_large.csv","Regular","Plural",-0.5,0.5,"set_foot_leg"
"Irregular Singular","tooth","issue",22.1850566864014,9.02192306518555,"gpt_wee_large","results_experiment_1_gpt_wee_large.csv","Irregular","Singular",0.5,-0.5,"set_tooth_bone"
"Irregular Plural","teeth","issue",15.1208214759827,11.3386707305908,"gpt_wee_large","results_experiment_1_gpt_wee_large.csv","Irregular","Plural",0.5,0.5,"set_tooth_bone"
"Regular Singular","bone","issue",15.6002502441406,11.2965068817139,"gpt_wee_large","results_experiment_1_gpt_wee_large.csv","Regular","Singular",-0.5,-0.5,"set_tooth_bone"
"Regular Plural","bones","issue",15.8045787811279,11.0226583480835,"gpt_wee_large","results_experiment_1_gpt_wee_large.csv","Regular","Plural",-0.5,0.5,"set_tooth_bone"
"Irregular Singular","tooth","examination",22.1850566864014,13.8836326599121,"gpt_wee_large","results_experiment_1_gpt_wee_large.csv","Irregular","Singular",0.5,-0.5,"set_tooth_bone"
"Irregular Plural","teeth","examination",15.1208214759827,11.9478797912598,"gpt_wee_large","results_experiment_1_gpt_wee_large.csv","Irregular","Plural",0.5,0.5,"set_tooth_bone"
"Regular Singular","bone","examination",15.6002502441406,12.4069004058838,"gpt_wee_large","results_experiment_1_gpt_wee_large.csv","Regular","Singular",-0.5,-0.5,"set_tooth_bone"
"Regular Plural","bones","examination",15.8045787811279,14.6354684829712,"gpt_wee_large","results_experiment_1_gpt_wee_large.csv","Regular","Plural",-0.5,0.5,"set_tooth_bone"
"Irregular Singular","tooth","expert",22.1850566864014,12.2078857421875,"gpt_wee_large","results_experiment_1_gpt_wee_large.csv","Irregular","Singular",0.5,-0.5,"set_tooth_bone"
"Irregular Plural","teeth","expert",15.1208214759827,12.9207801818848,"gpt_wee_large","results_experiment_1_gpt_wee_large.csv","Irregular","Plural",0.5,0.5,"set_tooth_bone"
"Regular Singular","bone","expert",15.6002502441406,12.3560466766357,"gpt_wee_large","results_experiment_1_gpt_wee_large.csv","Regular","Singular",-0.5,-0.5,"set_tooth_bone"
"Regular Plural","bones","expert",15.8045787811279,11.416464805603,"gpt_wee_large","results_experiment_1_gpt_wee_large.csv","Regular","Plural",-0.5,0.5,"set_tooth_bone"
"Irregular Singular","tooth","protector",22.1850557327271,14.8877243995667,"gpt_wee_large","results_experiment_1_gpt_wee_large.csv","Irregular","Singular",0.5,-0.5,"set_tooth_bone"
"Irregular Plural","teeth","protector",15.1208248138428,17.5660772323608,"gpt_wee_large","results_experiment_1_gpt_wee_large.csv","Irregular","Plural",0.5,0.5,"set_tooth_bone"
"Regular Singular","bone","protector",15.6002502441406,16.8671040534973,"gpt_wee_large","results_experiment_1_gpt_wee_large.csv","Regular","Singular",-0.5,-0.5,"set_tooth_bone"
"Regular Plural","bones","protector",15.804573059082,18.9697499275208,"gpt_wee_large","results_experiment_1_gpt_wee_large.csv","Regular","Plural",-0.5,0.5,"set_tooth_bone"
"Irregular Singular","child","patrol",15.0360918045044,14.5105543136597,"gpt_wee_large","results_experiment_1_gpt_wee_large.csv","Irregular","Singular",0.5,-0.5,"set_child_adult"
"Irregular Plural","children","patrol",15.660457611084,12.0989446640015,"gpt_wee_large","results_experiment_1_gpt_wee_large.csv","Irregular","Plural",0.5,0.5,"set_child_adult"
"Regular Singular","adult","patrol",22.0174350738525,14.6822690963745,"gpt_wee_large","results_experiment_1_gpt_wee_large.csv","Regular","Singular",-0.5,-0.5,"set_child_adult"
"Regular Plural","adults","patrol",23.887446641922,12.7386207580566,"gpt_wee_large","results_experiment_1_gpt_wee_large.csv","Regular","Plural",-0.5,0.5,"set_child_adult"
"Irregular Singular","child","register",15.0360918045044,15.4427080154419,"gpt_wee_large","results_experiment_1_gpt_wee_large.csv","Irregular","Singular",0.5,-0.5,"set_child_adult"
"Irregular Plural","children","register",15.660457611084,14.5063180923462,"gpt_wee_large","results_experiment_1_gpt_wee_large.csv","Irregular","Plural",0.5,0.5,"set_child_adult"
"Regular Singular","adult","register",22.0174350738525,14.5850009918213,"gpt_wee_large","results_experiment_1_gpt_wee_large.csv","Regular","Singular",-0.5,-0.5,"set_child_adult"
"Regular Plural","adults","register",23.887446641922,12.5285549163818,"gpt_wee_large","results_experiment_1_gpt_wee_large.csv","Regular","Plural",-0.5,0.5,"set_child_adult"
"Irregular Singular","child","institute",15.0360918045044,12.3296432495117,"gpt_wee_large","results_experiment_1_gpt_wee_large.csv","Irregular","Singular",0.5,-0.5,"set_child_adult"
"Irregular Plural","children","institute",15.660457611084,13.6221437454224,"gpt_wee_large","results_experiment_1_gpt_wee_large.csv","Irregular","Plural",0.5,0.5,"set_child_adult"
"Regular Singular","adult","institute",22.0174350738525,10.8882074356079,"gpt_wee_large","results_experiment_1_gpt_wee_large.csv","Regular","Singular",-0.5,-0.5,"set_child_adult"
"Regular Plural","adults","institute",23.887446641922,13.0556554794312,"gpt_wee_large","results_experiment_1_gpt_wee_large.csv","Regular","Plural",-0.5,0.5,"set_child_adult"
"Irregular Singular","child","crew",15.0360918045044,11.4354867935181,"gpt_wee_large","results_experiment_1_gpt_wee_large.csv","Irregular","Singular",0.5,-0.5,"set_child_adult"
"Irregular Plural","children","crew",15.660457611084,14.2190608978271,"gpt_wee_large","results_experiment_1_gpt_wee_large.csv","Irregular","Plural",0.5,0.5,"set_child_adult"
"Regular Singular","adult","crew",22.0174350738525,13.0087432861328,"gpt_wee_large","results_experiment_1_gpt_wee_large.csv","Regular","Singular",-0.5,-0.5,"set_child_adult"
"Regular Plural","adults","crew",23.887446641922,12.4226493835449,"gpt_wee_large","results_experiment_1_gpt_wee_large.csv","Regular","Plural",-0.5,0.5,"set_child_adult"
"Irregular Singular","woman","protector",12.2804183959961,16.4195737838745,"gpt_wee_large","results_experiment_1_gpt_wee_large.csv","Irregular","Singular",0.5,-0.5,"set_woman_girl"
"Irregular Plural","women","protector",14.0561933517456,17.9071378707886,"gpt_wee_large","results_experiment_1_gpt_wee_large.csv","Irregular","Plural",0.5,0.5,"set_woman_girl"
"Regular Singular","girl","protector",15.5649900436401,16.1279542446136,"gpt_wee_large","results_experiment_1_gpt_wee_large.csv","Regular","Singular",-0.5,-0.5,"set_woman_girl"
"Regular Plural","girls","protector",13.1286869049072,17.9043431282043,"gpt_wee_large","results_experiment_1_gpt_wee_large.csv","Regular","Plural",-0.5,0.5,"set_woman_girl"
"Irregular Singular","woman","register",12.2804183959961,14.8235511779785,"gpt_wee_large","results_experiment_1_gpt_wee_large.csv","Irregular","Singular",0.5,-0.5,"set_woman_girl"
"Irregular Plural","women","register",14.0561933517456,14.3226671218872,"gpt_wee_large","results_experiment_1_gpt_wee_large.csv","Irregular","Plural",0.5,0.5,"set_woman_girl"
"Regular Singular","girl","register",15.5649900436401,14.453088760376,"gpt_wee_large","results_experiment_1_gpt_wee_large.csv","Regular","Singular",-0.5,-0.5,"set_woman_girl"
"Regular Plural","girls","register",13.1286869049072,14.4481658935547,"gpt_wee_large","results_experiment_1_gpt_wee_large.csv","Regular","Plural",-0.5,0.5,"set_woman_girl"
"Irregular Singular","woman","hangout",12.2804183959961,17.6518421173096,"gpt_wee_large","results_experiment_1_gpt_wee_large.csv","Irregular","Singular",0.5,-0.5,"set_woman_girl"
"Irregular Plural","women","hangout",14.0561933517456,16.5542988777161,"gpt_wee_large","results_experiment_1_gpt_wee_large.csv","Irregular","Plural",0.5,0.5,"set_woman_girl"
"Regular Singular","girl","hangout",15.5649900436401,16.7000312805176,"gpt_wee_large","results_experiment_1_gpt_wee_large.csv","Regular","Singular",-0.5,-0.5,"set_woman_girl"
"Regular Plural","girls","hangout",13.1286869049072,16.3048505783081,"gpt_wee_large","results_experiment_1_gpt_wee_large.csv","Regular","Plural",-0.5,0.5,"set_woman_girl"
"Irregular Singular","woman","crew",12.2804183959961,11.805606842041,"gpt_wee_large","results_experiment_1_gpt_wee_large.csv","Irregular","Singular",0.5,-0.5,"set_woman_girl"
"Irregular Plural","women","crew",14.0561933517456,12.7100534439087,"gpt_wee_large","results_experiment_1_gpt_wee_large.csv","Irregular","Plural",0.5,0.5,"set_woman_girl"
"Regular Singular","girl","crew",15.5649900436401,11.1973371505737,"gpt_wee_large","results_experiment_1_gpt_wee_large.csv","Regular","Singular",-0.5,-0.5,"set_woman_girl"
"Regular Plural","girls","crew",13.1286869049072,12.3069067001343,"gpt_wee_large","results_experiment_1_gpt_wee_large.csv","Regular","Plural",-0.5,0.5,"set_woman_girl"
"Irregular Singular","man","institute",8.5496826171875,10.8477277755737,"gpt_wee_large","results_experiment_1_gpt_wee_large.csv","Irregular","Singular",0.5,-0.5,"set_man_boy"
"Irregular Plural","men","institute",11.6269130706787,11.8643894195557,"gpt_wee_large","results_experiment_1_gpt_wee_large.csv","Irregular","Plural",0.5,0.5,"set_man_boy"
"Regular Singular","boy","institute",11.9489517211914,12.8312950134277,"gpt_wee_large","results_experiment_1_gpt_wee_large.csv","Regular","Singular",-0.5,-0.5,"set_man_boy"
"Regular Plural","boys","institute",13.9559593200684,11.7522659301758,"gpt_wee_large","results_experiment_1_gpt_wee_large.csv","Regular","Plural",-0.5,0.5,"set_man_boy"
"Irregular Singular","man","register",8.5496826171875,13.7957811355591,"gpt_wee_large","results_experiment_1_gpt_wee_large.csv","Irregular","Singular",0.5,-0.5,"set_man_boy"
"Irregular Plural","men","register",11.6269130706787,12.6750736236572,"gpt_wee_large","results_experiment_1_gpt_wee_large.csv","Irregular","Plural",0.5,0.5,"set_man_boy"
"Regular Singular","boy","register",11.9489517211914,15.9539413452148,"gpt_wee_large","results_experiment_1_gpt_wee_large.csv","Regular","Singular",-0.5,-0.5,"set_man_boy"
"Regular Plural","boys","register",13.9559593200684,12.722806930542,"gpt_wee_large","results_experiment_1_gpt_wee_large.csv","Regular","Plural",-0.5,0.5,"set_man_boy"
"Irregular Singular","man","finder",8.5496826171875,18.3192148208618,"gpt_wee_large","results_experiment_1_gpt_wee_large.csv","Irregular","Singular",0.5,-0.5,"set_man_boy"
"Irregular Plural","men","finder",11.6269130706787,18.388126373291,"gpt_wee_large","results_experiment_1_gpt_wee_large.csv","Irregular","Plural",0.5,0.5,"set_man_boy"
"Regular Singular","boy","finder",11.9489517211914,16.8203511238098,"gpt_wee_large","results_experiment_1_gpt_wee_large.csv","Regular","Singular",-0.5,-0.5,"set_man_boy"
"Regular Plural","boys","finder",13.9559593200684,17.1771202087402,"gpt_wee_large","results_experiment_1_gpt_wee_large.csv","Regular","Plural",-0.5,0.5,"set_man_boy"
"Irregular Singular","man","hangout",8.5496826171875,17.1277332305908,"gpt_wee_large","results_experiment_1_gpt_wee_large.csv","Irregular","Singular",0.5,-0.5,"set_man_boy"
"Irregular Plural","men","hangout",11.6269130706787,17.9998569488525,"gpt_wee_large","results_experiment_1_gpt_wee_large.csv","Irregular","Plural",0.5,0.5,"set_man_boy"
"Regular Singular","boy","hangout",11.9489517211914,16.3779182434082,"gpt_wee_large","results_experiment_1_gpt_wee_large.csv","Regular","Singular",-0.5,-0.5,"set_man_boy"
"Regular Plural","boys","hangout",13.9559593200684,16.0670156478882,"gpt_wee_large","results_experiment_1_gpt_wee_large.csv","Regular","Plural",-0.5,0.5,"set_man_boy"
"Irregular Singular","salesman","institute",31.262553691864,9.83608055114746,"gpt_wee_large","results_experiment_1_gpt_wee_large.csv","Irregular","Singular",0.5,-0.5,"set_salesman_retailer"
"Irregular Plural","salesmen","institute",32.1582522392273,12.3328285217285,"gpt_wee_large","results_experiment_1_gpt_wee_large.csv","Irregular","Plural",0.5,0.5,"set_salesman_retailer"
"Regular Singular","retailer","institute",28.5797214508057,10.778956413269,"gpt_wee_large","results_experiment_1_gpt_wee_large.csv","Regular","Singular",-0.5,-0.5,"set_salesman_retailer"
"Regular Plural","retailers","institute",27.0888891220093,12.103235244751,"gpt_wee_large","results_experiment_1_gpt_wee_large.csv","Regular","Plural",-0.5,0.5,"set_salesman_retailer"
"Irregular Singular","salesman","inspector",31.262553691864,13.8122100830078,"gpt_wee_large","results_experiment_1_gpt_wee_large.csv","Irregular","Singular",0.5,-0.5,"set_salesman_retailer"
"Irregular Plural","salesmen","inspector",32.1582522392273,15.5249328613281,"gpt_wee_large","results_experiment_1_gpt_wee_large.csv","Irregular","Plural",0.5,0.5,"set_salesman_retailer"
"Regular Singular","retailer","inspector",28.5797214508057,12.8432035446167,"gpt_wee_large","results_experiment_1_gpt_wee_large.csv","Regular","Singular",-0.5,-0.5,"set_salesman_retailer"
"Regular Plural","retailers","inspector",27.0888891220093,13.6189098358154,"gpt_wee_large","results_experiment_1_gpt_wee_large.csv","Regular","Plural",-0.5,0.5,"set_salesman_retailer"
"Irregular Singular","salesman","protector",31.262553691864,20.6588859558105,"gpt_wee_large","results_experiment_1_gpt_wee_large.csv","Irregular","Singular",0.5,-0.5,"set_salesman_retailer"
"Irregular Plural","salesmen","protector",32.1582522392273,20.9265327453613,"gpt_wee_large","results_experiment_1_gpt_wee_large.csv","Irregular","Plural",0.5,0.5,"set_salesman_retailer"
"Regular Singular","retailer","protector",28.5797214508057,16.5880537033081,"gpt_wee_large","results_experiment_1_gpt_wee_large.csv","Regular","Singular",-0.5,-0.5,"set_salesman_retailer"
"Regular Plural","retailers","protector",27.0888891220093,19.1259160041809,"gpt_wee_large","results_experiment_1_gpt_wee_large.csv","Regular","Plural",-0.5,0.5,"set_salesman_retailer"
"Irregular Singular","salesman","employer",31.262553691864,15.4660892486572,"gpt_wee_large","results_experiment_1_gpt_wee_large.csv","Irregular","Singular",0.5,-0.5,"set_salesman_retailer"
"Irregular Plural","salesmen","employer",32.1582522392273,16.0864772796631,"gpt_wee_large","results_experiment_1_gpt_wee_large.csv","Irregular","Plural",0.5,0.5,"set_salesman_retailer"
"Regular Singular","retailer","employer",28.5797214508057,14.2560186386108,"gpt_wee_large","results_experiment_1_gpt_wee_large.csv","Regular","Singular",-0.5,-0.5,"set_salesman_retailer"
"Regular Plural","retailers","employer",27.0888891220093,14.3824195861816,"gpt_wee_large","results_experiment_1_gpt_wee_large.csv","Regular","Plural",-0.5,0.5,"set_salesman_retailer"
"Irregular Singular","nobleman","patrol",25.620306968689,13.2419471740723,"gpt_wee_large","results_experiment_1_gpt_wee_large.csv","Irregular","Singular",0.5,-0.5,"set_nobleman_aristocrat"
"Irregular Plural","noblemen","patrol",25.0050001144409,11.1350898742676,"gpt_wee_large","results_experiment_1_gpt_wee_large.csv","Irregular","Plural",0.5,0.5,"set_nobleman_aristocrat"
"Regular Singular","aristocrat","patrol",31.6014037132263,16.6346397399902,"gpt_wee_large","results_experiment_1_gpt_wee_large.csv","Regular","Singular",-0.5,-0.5,"set_nobleman_aristocrat"
"Regular Plural","aristocrats","patrol",31.1528599262238,13.1521654129028,"gpt_wee_large","results_experiment_1_gpt_wee_large.csv","Regular","Plural",-0.5,0.5,"set_nobleman_aristocrat"
"Irregular Singular","nobleman","hangout",25.620306968689,17.6012272834778,"gpt_wee_large","results_experiment_1_gpt_wee_large.csv","Irregular","Singular",0.5,-0.5,"set_nobleman_aristocrat"
"Irregular Plural","noblemen","hangout",25.0050001144409,18.0337219238281,"gpt_wee_large","results_experiment_1_gpt_wee_large.csv","Irregular","Plural",0.5,0.5,"set_nobleman_aristocrat"
"Regular Singular","aristocrat","hangout",31.6014037132263,17.2995662689209,"gpt_wee_large","results_experiment_1_gpt_wee_large.csv","Regular","Singular",-0.5,-0.5,"set_nobleman_aristocrat"
"Regular Plural","aristocrats","hangout",31.1528599262238,17.1938095092773,"gpt_wee_large","results_experiment_1_gpt_wee_large.csv","Regular","Plural",-0.5,0.5,"set_nobleman_aristocrat"
"Irregular Singular","nobleman","institute",25.620306968689,10.1480855941772,"gpt_wee_large","results_experiment_1_gpt_wee_large.csv","Irregular","Singular",0.5,-0.5,"set_nobleman_aristocrat"
"Irregular Plural","noblemen","institute",25.0050001144409,11.8799886703491,"gpt_wee_large","results_experiment_1_gpt_wee_large.csv","Irregular","Plural",0.5,0.5,"set_nobleman_aristocrat"
"Regular Singular","aristocrat","institute",31.6014037132263,10.1178607940674,"gpt_wee_large","results_experiment_1_gpt_wee_large.csv","Regular","Singular",-0.5,-0.5,"set_nobleman_aristocrat"
"Regular Plural","aristocrats","institute",31.1528599262238,12.2257137298584,"gpt_wee_large","results_experiment_1_gpt_wee_large.csv","Regular","Plural",-0.5,0.5,"set_nobleman_aristocrat"
"Irregular Singular","nobleman","crew",25.620306968689,10.4054288864136,"gpt_wee_large","results_experiment_1_gpt_wee_large.csv","Irregular","Singular",0.5,-0.5,"set_nobleman_aristocrat"
"Irregular Plural","noblemen","crew",25.0050001144409,11.504337310791,"gpt_wee_large","results_experiment_1_gpt_wee_large.csv","Irregular","Plural",0.5,0.5,"set_nobleman_aristocrat"
"Regular Singular","aristocrat","crew",31.6014037132263,12.0556564331055,"gpt_wee_large","results_experiment_1_gpt_wee_large.csv","Regular","Singular",-0.5,-0.5,"set_nobleman_aristocrat"
"Regular Plural","aristocrats","crew",31.1528599262238,13.8983345031738,"gpt_wee_large","results_experiment_1_gpt_wee_large.csv","Regular","Plural",-0.5,0.5,"set_nobleman_aristocrat"
"Irregular Singular","boatman","patrol",22.6951894760132,13.7514371871948,"gpt_wee_large","results_experiment_1_gpt_wee_large.csv","Irregular","Singular",0.5,-0.5,"set_boatman_shipmate"
"Irregular Plural","boatmen","patrol",22.4760894775391,11.3878412246704,"gpt_wee_large","results_experiment_1_gpt_wee_large.csv","Irregular","Plural",0.5,0.5,"set_boatman_shipmate"
"Regular Singular","shipmate","patrol",24.0351972579956,14.0065698623657,"gpt_wee_large","results_experiment_1_gpt_wee_large.csv","Regular","Singular",-0.5,-0.5,"set_boatman_shipmate"
"Regular Plural","shipmates","patrol",23.8725471496582,12.7962408065796,"gpt_wee_large","results_experiment_1_gpt_wee_large.csv","Regular","Plural",-0.5,0.5,"set_boatman_shipmate"
"Irregular Singular","boatman","finder",22.6951913833618,17.4630088806152,"gpt_wee_large","results_experiment_1_gpt_wee_large.csv","Irregular","Singular",0.5,-0.5,"set_boatman_shipmate"
"Irregular Plural","boatmen","finder",22.476092338562,17.4195756912231,"gpt_wee_large","results_experiment_1_gpt_wee_large.csv","Irregular","Plural",0.5,0.5,"set_boatman_shipmate"
"Regular Singular","shipmate","finder",24.0351972579956,15.0439467430115,"gpt_wee_large","results_experiment_1_gpt_wee_large.csv","Regular","Singular",-0.5,-0.5,"set_boatman_shipmate"
"Regular Plural","shipmates","finder",23.8725481033325,16.2532320022583,"gpt_wee_large","results_experiment_1_gpt_wee_large.csv","Regular","Plural",-0.5,0.5,"set_boatman_shipmate"
"Irregular Singular","boatman","inspector",22.6951894760132,13.2993125915527,"gpt_wee_large","results_experiment_1_gpt_wee_large.csv","Irregular","Singular",0.5,-0.5,"set_boatman_shipmate"
"Irregular Plural","boatmen","inspector",22.4760894775391,15.0633192062378,"gpt_wee_large","results_experiment_1_gpt_wee_large.csv","Irregular","Plural",0.5,0.5,"set_boatman_shipmate"
"Regular Singular","shipmate","inspector",24.0351972579956,8.72293186187744,"gpt_wee_large","results_experiment_1_gpt_wee_large.csv","Regular","Singular",-0.5,-0.5,"set_boatman_shipmate"
"Regular Plural","shipmates","inspector",23.8725471496582,11.7668046951294,"gpt_wee_large","results_experiment_1_gpt_wee_large.csv","Regular","Plural",-0.5,0.5,"set_boatman_shipmate"
"Irregular Singular","boatman","employer",22.6951894760132,16.1395606994629,"gpt_wee_large","results_experiment_1_gpt_wee_large.csv","Irregular","Singular",0.5,-0.5,"set_boatman_shipmate"
"Irregular Plural","boatmen","employer",22.4760894775391,16.078498840332,"gpt_wee_large","results_experiment_1_gpt_wee_large.csv","Irregular","Plural",0.5,0.5,"set_boatman_shipmate"
"Regular Singular","shipmate","employer",24.0351972579956,13.0657072067261,"gpt_wee_large","results_experiment_1_gpt_wee_large.csv","Regular","Singular",-0.5,-0.5,"set_boatman_shipmate"
"Regular Plural","shipmates","employer",23.8725471496582,13.2907304763794,"gpt_wee_large","results_experiment_1_gpt_wee_large.csv","Regular","Plural",-0.5,0.5,"set_boatman_shipmate"
"Irregular Singular","craftsman","employer",30.1331377029419,15.2925510406494,"gpt_wee_large","results_experiment_1_gpt_wee_large.csv","Irregular","Singular",0.5,-0.5,"set_craftsman_labourer"
"Irregular Plural","craftsmen","employer",29.6805372238159,16.3541126251221,"gpt_wee_large","results_experiment_1_gpt_wee_large.csv","Irregular","Plural",0.5,0.5,"set_craftsman_labourer"
"Regular Singular","labourer","employer",24.1529183387756,14.840259552002,"gpt_wee_large","results_experiment_1_gpt_wee_large.csv","Regular","Singular",-0.5,-0.5,"set_craftsman_labourer"
"Regular Plural","labourers","employer",26.725724697113,13.9334058761597,"gpt_wee_large","results_experiment_1_gpt_wee_large.csv","Regular","Plural",-0.5,0.5,"set_craftsman_labourer"
"Irregular Singular","craftsman","examination",30.1331377029419,12.5088376998901,"gpt_wee_large","results_experiment_1_gpt_wee_large.csv","Irregular","Singular",0.5,-0.5,"set_craftsman_labourer"
"Irregular Plural","craftsmen","examination",29.6805372238159,14.7328004837036,"gpt_wee_large","results_experiment_1_gpt_wee_large.csv","Irregular","Plural",0.5,0.5,"set_craftsman_labourer"
"Regular Singular","labourer","examination",24.1529183387756,10.3211240768433,"gpt_wee_large","results_experiment_1_gpt_wee_large.csv","Regular","Singular",-0.5,-0.5,"set_craftsman_labourer"
"Regular Plural","labourers","examination",26.725724697113,13.6696805953979,"gpt_wee_large","results_experiment_1_gpt_wee_large.csv","Regular","Plural",-0.5,0.5,"set_craftsman_labourer"
"Irregular Singular","craftsman","hangout",30.1331377029419,16.9952955245972,"gpt_wee_large","results_experiment_1_gpt_wee_large.csv","Irregular","Singular",0.5,-0.5,"set_craftsman_labourer"
"Irregular Plural","craftsmen","hangout",29.6805372238159,17.797758102417,"gpt_wee_large","results_experiment_1_gpt_wee_large.csv","Irregular","Plural",0.5,0.5,"set_craftsman_labourer"
"Regular Singular","labourer","hangout",24.1529183387756,16.4561977386475,"gpt_wee_large","results_experiment_1_gpt_wee_large.csv","Regular","Singular",-0.5,-0.5,"set_craftsman_labourer"
"Regular Plural","labourers","hangout",26.725724697113,16.9099831581116,"gpt_wee_large","results_experiment_1_gpt_wee_large.csv","Regular","Plural",-0.5,0.5,"set_craftsman_labourer"
"Irregular Singular","craftsman","finder",30.1331377029419,17.222496509552,"gpt_wee_large","results_experiment_1_gpt_wee_large.csv","Irregular","Singular",0.5,-0.5,"set_craftsman_labourer"
"Irregular Plural","craftsmen","finder",29.6805372238159,17.6031732559204,"gpt_wee_large","results_experiment_1_gpt_wee_large.csv","Irregular","Plural",0.5,0.5,"set_craftsman_labourer"
"Regular Singular","labourer","finder",24.1529183387756,17.679048538208,"gpt_wee_large","results_experiment_1_gpt_wee_large.csv","Regular","Singular",-0.5,-0.5,"set_craftsman_labourer"
"Regular Plural","labourers","finder",26.725724697113,18.3699884414673,"gpt_wee_large","results_experiment_1_gpt_wee_large.csv","Regular","Plural",-0.5,0.5,"set_craftsman_labourer"
"Irregular Singular","fireman","examination",22.6088781356812,12.4745397567749,"gpt_wee_large","results_experiment_1_gpt_wee_large.csv","Irregular","Singular",0.5,-0.5,"set_fireman_lifeguard"
"Irregular Plural","firemen","examination",22.5527048110962,14.1397647857666,"gpt_wee_large","results_experiment_1_gpt_wee_large.csv","Irregular","Plural",0.5,0.5,"set_fireman_lifeguard"
"Regular Singular","lifeguard","examination",25.5717782974243,11.8503723144531,"gpt_wee_large","results_experiment_1_gpt_wee_large.csv","Regular","Singular",-0.5,-0.5,"set_fireman_lifeguard"
"Regular Plural","lifeguards","examination",28.3542995452881,14.8496198654175,"gpt_wee_large","results_experiment_1_gpt_wee_large.csv","Regular","Plural",-0.5,0.5,"set_fireman_lifeguard"
"Irregular Singular","fireman","employer",22.6088781356812,15.9748916625977,"gpt_wee_large","results_experiment_1_gpt_wee_large.csv","Irregular","Singular",0.5,-0.5,"set_fireman_lifeguard"
"Irregular Plural","firemen","employer",22.5527048110962,16.17506980896,"gpt_wee_large","results_experiment_1_gpt_wee_large.csv","Irregular","Plural",0.5,0.5,"set_fireman_lifeguard"
"Regular Singular","lifeguard","employer",25.5717782974243,14.1243896484375,"gpt_wee_large","results_experiment_1_gpt_wee_large.csv","Regular","Singular",-0.5,-0.5,"set_fireman_lifeguard"
"Regular Plural","lifeguards","employer",28.3542995452881,15.6366748809814,"gpt_wee_large","results_experiment_1_gpt_wee_large.csv","Regular","Plural",-0.5,0.5,"set_fireman_lifeguard"
"Irregular Singular","fireman","crew",22.6088781356812,10.7790546417236,"gpt_wee_large","results_experiment_1_gpt_wee_large.csv","Irregular","Singular",0.5,-0.5,"set_fireman_lifeguard"
"Irregular Plural","firemen","crew",22.5527048110962,12.1452646255493,"gpt_wee_large","results_experiment_1_gpt_wee_large.csv","Irregular","Plural",0.5,0.5,"set_fireman_lifeguard"
"Regular Singular","lifeguard","crew",25.5717782974243,10.8652238845825,"gpt_wee_large","results_experiment_1_gpt_wee_large.csv","Regular","Singular",-0.5,-0.5,"set_fireman_lifeguard"
"Regular Plural","lifeguards","crew",28.3542995452881,14.0221061706543,"gpt_wee_large","results_experiment_1_gpt_wee_large.csv","Regular","Plural",-0.5,0.5,"set_fireman_lifeguard"
"Irregular Singular","fireman","patrol",22.6088781356812,13.7290563583374,"gpt_wee_large","results_experiment_1_gpt_wee_large.csv","Irregular","Singular",0.5,-0.5,"set_fireman_lifeguard"
"Irregular Plural","firemen","patrol",22.5527048110962,11.3456497192383,"gpt_wee_large","results_experiment_1_gpt_wee_large.csv","Irregular","Plural",0.5,0.5,"set_fireman_lifeguard"
"Regular Singular","lifeguard","patrol",25.5717782974243,11.7215890884399,"gpt_wee_large","results_experiment_1_gpt_wee_large.csv","Regular","Singular",-0.5,-0.5,"set_fireman_lifeguard"
"Regular Plural","lifeguards","patrol",28.3542995452881,12.1569843292236,"gpt_wee_large","results_experiment_1_gpt_wee_large.csv","Regular","Plural",-0.5,0.5,"set_fireman_lifeguard"
"Irregular Singular","goose","protector",21.30299949646,13.2379398345947,"gpt_wee_medium","results_experiment_1_gpt_wee_medium.csv","Irregular","Singular",0.5,-0.5,"set_goose_swan"
"Irregular Plural","geese","protector",18.2153644561768,13.1209874153137,"gpt_wee_medium","results_experiment_1_gpt_wee_medium.csv","Irregular","Plural",0.5,0.5,"set_goose_swan"
"Regular Singular","swan","protector",20.6871123313904,14.4575748443604,"gpt_wee_medium","results_experiment_1_gpt_wee_medium.csv","Regular","Singular",-0.5,-0.5,"set_goose_swan"
"Regular Plural","swans","protector",21.707775592804,14.6241521835327,"gpt_wee_medium","results_experiment_1_gpt_wee_medium.csv","Regular","Plural",-0.5,0.5,"set_goose_swan"
"Irregular Singular","goose","trader",21.30299949646,14.6008052825928,"gpt_wee_medium","results_experiment_1_gpt_wee_medium.csv","Irregular","Singular",0.5,-0.5,"set_goose_swan"
"Irregular Plural","geese","trader",18.2153644561768,12.2364478111267,"gpt_wee_medium","results_experiment_1_gpt_wee_medium.csv","Irregular","Plural",0.5,0.5,"set_goose_swan"
"Regular Singular","swan","trader",20.6871123313904,13.0035037994385,"gpt_wee_medium","results_experiment_1_gpt_wee_medium.csv","Regular","Singular",-0.5,-0.5,"set_goose_swan"
"Regular Plural","swans","trader",21.707775592804,12.9191908836365,"gpt_wee_medium","results_experiment_1_gpt_wee_medium.csv","Regular","Plural",-0.5,0.5,"set_goose_swan"
"Irregular Singular","goose","tracker",21.30299949646,15.391047000885,"gpt_wee_medium","results_experiment_1_gpt_wee_medium.csv","Irregular","Singular",0.5,-0.5,"set_goose_swan"
"Irregular Plural","geese","tracker",18.2153644561768,14.7360601425171,"gpt_wee_medium","results_experiment_1_gpt_wee_medium.csv","Irregular","Plural",0.5,0.5,"set_goose_swan"
"Regular Singular","swan","tracker",20.6871123313904,16.1338448524475,"gpt_wee_medium","results_experiment_1_gpt_wee_medium.csv","Regular","Singular",-0.5,-0.5,"set_goose_swan"
"Regular Plural","swans","tracker",21.707775592804,16.5320816040039,"gpt_wee_medium","results_experiment_1_gpt_wee_medium.csv","Regular","Plural",-0.5,0.5,"set_goose_swan"
"Irregular Singular","goose","expert",21.30299949646,10.4130306243896,"gpt_wee_medium","results_experiment_1_gpt_wee_medium.csv","Irregular","Singular",0.5,-0.5,"set_goose_swan"
"Irregular Plural","geese","expert",18.2153644561768,12.6288728713989,"gpt_wee_medium","results_experiment_1_gpt_wee_medium.csv","Irregular","Plural",0.5,0.5,"set_goose_swan"
"Regular Singular","swan","expert",20.6871123313904,11.8615837097168,"gpt_wee_medium","results_experiment_1_gpt_wee_medium.csv","Regular","Singular",-0.5,-0.5,"set_goose_swan"
"Regular Plural","swans","expert",21.707775592804,12.682918548584,"gpt_wee_medium","results_experiment_1_gpt_wee_medium.csv","Regular","Plural",-0.5,0.5,"set_goose_swan"
"Irregular Singular","ox","register",13.8908815383911,10.1387405395508,"gpt_wee_medium","results_experiment_1_gpt_wee_medium.csv","Irregular","Singular",0.5,-0.5,"set_ox_cow"
"Irregular Plural","oxen","register",17.1399898529053,11.3873901367188,"gpt_wee_medium","results_experiment_1_gpt_wee_medium.csv","Irregular","Plural",0.5,0.5,"set_ox_cow"
"Regular Singular","cow","register",15.651406288147,12.1885662078857,"gpt_wee_medium","results_experiment_1_gpt_wee_medium.csv","Regular","Singular",-0.5,-0.5,"set_ox_cow"
"Regular Plural","cows","register",14.8780107498169,12.5287246704102,"gpt_wee_medium","results_experiment_1_gpt_wee_medium.csv","Regular","Plural",-0.5,0.5,"set_ox_cow"
"Irregular Singular","ox","trader",13.8908824920654,12.0109505653381,"gpt_wee_medium","results_experiment_1_gpt_wee_medium.csv","Irregular","Singular",0.5,-0.5,"set_ox_cow"
"Irregular Plural","oxen","trader",17.1399898529053,12.2636816501617,"gpt_wee_medium","results_experiment_1_gpt_wee_medium.csv","Irregular","Plural",0.5,0.5,"set_ox_cow"
"Regular Singular","cow","trader",15.651406288147,13.2063202857971,"gpt_wee_medium","results_experiment_1_gpt_wee_medium.csv","Regular","Singular",-0.5,-0.5,"set_ox_cow"
"Regular Plural","cows","trader",14.8780107498169,14.7474889755249,"gpt_wee_medium","results_experiment_1_gpt_wee_medium.csv","Regular","Plural",-0.5,0.5,"set_ox_cow"
"Irregular Singular","ox","tracker",13.8908824920654,16.3016400337219,"gpt_wee_medium","results_experiment_1_gpt_wee_medium.csv","Irregular","Singular",0.5,-0.5,"set_ox_cow"
"Irregular Plural","oxen","tracker",17.1399898529053,16.4689950942993,"gpt_wee_medium","results_experiment_1_gpt_wee_medium.csv","Irregular","Plural",0.5,0.5,"set_ox_cow"
"Regular Singular","cow","tracker",15.651406288147,15.7579073905945,"gpt_wee_medium","results_experiment_1_gpt_wee_medium.csv","Regular","Singular",-0.5,-0.5,"set_ox_cow"
"Regular Plural","cows","tracker",14.8780107498169,16.5109462738037,"gpt_wee_medium","results_experiment_1_gpt_wee_medium.csv","Regular","Plural",-0.5,0.5,"set_ox_cow"
"Irregular Singular","ox","finder",13.8908824920654,14.9694061279297,"gpt_wee_medium","results_experiment_1_gpt_wee_medium.csv","Irregular","Singular",0.5,-0.5,"set_ox_cow"
"Irregular Plural","oxen","finder",17.1399898529053,17.2620391845703,"gpt_wee_medium","results_experiment_1_gpt_wee_medium.csv","Irregular","Plural",0.5,0.5,"set_ox_cow"
"Regular Singular","cow","finder",15.651406288147,16.6395816802979,"gpt_wee_medium","results_experiment_1_gpt_wee_medium.csv","Regular","Singular",-0.5,-0.5,"set_ox_cow"
"Regular Plural","cows","finder",14.8780107498169,16.7980098724365,"gpt_wee_medium","results_experiment_1_gpt_wee_medium.csv","Regular","Plural",-0.5,0.5,"set_ox_cow"
"Irregular Singular","louse","issue",19.6270437240601,12.3700799942017,"gpt_wee_medium","results_experiment_1_gpt_wee_medium.csv","Irregular","Singular",0.5,-0.5,"set_louse_flea"
"Irregular Plural","lice","issue",18.2344779968262,11.7801189422607,"gpt_wee_medium","results_experiment_1_gpt_wee_medium.csv","Irregular","Plural",0.5,0.5,"set_louse_flea"
"Regular Singular","flea","issue",21.0002813339233,11.7616186141968,"gpt_wee_medium","results_experiment_1_gpt_wee_medium.csv","Regular","Singular",-0.5,-0.5,"set_louse_flea"
"Regular Plural","fleas","issue",20.8844981193542,13.1563205718994,"gpt_wee_medium","results_experiment_1_gpt_wee_medium.csv","Regular","Plural",-0.5,0.5,"set_louse_flea"
"Irregular Singular","louse","trader",19.6270437240601,12.5244104862213,"gpt_wee_medium","results_experiment_1_gpt_wee_medium.csv","Irregular","Singular",0.5,-0.5,"set_louse_flea"
"Irregular Plural","lice","trader",18.2344779968262,13.0398006439209,"gpt_wee_medium","results_experiment_1_gpt_wee_medium.csv","Irregular","Plural",0.5,0.5,"set_louse_flea"
"Regular Singular","flea","trader",21.0002808570862,12.9228401184082,"gpt_wee_medium","results_experiment_1_gpt_wee_medium.csv","Regular","Singular",-0.5,-0.5,"set_louse_flea"
"Regular Plural","fleas","trader",20.8844962120056,12.0578672885895,"gpt_wee_medium","results_experiment_1_gpt_wee_medium.csv","Regular","Plural",-0.5,0.5,"set_louse_flea"
"Irregular Singular","louse","tracker",19.6270437240601,16.1897788047791,"gpt_wee_medium","results_experiment_1_gpt_wee_medium.csv","Irregular","Singular",0.5,-0.5,"set_louse_flea"
"Irregular Plural","lice","tracker",18.2344779968262,15.3049755096436,"gpt_wee_medium","results_experiment_1_gpt_wee_medium.csv","Irregular","Plural",0.5,0.5,"set_louse_flea"
"Regular Singular","flea","tracker",21.0002808570862,16.4970898628235,"gpt_wee_medium","results_experiment_1_gpt_wee_medium.csv","Regular","Singular",-0.5,-0.5,"set_louse_flea"
"Regular Plural","fleas","tracker",20.8844962120056,16.8216209411621,"gpt_wee_medium","results_experiment_1_gpt_wee_medium.csv","Regular","Plural",-0.5,0.5,"set_louse_flea"
"Irregular Singular","louse","expert",19.6270437240601,11.1417121887207,"gpt_wee_medium","results_experiment_1_gpt_wee_medium.csv","Irregular","Singular",0.5,-0.5,"set_louse_flea"
"Irregular Plural","lice","expert",18.2344779968262,11.6425762176514,"gpt_wee_medium","results_experiment_1_gpt_wee_medium.csv","Irregular","Plural",0.5,0.5,"set_louse_flea"
"Regular Singular","flea","expert",21.0002813339233,12.8257894515991,"gpt_wee_medium","results_experiment_1_gpt_wee_medium.csv","Regular","Singular",-0.5,-0.5,"set_louse_flea"
"Regular Plural","fleas","expert",20.8844981193542,11.999490737915,"gpt_wee_medium","results_experiment_1_gpt_wee_medium.csv","Regular","Plural",-0.5,0.5,"set_louse_flea"
"Irregular Singular","mouse","issue",21.7666835784912,12.4805030822754,"gpt_wee_medium","results_experiment_1_gpt_wee_medium.csv","Irregular","Singular",0.5,-0.5,"set_mouse_rat"
"Irregular Plural","mice","issue",18.8473892211914,11.7548408508301,"gpt_wee_medium","results_experiment_1_gpt_wee_medium.csv","Irregular","Plural",0.5,0.5,"set_mouse_rat"
"Regular Singular","rat","issue",12.9807252883911,12.5951890945435,"gpt_wee_medium","results_experiment_1_gpt_wee_medium.csv","Regular","Singular",-0.5,-0.5,"set_mouse_rat"
"Regular Plural","rats","issue",15.1109619140625,12.3072910308838,"gpt_wee_medium","results_experiment_1_gpt_wee_medium.csv","Regular","Plural",-0.5,0.5,"set_mouse_rat"
"Irregular Singular","mouse","trader",21.7666835784912,12.8110227584839,"gpt_wee_medium","results_experiment_1_gpt_wee_medium.csv","Irregular","Singular",0.5,-0.5,"set_mouse_rat"
"Irregular Plural","mice","trader",18.8473892211914,13.4559931755066,"gpt_wee_medium","results_experiment_1_gpt_wee_medium.csv","Irregular","Plural",0.5,0.5,"set_mouse_rat"
"Regular Singular","rat","trader",12.9807252883911,13.0302410125732,"gpt_wee_medium","results_experiment_1_gpt_wee_medium.csv","Regular","Singular",-0.5,-0.5,"set_mouse_rat"
"Regular Plural","rats","trader",15.1109619140625,14.4781122207642,"gpt_wee_medium","results_experiment_1_gpt_wee_medium.csv","Regular","Plural",-0.5,0.5,"set_mouse_rat"
"Irregular Singular","mouse","tracker",21.7666835784912,16.3169384002686,"gpt_wee_medium","results_experiment_1_gpt_wee_medium.csv","Irregular","Singular",0.5,-0.5,"set_mouse_rat"
"Irregular Plural","mice","tracker",18.8473892211914,15.2718601226807,"gpt_wee_medium","results_experiment_1_gpt_wee_medium.csv","Irregular","Plural",0.5,0.5,"set_mouse_rat"
"Regular Singular","rat","tracker",12.9807252883911,17.1773986816406,"gpt_wee_medium","results_experiment_1_gpt_wee_medium.csv","Regular","Singular",-0.5,-0.5,"set_mouse_rat"
"Regular Plural","rats","tracker",15.1109619140625,16.9598169326782,"gpt_wee_medium","results_experiment_1_gpt_wee_medium.csv","Regular","Plural",-0.5,0.5,"set_mouse_rat"
"Irregular Singular","mouse","inspector",21.7666835784912,10.6032686233521,"gpt_wee_medium","results_experiment_1_gpt_wee_medium.csv","Irregular","Singular",0.5,-0.5,"set_mouse_rat"
"Irregular Plural","mice","inspector",18.8473892211914,10.2777025699615,"gpt_wee_medium","results_experiment_1_gpt_wee_medium.csv","Irregular","Plural",0.5,0.5,"set_mouse_rat"
"Regular Singular","rat","inspector",12.9807252883911,10.7373089790344,"gpt_wee_medium","results_experiment_1_gpt_wee_medium.csv","Regular","Singular",-0.5,-0.5,"set_mouse_rat"
"Regular Plural","rats","inspector",15.1109619140625,12.3592028617859,"gpt_wee_medium","results_experiment_1_gpt_wee_medium.csv","Regular","Plural",-0.5,0.5,"set_mouse_rat"
"Irregular Singular","foot","issue",13.3546028137207,12.3361129760742,"gpt_wee_medium","results_experiment_1_gpt_wee_medium.csv","Irregular","Singular",0.5,-0.5,"set_foot_leg"
"Irregular Plural","feet","issue",18.4381265640259,12.4105415344238,"gpt_wee_medium","results_experiment_1_gpt_wee_medium.csv","Irregular","Plural",0.5,0.5,"set_foot_leg"
"Regular Singular","leg","issue",19.3397483825684,10.570894241333,"gpt_wee_medium","results_experiment_1_gpt_wee_medium.csv","Regular","Singular",-0.5,-0.5,"set_foot_leg"
"Regular Plural","legs","issue",19.9199914932251,12.5709457397461,"gpt_wee_medium","results_experiment_1_gpt_wee_medium.csv","Regular","Plural",-0.5,0.5,"set_foot_leg"
"Irregular Singular","foot","examination",13.3546028137207,11.4593644142151,"gpt_wee_medium","results_experiment_1_gpt_wee_medium.csv","Irregular","Singular",0.5,-0.5,"set_foot_leg"
"Irregular Plural","feet","examination",18.4381265640259,11.6358060836792,"gpt_wee_medium","results_experiment_1_gpt_wee_medium.csv","Irregular","Plural",0.5,0.5,"set_foot_leg"
"Regular Singular","leg","examination",19.3397483825684,8.82541251182556,"gpt_wee_medium","results_experiment_1_gpt_wee_medium.csv","Regular","Singular",-0.5,-0.5,"set_foot_leg"
"Regular Plural","legs","examination",19.9199914932251,13.5997474193573,"gpt_wee_medium","results_experiment_1_gpt_wee_medium.csv","Regular","Plural",-0.5,0.5,"set_foot_leg"
"Irregular Singular","foot","expert",13.3546028137207,12.0498161315918,"gpt_wee_medium","results_experiment_1_gpt_wee_medium.csv","Irregular","Singular",0.5,-0.5,"set_foot_leg"
"Irregular Plural","feet","expert",18.4381265640259,12.0075874328613,"gpt_wee_medium","results_experiment_1_gpt_wee_medium.csv","Irregular","Plural",0.5,0.5,"set_foot_leg"
"Regular Singular","leg","expert",19.3397483825684,11.3224802017212,"gpt_wee_medium","results_experiment_1_gpt_wee_medium.csv","Regular","Singular",-0.5,-0.5,"set_foot_leg"
"Regular Plural","legs","expert",19.9199914932251,13.5347747802734,"gpt_wee_medium","results_experiment_1_gpt_wee_medium.csv","Regular","Plural",-0.5,0.5,"set_foot_leg"
"Irregular Singular","foot","inspector",13.3546028137207,11.7212269306183,"gpt_wee_medium","results_experiment_1_gpt_wee_medium.csv","Irregular","Singular",0.5,-0.5,"set_foot_leg"
"Irregular Plural","feet","inspector",18.4381265640259,11.647545337677,"gpt_wee_medium","results_experiment_1_gpt_wee_medium.csv","Irregular","Plural",0.5,0.5,"set_foot_leg"
"Regular Singular","leg","inspector",19.3397483825684,11.3268568515778,"gpt_wee_medium","results_experiment_1_gpt_wee_medium.csv","Regular","Singular",-0.5,-0.5,"set_foot_leg"
"Regular Plural","legs","inspector",19.9199914932251,12.145828962326,"gpt_wee_medium","results_experiment_1_gpt_wee_medium.csv","Regular","Plural",-0.5,0.5,"set_foot_leg"
"Irregular Singular","tooth","issue",20.7651662826538,12.9154825210571,"gpt_wee_medium","results_experiment_1_gpt_wee_medium.csv","Irregular","Singular",0.5,-0.5,"set_tooth_bone"
"Irregular Plural","teeth","issue",19.1243915557861,11.9483022689819,"gpt_wee_medium","results_experiment_1_gpt_wee_medium.csv","Irregular","Plural",0.5,0.5,"set_tooth_bone"
"Regular Singular","bone","issue",15.4208354949951,12.0228214263916,"gpt_wee_medium","results_experiment_1_gpt_wee_medium.csv","Regular","Singular",-0.5,-0.5,"set_tooth_bone"
"Regular Plural","bones","issue",15.5812301635742,12.945237159729,"gpt_wee_medium","results_experiment_1_gpt_wee_medium.csv","Regular","Plural",-0.5,0.5,"set_tooth_bone"
"Irregular Singular","tooth","examination",20.7651662826538,12.4319384098053,"gpt_wee_medium","results_experiment_1_gpt_wee_medium.csv","Irregular","Singular",0.5,-0.5,"set_tooth_bone"
"Irregular Plural","teeth","examination",19.1243915557861,11.1213518381119,"gpt_wee_medium","results_experiment_1_gpt_wee_medium.csv","Irregular","Plural",0.5,0.5,"set_tooth_bone"
"Regular Singular","bone","examination",15.4208354949951,11.9571003913879,"gpt_wee_medium","results_experiment_1_gpt_wee_medium.csv","Regular","Singular",-0.5,-0.5,"set_tooth_bone"
"Regular Plural","bones","examination",15.5812301635742,14.3081288337708,"gpt_wee_medium","results_experiment_1_gpt_wee_medium.csv","Regular","Plural",-0.5,0.5,"set_tooth_bone"
"Irregular Singular","tooth","expert",20.7651662826538,12.4812393188477,"gpt_wee_medium","results_experiment_1_gpt_wee_medium.csv","Irregular","Singular",0.5,-0.5,"set_tooth_bone"
"Irregular Plural","teeth","expert",19.1243915557861,10.3346719741821,"gpt_wee_medium","results_experiment_1_gpt_wee_medium.csv","Irregular","Plural",0.5,0.5,"set_tooth_bone"
"Regular Singular","bone","expert",15.4208354949951,11.8059797286987,"gpt_wee_medium","results_experiment_1_gpt_wee_medium.csv","Regular","Singular",-0.5,-0.5,"set_tooth_bone"
"Regular Plural","bones","expert",15.5812301635742,13.3004808425903,"gpt_wee_medium","results_experiment_1_gpt_wee_medium.csv","Regular","Plural",-0.5,0.5,"set_tooth_bone"
"Irregular Singular","tooth","protector",20.7651662826538,14.3313541412354,"gpt_wee_medium","results_experiment_1_gpt_wee_medium.csv","Irregular","Singular",0.5,-0.5,"set_tooth_bone"
"Irregular Plural","teeth","protector",19.1243915557861,12.912868976593,"gpt_wee_medium","results_experiment_1_gpt_wee_medium.csv","Irregular","Plural",0.5,0.5,"set_tooth_bone"
"Regular Singular","bone","protector",15.4208354949951,15.407735824585,"gpt_wee_medium","results_experiment_1_gpt_wee_medium.csv","Regular","Singular",-0.5,-0.5,"set_tooth_bone"
"Regular Plural","bones","protector",15.5812301635742,15.6386885643005,"gpt_wee_medium","results_experiment_1_gpt_wee_medium.csv","Regular","Plural",-0.5,0.5,"set_tooth_bone"
"Irregular Singular","child","patrol",15.4473257064819,11.8098804950714,"gpt_wee_medium","results_experiment_1_gpt_wee_medium.csv","Irregular","Singular",0.5,-0.5,"set_child_adult"
"Irregular Plural","children","patrol",17.215892791748,13.4906325340271,"gpt_wee_medium","results_experiment_1_gpt_wee_medium.csv","Irregular","Plural",0.5,0.5,"set_child_adult"
"Regular Singular","adult","patrol",22.0796298980713,11.8470134735107,"gpt_wee_medium","results_experiment_1_gpt_wee_medium.csv","Regular","Singular",-0.5,-0.5,"set_child_adult"
"Regular Plural","adults","patrol",24.9632210731506,12.6289439201355,"gpt_wee_medium","results_experiment_1_gpt_wee_medium.csv","Regular","Plural",-0.5,0.5,"set_child_adult"
"Irregular Singular","child","register",15.4473257064819,14.8202857971191,"gpt_wee_medium","results_experiment_1_gpt_wee_medium.csv","Irregular","Singular",0.5,-0.5,"set_child_adult"
"Irregular Plural","children","register",17.215892791748,13.1802768707275,"gpt_wee_medium","results_experiment_1_gpt_wee_medium.csv","Irregular","Plural",0.5,0.5,"set_child_adult"
"Regular Singular","adult","register",22.0796298980713,13.0008068084717,"gpt_wee_medium","results_experiment_1_gpt_wee_medium.csv","Regular","Singular",-0.5,-0.5,"set_child_adult"
"Regular Plural","adults","register",24.9632196426392,11.8103771209717,"gpt_wee_medium","results_experiment_1_gpt_wee_medium.csv","Regular","Plural",-0.5,0.5,"set_child_adult"
"Irregular Singular","child","institute",15.4473257064819,11.0104084014893,"gpt_wee_medium","results_experiment_1_gpt_wee_medium.csv","Irregular","Singular",0.5,-0.5,"set_child_adult"
"Irregular Plural","children","institute",17.215892791748,10.7155246734619,"gpt_wee_medium","results_experiment_1_gpt_wee_medium.csv","Irregular","Plural",0.5,0.5,"set_child_adult"
"Regular Singular","adult","institute",22.0796298980713,8.34504890441895,"gpt_wee_medium","results_experiment_1_gpt_wee_medium.csv","Regular","Singular",-0.5,-0.5,"set_child_adult"
"Regular Plural","adults","institute",24.9632196426392,11.5344543457031,"gpt_wee_medium","results_experiment_1_gpt_wee_medium.csv","Regular","Plural",-0.5,0.5,"set_child_adult"
"Irregular Singular","child","crew",15.4473257064819,10.8148994445801,"gpt_wee_medium","results_experiment_1_gpt_wee_medium.csv","Irregular","Singular",0.5,-0.5,"set_child_adult"
"Irregular Plural","children","crew",17.215892791748,11.7204914093018,"gpt_wee_medium","results_experiment_1_gpt_wee_medium.csv","Irregular","Plural",0.5,0.5,"set_child_adult"
"Regular Singular","adult","crew",22.0796298980713,12.1795825958252,"gpt_wee_medium","results_experiment_1_gpt_wee_medium.csv","Regular","Singular",-0.5,-0.5,"set_child_adult"
"Regular Plural","adults","crew",24.9632196426392,12.7052745819092,"gpt_wee_medium","results_experiment_1_gpt_wee_medium.csv","Regular","Plural",-0.5,0.5,"set_child_adult"
"Irregular Singular","woman","protector",14.1162776947021,15.1892757415771,"gpt_wee_medium","results_experiment_1_gpt_wee_medium.csv","Irregular","Singular",0.5,-0.5,"set_woman_girl"
"Irregular Plural","women","protector",13.8493986129761,15.0556831359863,"gpt_wee_medium","results_experiment_1_gpt_wee_medium.csv","Irregular","Plural",0.5,0.5,"set_woman_girl"
"Regular Singular","girl","protector",16.7824153900146,14.7788391113281,"gpt_wee_medium","results_experiment_1_gpt_wee_medium.csv","Regular","Singular",-0.5,-0.5,"set_woman_girl"
"Regular Plural","girls","protector",18.3294060230255,14.7432985305786,"gpt_wee_medium","results_experiment_1_gpt_wee_medium.csv","Regular","Plural",-0.5,0.5,"set_woman_girl"
"Irregular Singular","woman","register",14.1162776947021,14.802680015564,"gpt_wee_medium","results_experiment_1_gpt_wee_medium.csv","Irregular","Singular",0.5,-0.5,"set_woman_girl"
"Irregular Plural","women","register",13.8493986129761,11.7951030731201,"gpt_wee_medium","results_experiment_1_gpt_wee_medium.csv","Irregular","Plural",0.5,0.5,"set_woman_girl"
"Regular Singular","girl","register",16.7824153900146,14.8236598968506,"gpt_wee_medium","results_experiment_1_gpt_wee_medium.csv","Regular","Singular",-0.5,-0.5,"set_woman_girl"
"Regular Plural","girls","register",18.3294060230255,11.7825212478638,"gpt_wee_medium","results_experiment_1_gpt_wee_medium.csv","Regular","Plural",-0.5,0.5,"set_woman_girl"
"Irregular Singular","woman","hangout",14.1162776947021,15.5897560119629,"gpt_wee_medium","results_experiment_1_gpt_wee_medium.csv","Irregular","Singular",0.5,-0.5,"set_woman_girl"
"Irregular Plural","women","hangout",13.8493986129761,16.9671277999878,"gpt_wee_medium","results_experiment_1_gpt_wee_medium.csv","Irregular","Plural",0.5,0.5,"set_woman_girl"
"Regular Singular","girl","hangout",16.7824153900146,16.3545904159546,"gpt_wee_medium","results_experiment_1_gpt_wee_medium.csv","Regular","Singular",-0.5,-0.5,"set_woman_girl"
"Regular Plural","girls","hangout",18.3294060230255,16.2192831039429,"gpt_wee_medium","results_experiment_1_gpt_wee_medium.csv","Regular","Plural",-0.5,0.5,"set_woman_girl"
"Irregular Singular","woman","crew",14.1162776947021,10.7246046066284,"gpt_wee_medium","results_experiment_1_gpt_wee_medium.csv","Irregular","Singular",0.5,-0.5,"set_woman_girl"
"Irregular Plural","women","crew",13.8493986129761,11.065601348877,"gpt_wee_medium","results_experiment_1_gpt_wee_medium.csv","Irregular","Plural",0.5,0.5,"set_woman_girl"
"Regular Singular","girl","crew",16.7824153900146,9.96638965606689,"gpt_wee_medium","results_experiment_1_gpt_wee_medium.csv","Regular","Singular",-0.5,-0.5,"set_woman_girl"
"Regular Plural","girls","crew",18.3294060230255,11.9037189483643,"gpt_wee_medium","results_experiment_1_gpt_wee_medium.csv","Regular","Plural",-0.5,0.5,"set_woman_girl"
"Irregular Singular","man","institute",9.71887111663818,10.0123205184937,"gpt_wee_medium","results_experiment_1_gpt_wee_medium.csv","Irregular","Singular",0.5,-0.5,"set_man_boy"
"Irregular Plural","men","institute",13.3997163772583,10.1053647994995,"gpt_wee_medium","results_experiment_1_gpt_wee_medium.csv","Irregular","Plural",0.5,0.5,"set_man_boy"
"Regular Singular","boy","institute",15.6034107208252,12.6099548339844,"gpt_wee_medium","results_experiment_1_gpt_wee_medium.csv","Regular","Singular",-0.5,-0.5,"set_man_boy"
"Regular Plural","boys","institute",14.5137021541595,10.7793226242065,"gpt_wee_medium","results_experiment_1_gpt_wee_medium.csv","Regular","Plural",-0.5,0.5,"set_man_boy"
"Irregular Singular","man","register",9.71887111663818,12.789909362793,"gpt_wee_medium","results_experiment_1_gpt_wee_medium.csv","Irregular","Singular",0.5,-0.5,"set_man_boy"
"Irregular Plural","men","register",13.3997163772583,11.642783164978,"gpt_wee_medium","results_experiment_1_gpt_wee_medium.csv","Irregular","Plural",0.5,0.5,"set_man_boy"
"Regular Singular","boy","register",15.6034107208252,16.0440826416016,"gpt_wee_medium","results_experiment_1_gpt_wee_medium.csv","Regular","Singular",-0.5,-0.5,"set_man_boy"
"Regular Plural","boys","register",14.5137021541595,10.3605842590332,"gpt_wee_medium","results_experiment_1_gpt_wee_medium.csv","Regular","Plural",-0.5,0.5,"set_man_boy"
"Irregular Singular","man","finder",9.71887111663818,16.9161386489868,"gpt_wee_medium","results_experiment_1_gpt_wee_medium.csv","Irregular","Singular",0.5,-0.5,"set_man_boy"
"Irregular Plural","men","finder",13.3997163772583,17.3338565826416,"gpt_wee_medium","results_experiment_1_gpt_wee_medium.csv","Irregular","Plural",0.5,0.5,"set_man_boy"
"Regular Singular","boy","finder",15.6034107208252,16.6985273361206,"gpt_wee_medium","results_experiment_1_gpt_wee_medium.csv","Regular","Singular",-0.5,-0.5,"set_man_boy"
"Regular Plural","boys","finder",14.5137021541595,15.5295715332031,"gpt_wee_medium","results_experiment_1_gpt_wee_medium.csv","Regular","Plural",-0.5,0.5,"set_man_boy"
"Irregular Singular","man","hangout",9.71887111663818,15.9915151596069,"gpt_wee_medium","results_experiment_1_gpt_wee_medium.csv","Irregular","Singular",0.5,-0.5,"set_man_boy"
"Irregular Plural","men","hangout",13.3997163772583,16.6346387863159,"gpt_wee_medium","results_experiment_1_gpt_wee_medium.csv","Irregular","Plural",0.5,0.5,"set_man_boy"
"Regular Singular","boy","hangout",15.6034107208252,15.2912173271179,"gpt_wee_medium","results_experiment_1_gpt_wee_medium.csv","Regular","Singular",-0.5,-0.5,"set_man_boy"
"Regular Plural","boys","hangout",14.5137021541595,16.9823727607727,"gpt_wee_medium","results_experiment_1_gpt_wee_medium.csv","Regular","Plural",-0.5,0.5,"set_man_boy"
"Irregular Singular","salesman","institute",26.9804949760437,8.83338737487793,"gpt_wee_medium","results_experiment_1_gpt_wee_medium.csv","Irregular","Singular",0.5,-0.5,"set_salesman_retailer"
"Irregular Plural","salesmen","institute",28.6173958778381,9.36613464355469,"gpt_wee_medium","results_experiment_1_gpt_wee_medium.csv","Irregular","Plural",0.5,0.5,"set_salesman_retailer"
"Regular Singular","retailer","institute",28.9087915420532,10.313024520874,"gpt_wee_medium","results_experiment_1_gpt_wee_medium.csv","Regular","Singular",-0.5,-0.5,"set_salesman_retailer"
"Regular Plural","retailers","institute",29.0261869430542,11.6254835128784,"gpt_wee_medium","results_experiment_1_gpt_wee_medium.csv","Regular","Plural",-0.5,0.5,"set_salesman_retailer"
"Irregular Singular","salesman","inspector",26.9804973602295,12.2134697437286,"gpt_wee_medium","results_experiment_1_gpt_wee_medium.csv","Irregular","Singular",0.5,-0.5,"set_salesman_retailer"
"Irregular Plural","salesmen","inspector",28.6173982620239,13.3066194057465,"gpt_wee_medium","results_experiment_1_gpt_wee_medium.csv","Irregular","Plural",0.5,0.5,"set_salesman_retailer"
"Regular Singular","retailer","inspector",28.9087929725647,11.187643289566,"gpt_wee_medium","results_experiment_1_gpt_wee_medium.csv","Regular","Singular",-0.5,-0.5,"set_salesman_retailer"
"Regular Plural","retailers","inspector",29.0261878967285,12.7669544219971,"gpt_wee_medium","results_experiment_1_gpt_wee_medium.csv","Regular","Plural",-0.5,0.5,"set_salesman_retailer"
"Irregular Singular","salesman","protector",26.9804973602295,15.7267808914185,"gpt_wee_medium","results_experiment_1_gpt_wee_medium.csv","Irregular","Singular",0.5,-0.5,"set_salesman_retailer"
"Irregular Plural","salesmen","protector",28.6173982620239,15.3831300735474,"gpt_wee_medium","results_experiment_1_gpt_wee_medium.csv","Irregular","Plural",0.5,0.5,"set_salesman_retailer"
"Regular Singular","retailer","protector",28.9087929725647,15.2283239364624,"gpt_wee_medium","results_experiment_1_gpt_wee_medium.csv","Regular","Singular",-0.5,-0.5,"set_salesman_retailer"
"Regular Plural","retailers","protector",29.0261878967285,16.2336921691895,"gpt_wee_medium","results_experiment_1_gpt_wee_medium.csv","Regular","Plural",-0.5,0.5,"set_salesman_retailer"
"Irregular Singular","salesman","employer",26.9804973602295,12.2927646636963,"gpt_wee_medium","results_experiment_1_gpt_wee_medium.csv","Irregular","Singular",0.5,-0.5,"set_salesman_retailer"
"Irregular Plural","salesmen","employer",28.6173982620239,12.7275884151459,"gpt_wee_medium","results_experiment_1_gpt_wee_medium.csv","Irregular","Plural",0.5,0.5,"set_salesman_retailer"
"Regular Singular","retailer","employer",28.9087929725647,12.4736235141754,"gpt_wee_medium","results_experiment_1_gpt_wee_medium.csv","Regular","Singular",-0.5,-0.5,"set_salesman_retailer"
"Regular Plural","retailers","employer",29.0261878967285,13.3968517780304,"gpt_wee_medium","results_experiment_1_gpt_wee_medium.csv","Regular","Plural",-0.5,0.5,"set_salesman_retailer"
"Irregular Singular","nobleman","patrol",29.3852005004883,12.0332851409912,"gpt_wee_medium","results_experiment_1_gpt_wee_medium.csv","Irregular","Singular",0.5,-0.5,"set_nobleman_aristocrat"
"Irregular Plural","noblemen","patrol",31.6764736175537,13.2570688724518,"gpt_wee_medium","results_experiment_1_gpt_wee_medium.csv","Irregular","Plural",0.5,0.5,"set_nobleman_aristocrat"
"Regular Singular","aristocrat","patrol",32.977520942688,12.5801558494568,"gpt_wee_medium","results_experiment_1_gpt_wee_medium.csv","Regular","Singular",-0.5,-0.5,"set_nobleman_aristocrat"
"Regular Plural","aristocrats","patrol",33.5229201316833,13.1928038597107,"gpt_wee_medium","results_experiment_1_gpt_wee_medium.csv","Regular","Plural",-0.5,0.5,"set_nobleman_aristocrat"
"Irregular Singular","nobleman","hangout",29.3852005004883,16.2925043106079,"gpt_wee_medium","results_experiment_1_gpt_wee_medium.csv","Irregular","Singular",0.5,-0.5,"set_nobleman_aristocrat"
"Irregular Plural","noblemen","hangout",31.6764736175537,16.8690252304077,"gpt_wee_medium","results_experiment_1_gpt_wee_medium.csv","Irregular","Plural",0.5,0.5,"set_nobleman_aristocrat"
"Regular Singular","aristocrat","hangout",32.977520942688,16.3668298721313,"gpt_wee_medium","results_experiment_1_gpt_wee_medium.csv","Regular","Singular",-0.5,-0.5,"set_nobleman_aristocrat"
"Regular Plural","aristocrats","hangout",33.5229201316833,16.2561464309692,"gpt_wee_medium","results_experiment_1_gpt_wee_medium.csv","Regular","Plural",-0.5,0.5,"set_nobleman_aristocrat"
"Irregular Singular","nobleman","institute",29.385199546814,9.83829498291016,"gpt_wee_medium","results_experiment_1_gpt_wee_medium.csv","Irregular","Singular",0.5,-0.5,"set_nobleman_aristocrat"
"Irregular Plural","noblemen","institute",31.6764736175537,9.8181037902832,"gpt_wee_medium","results_experiment_1_gpt_wee_medium.csv","Irregular","Plural",0.5,0.5,"set_nobleman_aristocrat"
"Regular Singular","aristocrat","institute",32.977520942688,9.43969058990479,"gpt_wee_medium","results_experiment_1_gpt_wee_medium.csv","Regular","Singular",-0.5,-0.5,"set_nobleman_aristocrat"
"Regular Plural","aristocrats","institute",33.5229201316833,11.8440589904785,"gpt_wee_medium","results_experiment_1_gpt_wee_medium.csv","Regular","Plural",-0.5,0.5,"set_nobleman_aristocrat"
"Irregular Singular","nobleman","crew",29.385199546814,10.4803504943848,"gpt_wee_medium","results_experiment_1_gpt_wee_medium.csv","Irregular","Singular",0.5,-0.5,"set_nobleman_aristocrat"
"Irregular Plural","noblemen","crew",31.6764736175537,11.2063646316528,"gpt_wee_medium","results_experiment_1_gpt_wee_medium.csv","Irregular","Plural",0.5,0.5,"set_nobleman_aristocrat"
"Regular Singular","aristocrat","crew",32.977520942688,11.5533132553101,"gpt_wee_medium","results_experiment_1_gpt_wee_medium.csv","Regular","Singular",-0.5,-0.5,"set_nobleman_aristocrat"
"Regular Plural","aristocrats","crew",33.5229201316833,13.0479183197021,"gpt_wee_medium","results_experiment_1_gpt_wee_medium.csv","Regular","Plural",-0.5,0.5,"set_nobleman_aristocrat"
"Irregular Singular","boatman","patrol",22.4788355827332,11.8301267623901,"gpt_wee_medium","results_experiment_1_gpt_wee_medium.csv","Irregular","Singular",0.5,-0.5,"set_boatman_shipmate"
"Irregular Plural","boatmen","patrol",26.4593243598938,12.2966883182526,"gpt_wee_medium","results_experiment_1_gpt_wee_medium.csv","Irregular","Plural",0.5,0.5,"set_boatman_shipmate"
"Regular Singular","shipmate","patrol",19.9346694946289,10.132554769516,"gpt_wee_medium","results_experiment_1_gpt_wee_medium.csv","Regular","Singular",-0.5,-0.5,"set_boatman_shipmate"
"Regular Plural","shipmates","patrol",20.1257343292236,11.9830167293549,"gpt_wee_medium","results_experiment_1_gpt_wee_medium.csv","Regular","Plural",-0.5,0.5,"set_boatman_shipmate"
"Irregular Singular","boatman","finder",22.4788355827332,16.5920333862305,"gpt_wee_medium","results_experiment_1_gpt_wee_medium.csv","Irregular","Singular",0.5,-0.5,"set_boatman_shipmate"
"Irregular Plural","boatmen","finder",26.4593243598938,16.9845895767212,"gpt_wee_medium","results_experiment_1_gpt_wee_medium.csv","Irregular","Plural",0.5,0.5,"set_boatman_shipmate"
"Regular Singular","shipmate","finder",19.9346694946289,17.1937799453735,"gpt_wee_medium","results_experiment_1_gpt_wee_medium.csv","Regular","Singular",-0.5,-0.5,"set_boatman_shipmate"
"Regular Plural","shipmates","finder",20.1257343292236,15.946798324585,"gpt_wee_medium","results_experiment_1_gpt_wee_medium.csv","Regular","Plural",-0.5,0.5,"set_boatman_shipmate"
"Irregular Singular","boatman","inspector",22.4788355827332,12.0474696159363,"gpt_wee_medium","results_experiment_1_gpt_wee_medium.csv","Irregular","Singular",0.5,-0.5,"set_boatman_shipmate"
"Irregular Plural","boatmen","inspector",26.4593243598938,12.6655085086823,"gpt_wee_medium","results_experiment_1_gpt_wee_medium.csv","Irregular","Plural",0.5,0.5,"set_boatman_shipmate"
"Regular Singular","shipmate","inspector",19.9346694946289,10.0159754753113,"gpt_wee_medium","results_experiment_1_gpt_wee_medium.csv","Regular","Singular",-0.5,-0.5,"set_boatman_shipmate"
"Regular Plural","shipmates","inspector",20.1257343292236,11.8141872882843,"gpt_wee_medium","results_experiment_1_gpt_wee_medium.csv","Regular","Plural",-0.5,0.5,"set_boatman_shipmate"
"Irregular Singular","boatman","employer",22.4788355827332,12.4274473190308,"gpt_wee_medium","results_experiment_1_gpt_wee_medium.csv","Irregular","Singular",0.5,-0.5,"set_boatman_shipmate"
"Irregular Plural","boatmen","employer",26.4593243598938,12.2893090248108,"gpt_wee_medium","results_experiment_1_gpt_wee_medium.csv","Irregular","Plural",0.5,0.5,"set_boatman_shipmate"
"Regular Singular","shipmate","employer",19.9346694946289,11.4055931568146,"gpt_wee_medium","results_experiment_1_gpt_wee_medium.csv","Regular","Singular",-0.5,-0.5,"set_boatman_shipmate"
"Regular Plural","shipmates","employer",20.1257343292236,13.1195335388184,"gpt_wee_medium","results_experiment_1_gpt_wee_medium.csv","Regular","Plural",-0.5,0.5,"set_boatman_shipmate"
"Irregular Singular","craftsman","employer",27.7242240905762,12.158477306366,"gpt_wee_medium","results_experiment_1_gpt_wee_medium.csv","Irregular","Singular",0.5,-0.5,"set_craftsman_labourer"
"Irregular Plural","craftsmen","employer",29.3906078338623,12.3776483535767,"gpt_wee_medium","results_experiment_1_gpt_wee_medium.csv","Irregular","Plural",0.5,0.5,"set_craftsman_labourer"
"Regular Singular","labourer","employer",29.5811576843262,12.5156590938568,"gpt_wee_medium","results_experiment_1_gpt_wee_medium.csv","Regular","Singular",-0.5,-0.5,"set_craftsman_labourer"
"Regular Plural","labourers","employer",35.9238924980164,13.3275134563446,"gpt_wee_medium","results_experiment_1_gpt_wee_medium.csv","Regular","Plural",-0.5,0.5,"set_craftsman_labourer"
"Irregular Singular","craftsman","examination",27.7242240905762,11.9279227256775,"gpt_wee_medium","results_experiment_1_gpt_wee_medium.csv","Irregular","Singular",0.5,-0.5,"set_craftsman_labourer"
"Irregular Plural","craftsmen","examination",29.3906078338623,12.3785347938538,"gpt_wee_medium","results_experiment_1_gpt_wee_medium.csv","Irregular","Plural",0.5,0.5,"set_craftsman_labourer"
"Regular Singular","labourer","examination",29.5811576843262,11.6537194252014,"gpt_wee_medium","results_experiment_1_gpt_wee_medium.csv","Regular","Singular",-0.5,-0.5,"set_craftsman_labourer"
"Regular Plural","labourers","examination",35.9238924980164,11.9857492446899,"gpt_wee_medium","results_experiment_1_gpt_wee_medium.csv","Regular","Plural",-0.5,0.5,"set_craftsman_labourer"
"Irregular Singular","craftsman","hangout",27.7242240905762,15.7452034950256,"gpt_wee_medium","results_experiment_1_gpt_wee_medium.csv","Irregular","Singular",0.5,-0.5,"set_craftsman_labourer"
"Irregular Plural","craftsmen","hangout",29.3906078338623,16.2369208335876,"gpt_wee_medium","results_experiment_1_gpt_wee_medium.csv","Irregular","Plural",0.5,0.5,"set_craftsman_labourer"
"Regular Singular","labourer","hangout",29.5811576843262,16.2114200592041,"gpt_wee_medium","results_experiment_1_gpt_wee_medium.csv","Regular","Singular",-0.5,-0.5,"set_craftsman_labourer"
"Regular Plural","labourers","hangout",35.9238924980164,16.6941542625427,"gpt_wee_medium","results_experiment_1_gpt_wee_medium.csv","Regular","Plural",-0.5,0.5,"set_craftsman_labourer"
"Irregular Singular","craftsman","finder",27.7242240905762,16.377592086792,"gpt_wee_medium","results_experiment_1_gpt_wee_medium.csv","Irregular","Singular",0.5,-0.5,"set_craftsman_labourer"
"Irregular Plural","craftsmen","finder",29.3906078338623,16.4732494354248,"gpt_wee_medium","results_experiment_1_gpt_wee_medium.csv","Irregular","Plural",0.5,0.5,"set_craftsman_labourer"
"Regular Singular","labourer","finder",29.5811576843262,16.3032970428467,"gpt_wee_medium","results_experiment_1_gpt_wee_medium.csv","Regular","Singular",-0.5,-0.5,"set_craftsman_labourer"
"Regular Plural","labourers","finder",35.9238924980164,14.566831111908,"gpt_wee_medium","results_experiment_1_gpt_wee_medium.csv","Regular","Plural",-0.5,0.5,"set_craftsman_labourer"
"Irregular Singular","fireman","examination",19.0305614471436,11.7584898471832,"gpt_wee_medium","results_experiment_1_gpt_wee_medium.csv","Irregular","Singular",0.5,-0.5,"set_fireman_lifeguard"
"Irregular Plural","firemen","examination",20.371636390686,11.9512310028076,"gpt_wee_medium","results_experiment_1_gpt_wee_medium.csv","Irregular","Plural",0.5,0.5,"set_fireman_lifeguard"
"Regular Singular","lifeguard","examination",26.0140657424927,11.9230811595917,"gpt_wee_medium","results_experiment_1_gpt_wee_medium.csv","Regular","Singular",-0.5,-0.5,"set_fireman_lifeguard"
"Regular Plural","lifeguards","examination",27.4745919704437,12.1344735622406,"gpt_wee_medium","results_experiment_1_gpt_wee_medium.csv","Regular","Plural",-0.5,0.5,"set_fireman_lifeguard"
"Irregular Singular","fireman","employer",19.0305614471436,11.8034858703613,"gpt_wee_medium","results_experiment_1_gpt_wee_medium.csv","Irregular","Singular",0.5,-0.5,"set_fireman_lifeguard"
"Irregular Plural","firemen","employer",20.371636390686,11.7184450626373,"gpt_wee_medium","results_experiment_1_gpt_wee_medium.csv","Irregular","Plural",0.5,0.5,"set_fireman_lifeguard"
"Regular Singular","lifeguard","employer",26.0140657424927,12.3751904964447,"gpt_wee_medium","results_experiment_1_gpt_wee_medium.csv","Regular","Singular",-0.5,-0.5,"set_fireman_lifeguard"
"Regular Plural","lifeguards","employer",27.4745919704437,12.9268045425415,"gpt_wee_medium","results_experiment_1_gpt_wee_medium.csv","Regular","Plural",-0.5,0.5,"set_fireman_lifeguard"
"Irregular Singular","fireman","crew",19.0305614471436,9.69993686676025,"gpt_wee_medium","results_experiment_1_gpt_wee_medium.csv","Irregular","Singular",0.5,-0.5,"set_fireman_lifeguard"
"Irregular Plural","firemen","crew",20.371636390686,10.7559871673584,"gpt_wee_medium","results_experiment_1_gpt_wee_medium.csv","Irregular","Plural",0.5,0.5,"set_fireman_lifeguard"
"Regular Singular","lifeguard","crew",26.0140647888184,11.0109224319458,"gpt_wee_medium","results_experiment_1_gpt_wee_medium.csv","Regular","Singular",-0.5,-0.5,"set_fireman_lifeguard"
"Regular Plural","lifeguards","crew",27.4745922088623,11.9436616897583,"gpt_wee_medium","results_experiment_1_gpt_wee_medium.csv","Regular","Plural",-0.5,0.5,"set_fireman_lifeguard"
"Irregular Singular","fireman","patrol",19.0305614471436,11.0645904541016,"gpt_wee_medium","results_experiment_1_gpt_wee_medium.csv","Irregular","Singular",0.5,-0.5,"set_fireman_lifeguard"
"Irregular Plural","firemen","patrol",20.371636390686,12.043532371521,"gpt_wee_medium","results_experiment_1_gpt_wee_medium.csv","Irregular","Plural",0.5,0.5,"set_fireman_lifeguard"
"Regular Singular","lifeguard","patrol",26.0140657424927,11.8613061904907,"gpt_wee_medium","results_experiment_1_gpt_wee_medium.csv","Regular","Singular",-0.5,-0.5,"set_fireman_lifeguard"
"Regular Plural","lifeguards","patrol",27.4745919704437,12.387255191803,"gpt_wee_medium","results_experiment_1_gpt_wee_medium.csv","Regular","Plural",-0.5,0.5,"set_fireman_lifeguard"
"Irregular Singular","goose","protector",21.0874967575073,14.8845434188843,"gpt_wee_small","results_experiment_1_gpt_wee_small.csv","Irregular","Singular",0.5,-0.5,"set_goose_swan"
"Irregular Plural","geese","protector",24.2926330566406,14.6080255508423,"gpt_wee_small","results_experiment_1_gpt_wee_small.csv","Irregular","Plural",0.5,0.5,"set_goose_swan"
"Regular Singular","swan","protector",20.5020217895508,14.8782634735107,"gpt_wee_small","results_experiment_1_gpt_wee_small.csv","Regular","Singular",-0.5,-0.5,"set_goose_swan"
"Regular Plural","swans","protector",21.960253238678,14.9050121307373,"gpt_wee_small","results_experiment_1_gpt_wee_small.csv","Regular","Plural",-0.5,0.5,"set_goose_swan"
"Irregular Singular","goose","trader",21.0874967575073,13.5039663314819,"gpt_wee_small","results_experiment_1_gpt_wee_small.csv","Irregular","Singular",0.5,-0.5,"set_goose_swan"
"Irregular Plural","geese","trader",24.2926330566406,13.1458539962769,"gpt_wee_small","results_experiment_1_gpt_wee_small.csv","Irregular","Plural",0.5,0.5,"set_goose_swan"
"Regular Singular","swan","trader",20.5020217895508,13.1670265197754,"gpt_wee_small","results_experiment_1_gpt_wee_small.csv","Regular","Singular",-0.5,-0.5,"set_goose_swan"
"Regular Plural","swans","trader",21.960253238678,14.4101009368896,"gpt_wee_small","results_experiment_1_gpt_wee_small.csv","Regular","Plural",-0.5,0.5,"set_goose_swan"
"Irregular Singular","goose","tracker",21.0874967575073,15.2034759521484,"gpt_wee_small","results_experiment_1_gpt_wee_small.csv","Irregular","Singular",0.5,-0.5,"set_goose_swan"
"Irregular Plural","geese","tracker",24.2926330566406,15.6318755149841,"gpt_wee_small","results_experiment_1_gpt_wee_small.csv","Irregular","Plural",0.5,0.5,"set_goose_swan"
"Regular Singular","swan","tracker",20.5020217895508,16.0747261047363,"gpt_wee_small","results_experiment_1_gpt_wee_small.csv","Regular","Singular",-0.5,-0.5,"set_goose_swan"
"Regular Plural","swans","tracker",21.960253238678,16.3421640396118,"gpt_wee_small","results_experiment_1_gpt_wee_small.csv","Regular","Plural",-0.5,0.5,"set_goose_swan"
"Irregular Singular","goose","expert",21.0874967575073,11.4518184661865,"gpt_wee_small","results_experiment_1_gpt_wee_small.csv","Irregular","Singular",0.5,-0.5,"set_goose_swan"
"Irregular Plural","geese","expert",24.2926330566406,12.2783036231995,"gpt_wee_small","results_experiment_1_gpt_wee_small.csv","Irregular","Plural",0.5,0.5,"set_goose_swan"
"Regular Singular","swan","expert",20.5020217895508,13.3266940116882,"gpt_wee_small","results_experiment_1_gpt_wee_small.csv","Regular","Singular",-0.5,-0.5,"set_goose_swan"
"Regular Plural","swans","expert",21.960253238678,14.8711659908295,"gpt_wee_small","results_experiment_1_gpt_wee_small.csv","Regular","Plural",-0.5,0.5,"set_goose_swan"
"Irregular Singular","ox","register",16.9408626556396,10.2379043102264,"gpt_wee_small","results_experiment_1_gpt_wee_small.csv","Irregular","Singular",0.5,-0.5,"set_ox_cow"
"Irregular Plural","oxen","register",23.597617149353,10.8944146633148,"gpt_wee_small","results_experiment_1_gpt_wee_small.csv","Irregular","Plural",0.5,0.5,"set_ox_cow"
"Regular Singular","cow","register",19.7484006881714,10.8582739830017,"gpt_wee_small","results_experiment_1_gpt_wee_small.csv","Regular","Singular",-0.5,-0.5,"set_ox_cow"
"Regular Plural","cows","register",19.0852947235107,11.3630347251892,"gpt_wee_small","results_experiment_1_gpt_wee_small.csv","Regular","Plural",-0.5,0.5,"set_ox_cow"
"Irregular Singular","ox","trader",16.9408626556396,12.2626957893372,"gpt_wee_small","results_experiment_1_gpt_wee_small.csv","Irregular","Singular",0.5,-0.5,"set_ox_cow"
"Irregular Plural","oxen","trader",23.597617149353,12.6493997573853,"gpt_wee_small","results_experiment_1_gpt_wee_small.csv","Irregular","Plural",0.5,0.5,"set_ox_cow"
"Regular Singular","cow","trader",19.7484006881714,14.9698677062988,"gpt_wee_small","results_experiment_1_gpt_wee_small.csv","Regular","Singular",-0.5,-0.5,"set_ox_cow"
"Regular Plural","cows","trader",19.0852947235107,15.6905164718628,"gpt_wee_small","results_experiment_1_gpt_wee_small.csv","Regular","Plural",-0.5,0.5,"set_ox_cow"
"Irregular Singular","ox","tracker",16.9408626556396,16.3375453948975,"gpt_wee_small","results_experiment_1_gpt_wee_small.csv","Irregular","Singular",0.5,-0.5,"set_ox_cow"
"Irregular Plural","oxen","tracker",23.597617149353,16.1529483795166,"gpt_wee_small","results_experiment_1_gpt_wee_small.csv","Irregular","Plural",0.5,0.5,"set_ox_cow"
"Regular Singular","cow","tracker",19.7484006881714,15.2742991447449,"gpt_wee_small","results_experiment_1_gpt_wee_small.csv","Regular","Singular",-0.5,-0.5,"set_ox_cow"
"Regular Plural","cows","tracker",19.0852947235107,15.7161893844604,"gpt_wee_small","results_experiment_1_gpt_wee_small.csv","Regular","Plural",-0.5,0.5,"set_ox_cow"
"Irregular Singular","ox","finder",16.9408626556396,14.2519035339355,"gpt_wee_small","results_experiment_1_gpt_wee_small.csv","Irregular","Singular",0.5,-0.5,"set_ox_cow"
"Irregular Plural","oxen","finder",23.597617149353,14.0299139022827,"gpt_wee_small","results_experiment_1_gpt_wee_small.csv","Irregular","Plural",0.5,0.5,"set_ox_cow"
"Regular Singular","cow","finder",19.7484006881714,14.6501502990723,"gpt_wee_small","results_experiment_1_gpt_wee_small.csv","Regular","Singular",-0.5,-0.5,"set_ox_cow"
"Regular Plural","cows","finder",19.0852947235107,14.3095932006836,"gpt_wee_small","results_experiment_1_gpt_wee_small.csv","Regular","Plural",-0.5,0.5,"set_ox_cow"
"Irregular Singular","louse","issue",19.295581817627,11.4381809234619,"gpt_wee_small","results_experiment_1_gpt_wee_small.csv","Irregular","Singular",0.5,-0.5,"set_louse_flea"
"Irregular Plural","lice","issue",17.414342880249,10.9846210479736,"gpt_wee_small","results_experiment_1_gpt_wee_small.csv","Irregular","Plural",0.5,0.5,"set_louse_flea"
"Regular Singular","flea","issue",20.8197550773621,12.3142356872559,"gpt_wee_small","results_experiment_1_gpt_wee_small.csv","Regular","Singular",-0.5,-0.5,"set_louse_flea"
"Regular Plural","fleas","issue",21.5694828033447,12.7638578414917,"gpt_wee_small","results_experiment_1_gpt_wee_small.csv","Regular","Plural",-0.5,0.5,"set_louse_flea"
"Irregular Singular","louse","trader",19.295581817627,14.4305286407471,"gpt_wee_small","results_experiment_1_gpt_wee_small.csv","Irregular","Singular",0.5,-0.5,"set_louse_flea"
"Irregular Plural","lice","trader",17.414342880249,14.9085836410522,"gpt_wee_small","results_experiment_1_gpt_wee_small.csv","Irregular","Plural",0.5,0.5,"set_louse_flea"
"Regular Singular","flea","trader",20.8197550773621,13.0769062042236,"gpt_wee_small","results_experiment_1_gpt_wee_small.csv","Regular","Singular",-0.5,-0.5,"set_louse_flea"
"Regular Plural","fleas","trader",21.5694828033447,14.2360901832581,"gpt_wee_small","results_experiment_1_gpt_wee_small.csv","Regular","Plural",-0.5,0.5,"set_louse_flea"
"Irregular Singular","louse","tracker",19.295581817627,16.0164175033569,"gpt_wee_small","results_experiment_1_gpt_wee_small.csv","Irregular","Singular",0.5,-0.5,"set_louse_flea"
"Irregular Plural","lice","tracker",17.414342880249,15.7528772354126,"gpt_wee_small","results_experiment_1_gpt_wee_small.csv","Irregular","Plural",0.5,0.5,"set_louse_flea"
"Regular Singular","flea","tracker",20.8197550773621,16.5149922370911,"gpt_wee_small","results_experiment_1_gpt_wee_small.csv","Regular","Singular",-0.5,-0.5,"set_louse_flea"
"Regular Plural","fleas","tracker",21.5694828033447,16.0516939163208,"gpt_wee_small","results_experiment_1_gpt_wee_small.csv","Regular","Plural",-0.5,0.5,"set_louse_flea"
"Irregular Singular","louse","expert",19.295581817627,13.273576259613,"gpt_wee_small","results_experiment_1_gpt_wee_small.csv","Irregular","Singular",0.5,-0.5,"set_louse_flea"
"Irregular Plural","lice","expert",17.414342880249,12.8090724945068,"gpt_wee_small","results_experiment_1_gpt_wee_small.csv","Irregular","Plural",0.5,0.5,"set_louse_flea"
"Regular Singular","flea","expert",20.8197550773621,13.1917848587036,"gpt_wee_small","results_experiment_1_gpt_wee_small.csv","Regular","Singular",-0.5,-0.5,"set_louse_flea"
"Regular Plural","fleas","expert",21.5694828033447,12.8828828334808,"gpt_wee_small","results_experiment_1_gpt_wee_small.csv","Regular","Plural",-0.5,0.5,"set_louse_flea"
"Irregular Singular","mouse","issue",18.660436630249,11.4651660919189,"gpt_wee_small","results_experiment_1_gpt_wee_small.csv","Irregular","Singular",0.5,-0.5,"set_mouse_rat"
"Irregular Plural","mice","issue",17.8065128326416,11.0311002731323,"gpt_wee_small","results_experiment_1_gpt_wee_small.csv","Irregular","Plural",0.5,0.5,"set_mouse_rat"
"Regular Singular","rat","issue",17.6884269714355,12.0105667114258,"gpt_wee_small","results_experiment_1_gpt_wee_small.csv","Regular","Singular",-0.5,-0.5,"set_mouse_rat"
"Regular Plural","rats","issue",17.2889699935913,13.3772573471069,"gpt_wee_small","results_experiment_1_gpt_wee_small.csv","Regular","Plural",-0.5,0.5,"set_mouse_rat"
"Irregular Singular","mouse","trader",18.6604375839233,13.9731206893921,"gpt_wee_small","results_experiment_1_gpt_wee_small.csv","Irregular","Singular",0.5,-0.5,"set_mouse_rat"
"Irregular Plural","mice","trader",17.8065128326416,14.5135116577148,"gpt_wee_small","results_experiment_1_gpt_wee_small.csv","Irregular","Plural",0.5,0.5,"set_mouse_rat"
"Regular Singular","rat","trader",17.6884269714355,14.9191927909851,"gpt_wee_small","results_experiment_1_gpt_wee_small.csv","Regular","Singular",-0.5,-0.5,"set_mouse_rat"
"Regular Plural","rats","trader",17.2889699935913,15.4437322616577,"gpt_wee_small","results_experiment_1_gpt_wee_small.csv","Regular","Plural",-0.5,0.5,"set_mouse_rat"
"Irregular Singular","mouse","tracker",18.6604375839233,15.9736008644104,"gpt_wee_small","results_experiment_1_gpt_wee_small.csv","Irregular","Singular",0.5,-0.5,"set_mouse_rat"
"Irregular Plural","mice","tracker",17.8065128326416,15.7202625274658,"gpt_wee_small","results_experiment_1_gpt_wee_small.csv","Irregular","Plural",0.5,0.5,"set_mouse_rat"
"Regular Singular","rat","tracker",17.6884269714355,16.5332083702087,"gpt_wee_small","results_experiment_1_gpt_wee_small.csv","Regular","Singular",-0.5,-0.5,"set_mouse_rat"
"Regular Plural","rats","tracker",17.2889699935913,16.6172833442688,"gpt_wee_small","results_experiment_1_gpt_wee_small.csv","Regular","Plural",-0.5,0.5,"set_mouse_rat"
"Irregular Singular","mouse","inspector",18.6604375839233,14.2215993404388,"gpt_wee_small","results_experiment_1_gpt_wee_small.csv","Irregular","Singular",0.5,-0.5,"set_mouse_rat"
"Irregular Plural","mice","inspector",17.8065128326416,14.402941942215,"gpt_wee_small","results_experiment_1_gpt_wee_small.csv","Irregular","Plural",0.5,0.5,"set_mouse_rat"
"Regular Singular","rat","inspector",17.6884269714355,13.9825119972229,"gpt_wee_small","results_experiment_1_gpt_wee_small.csv","Regular","Singular",-0.5,-0.5,"set_mouse_rat"
"Regular Plural","rats","inspector",17.2889699935913,14.6266071796417,"gpt_wee_small","results_experiment_1_gpt_wee_small.csv","Regular","Plural",-0.5,0.5,"set_mouse_rat"
"Irregular Singular","foot","issue",13.5174884796143,10.9726619720459,"gpt_wee_small","results_experiment_1_gpt_wee_small.csv","Irregular","Singular",0.5,-0.5,"set_foot_leg"
"Irregular Plural","feet","issue",20.8040409088135,10.2921161651611,"gpt_wee_small","results_experiment_1_gpt_wee_small.csv","Irregular","Plural",0.5,0.5,"set_foot_leg"
"Regular Singular","leg","issue",20.583667755127,10.9476051330566,"gpt_wee_small","results_experiment_1_gpt_wee_small.csv","Regular","Singular",-0.5,-0.5,"set_foot_leg"
"Regular Plural","legs","issue",21.3070368766785,12.2137403488159,"gpt_wee_small","results_experiment_1_gpt_wee_small.csv","Regular","Plural",-0.5,0.5,"set_foot_leg"
"Irregular Singular","foot","examination",13.5174884796143,13.799546957016,"gpt_wee_small","results_experiment_1_gpt_wee_small.csv","Irregular","Singular",0.5,-0.5,"set_foot_leg"
"Irregular Plural","feet","examination",20.8040409088135,12.7129323482513,"gpt_wee_small","results_experiment_1_gpt_wee_small.csv","Irregular","Plural",0.5,0.5,"set_foot_leg"
"Regular Singular","leg","examination",20.583667755127,13.6315677165985,"gpt_wee_small","results_experiment_1_gpt_wee_small.csv","Regular","Singular",-0.5,-0.5,"set_foot_leg"
"Regular Plural","legs","examination",21.3070368766785,13.1278114318848,"gpt_wee_small","results_experiment_1_gpt_wee_small.csv","Regular","Plural",-0.5,0.5,"set_foot_leg"
"Irregular Singular","foot","expert",13.5174884796143,13.1468150615692,"gpt_wee_small","results_experiment_1_gpt_wee_small.csv","Irregular","Singular",0.5,-0.5,"set_foot_leg"
"Irregular Plural","feet","expert",20.8040409088135,12.3268826007843,"gpt_wee_small","results_experiment_1_gpt_wee_small.csv","Irregular","Plural",0.5,0.5,"set_foot_leg"
"Regular Singular","leg","expert",20.583667755127,12.3330121040344,"gpt_wee_small","results_experiment_1_gpt_wee_small.csv","Regular","Singular",-0.5,-0.5,"set_foot_leg"
"Regular Plural","legs","expert",21.3070368766785,13.613796710968,"gpt_wee_small","results_experiment_1_gpt_wee_small.csv","Regular","Plural",-0.5,0.5,"set_foot_leg"
"Irregular Singular","foot","inspector",13.5174884796143,14.2498981952667,"gpt_wee_small","results_experiment_1_gpt_wee_small.csv","Irregular","Singular",0.5,-0.5,"set_foot_leg"
"Irregular Plural","feet","inspector",20.8040409088135,14.4848868846893,"gpt_wee_small","results_experiment_1_gpt_wee_small.csv","Irregular","Plural",0.5,0.5,"set_foot_leg"
"Regular Singular","leg","inspector",20.583667755127,14.1711945533752,"gpt_wee_small","results_experiment_1_gpt_wee_small.csv","Regular","Singular",-0.5,-0.5,"set_foot_leg"
"Regular Plural","legs","inspector",21.3070368766785,13.7364978790283,"gpt_wee_small","results_experiment_1_gpt_wee_small.csv","Regular","Plural",-0.5,0.5,"set_foot_leg"
"Irregular Singular","tooth","issue",19.4923028945923,12.149224281311,"gpt_wee_small","results_experiment_1_gpt_wee_small.csv","Irregular","Singular",0.5,-0.5,"set_tooth_bone"
"Irregular Plural","teeth","issue",24.2709560394287,12.0803537368774,"gpt_wee_small","results_experiment_1_gpt_wee_small.csv","Irregular","Plural",0.5,0.5,"set_tooth_bone"
"Regular Singular","bone","issue",19.6737327575684,12.0556268692017,"gpt_wee_small","results_experiment_1_gpt_wee_small.csv","Regular","Singular",-0.5,-0.5,"set_tooth_bone"
"Regular Plural","bones","issue",18.9695339202881,13.410756111145,"gpt_wee_small","results_experiment_1_gpt_wee_small.csv","Regular","Plural",-0.5,0.5,"set_tooth_bone"
"Irregular Singular","tooth","examination",19.4923028945923,12.2198121547699,"gpt_wee_small","results_experiment_1_gpt_wee_small.csv","Irregular","Singular",0.5,-0.5,"set_tooth_bone"
"Irregular Plural","teeth","examination",24.2709560394287,13.1294219493866,"gpt_wee_small","results_experiment_1_gpt_wee_small.csv","Irregular","Plural",0.5,0.5,"set_tooth_bone"
"Regular Singular","bone","examination",19.6737327575684,13.4887363910675,"gpt_wee_small","results_experiment_1_gpt_wee_small.csv","Regular","Singular",-0.5,-0.5,"set_tooth_bone"
"Regular Plural","bones","examination",18.9695339202881,13.5103936195374,"gpt_wee_small","results_experiment_1_gpt_wee_small.csv","Regular","Plural",-0.5,0.5,"set_tooth_bone"
"Irregular Singular","tooth","expert",19.4923028945923,12.5578227043152,"gpt_wee_small","results_experiment_1_gpt_wee_small.csv","Irregular","Singular",0.5,-0.5,"set_tooth_bone"
"Irregular Plural","teeth","expert",24.2709560394287,12.8877129554749,"gpt_wee_small","results_experiment_1_gpt_wee_small.csv","Irregular","Plural",0.5,0.5,"set_tooth_bone"
"Regular Singular","bone","expert",19.6737327575684,12.804384469986,"gpt_wee_small","results_experiment_1_gpt_wee_small.csv","Regular","Singular",-0.5,-0.5,"set_tooth_bone"
"Regular Plural","bones","expert",18.9695339202881,13.1834833621979,"gpt_wee_small","results_experiment_1_gpt_wee_small.csv","Regular","Plural",-0.5,0.5,"set_tooth_bone"
"Irregular Singular","tooth","protector",19.4923028945923,14.2954359054565,"gpt_wee_small","results_experiment_1_gpt_wee_small.csv","Irregular","Singular",0.5,-0.5,"set_tooth_bone"
"Irregular Plural","teeth","protector",24.2709560394287,14.051342010498,"gpt_wee_small","results_experiment_1_gpt_wee_small.csv","Irregular","Plural",0.5,0.5,"set_tooth_bone"
"Regular Singular","bone","protector",19.6737327575684,14.5488157272339,"gpt_wee_small","results_experiment_1_gpt_wee_small.csv","Regular","Singular",-0.5,-0.5,"set_tooth_bone"
"Regular Plural","bones","protector",18.9695339202881,15.0038857460022,"gpt_wee_small","results_experiment_1_gpt_wee_small.csv","Regular","Plural",-0.5,0.5,"set_tooth_bone"
"Irregular Singular","child","patrol",18.9493327140808,14.6563444137573,"gpt_wee_small","results_experiment_1_gpt_wee_small.csv","Irregular","Singular",0.5,-0.5,"set_child_adult"
"Irregular Plural","children","patrol",21.0411465167999,16.2817029953003,"gpt_wee_small","results_experiment_1_gpt_wee_small.csv","Irregular","Plural",0.5,0.5,"set_child_adult"
"Regular Singular","adult","patrol",23.3322601318359,15.0585289001465,"gpt_wee_small","results_experiment_1_gpt_wee_small.csv","Regular","Singular",-0.5,-0.5,"set_child_adult"
"Regular Plural","adults","patrol",24.4529881477356,17.185604095459,"gpt_wee_small","results_experiment_1_gpt_wee_small.csv","Regular","Plural",-0.5,0.5,"set_child_adult"
"Irregular Singular","child","register",18.9493327140808,9.87981295585632,"gpt_wee_small","results_experiment_1_gpt_wee_small.csv","Irregular","Singular",0.5,-0.5,"set_child_adult"
"Irregular Plural","children","register",21.0411465167999,11.355952501297,"gpt_wee_small","results_experiment_1_gpt_wee_small.csv","Irregular","Plural",0.5,0.5,"set_child_adult"
"Regular Singular","adult","register",23.3322601318359,10.2838163375854,"gpt_wee_small","results_experiment_1_gpt_wee_small.csv","Regular","Singular",-0.5,-0.5,"set_child_adult"
"Regular Plural","adults","register",24.4529881477356,11.8059251308441,"gpt_wee_small","results_experiment_1_gpt_wee_small.csv","Regular","Plural",-0.5,0.5,"set_child_adult"
"Irregular Singular","child","institute",18.9493327140808,9.54155945777893,"gpt_wee_small","results_experiment_1_gpt_wee_small.csv","Irregular","Singular",0.5,-0.5,"set_child_adult"
"Irregular Plural","children","institute",21.0411465167999,9.81231427192688,"gpt_wee_small","results_experiment_1_gpt_wee_small.csv","Irregular","Plural",0.5,0.5,"set_child_adult"
"Regular Singular","adult","institute",23.3322601318359,9.73149037361145,"gpt_wee_small","results_experiment_1_gpt_wee_small.csv","Regular","Singular",-0.5,-0.5,"set_child_adult"
"Regular Plural","adults","institute",24.4529881477356,11.3483674526215,"gpt_wee_small","results_experiment_1_gpt_wee_small.csv","Regular","Plural",-0.5,0.5,"set_child_adult"
"Irregular Singular","child","crew",18.9493327140808,10.118091583252,"gpt_wee_small","results_experiment_1_gpt_wee_small.csv","Irregular","Singular",0.5,-0.5,"set_child_adult"
"Irregular Plural","children","crew",21.0411465167999,9.46275329589844,"gpt_wee_small","results_experiment_1_gpt_wee_small.csv","Irregular","Plural",0.5,0.5,"set_child_adult"
"Regular Singular","adult","crew",23.3322601318359,11.137752532959,"gpt_wee_small","results_experiment_1_gpt_wee_small.csv","Regular","Singular",-0.5,-0.5,"set_child_adult"
"Regular Plural","adults","crew",24.4529881477356,11.6573762893677,"gpt_wee_small","results_experiment_1_gpt_wee_small.csv","Regular","Plural",-0.5,0.5,"set_child_adult"
"Irregular Singular","woman","protector",11.8213286399841,15.4225306510925,"gpt_wee_small","results_experiment_1_gpt_wee_small.csv","Irregular","Singular",0.5,-0.5,"set_woman_girl"
"Irregular Plural","women","protector",18.7924394607544,14.3383846282959,"gpt_wee_small","results_experiment_1_gpt_wee_small.csv","Irregular","Plural",0.5,0.5,"set_woman_girl"
"Regular Singular","girl","protector",18.2427740097046,15.1654329299927,"gpt_wee_small","results_experiment_1_gpt_wee_small.csv","Regular","Singular",-0.5,-0.5,"set_woman_girl"
"Regular Plural","girls","protector",17.9485065937042,15.2432126998901,"gpt_wee_small","results_experiment_1_gpt_wee_small.csv","Regular","Plural",-0.5,0.5,"set_woman_girl"
"Irregular Singular","woman","register",11.8213286399841,10.9683895111084,"gpt_wee_small","results_experiment_1_gpt_wee_small.csv","Irregular","Singular",0.5,-0.5,"set_woman_girl"
"Irregular Plural","women","register",18.7924394607544,10.9106800556183,"gpt_wee_small","results_experiment_1_gpt_wee_small.csv","Irregular","Plural",0.5,0.5,"set_woman_girl"
"Regular Singular","girl","register",18.2427740097046,10.7353174686432,"gpt_wee_small","results_experiment_1_gpt_wee_small.csv","Regular","Singular",-0.5,-0.5,"set_woman_girl"
"Regular Plural","girls","register",17.9485065937042,11.7710905075073,"gpt_wee_small","results_experiment_1_gpt_wee_small.csv","Regular","Plural",-0.5,0.5,"set_woman_girl"
"Irregular Singular","woman","hangout",11.8213286399841,17.350757598877,"gpt_wee_small","results_experiment_1_gpt_wee_small.csv","Irregular","Singular",0.5,-0.5,"set_woman_girl"
"Irregular Plural","women","hangout",18.7924394607544,17.7981014251709,"gpt_wee_small","results_experiment_1_gpt_wee_small.csv","Irregular","Plural",0.5,0.5,"set_woman_girl"
"Regular Singular","girl","hangout",18.2427740097046,18.159161567688,"gpt_wee_small","results_experiment_1_gpt_wee_small.csv","Regular","Singular",-0.5,-0.5,"set_woman_girl"
"Regular Plural","girls","hangout",17.9485065937042,18.4418697357178,"gpt_wee_small","results_experiment_1_gpt_wee_small.csv","Regular","Plural",-0.5,0.5,"set_woman_girl"
"Irregular Singular","woman","crew",11.8213286399841,10.4407691955566,"gpt_wee_small","results_experiment_1_gpt_wee_small.csv","Irregular","Singular",0.5,-0.5,"set_woman_girl"
"Irregular Plural","women","crew",18.7924394607544,9.74406242370605,"gpt_wee_small","results_experiment_1_gpt_wee_small.csv","Irregular","Plural",0.5,0.5,"set_woman_girl"
"Regular Singular","girl","crew",18.2427740097046,10.0714931488037,"gpt_wee_small","results_experiment_1_gpt_wee_small.csv","Regular","Singular",-0.5,-0.5,"set_woman_girl"
"Regular Plural","girls","crew",17.9485065937042,10.9893741607666,"gpt_wee_small","results_experiment_1_gpt_wee_small.csv","Regular","Plural",-0.5,0.5,"set_woman_girl"
"Irregular Singular","man","institute",8.25369834899902,9.3755509853363,"gpt_wee_small","results_experiment_1_gpt_wee_small.csv","Irregular","Singular",0.5,-0.5,"set_man_boy"
"Irregular Plural","men","institute",9.78722667694092,9.6931312084198,"gpt_wee_small","results_experiment_1_gpt_wee_small.csv","Irregular","Plural",0.5,0.5,"set_man_boy"
"Regular Singular","boy","institute",14.4890959262848,11.0439929962158,"gpt_wee_small","results_experiment_1_gpt_wee_small.csv","Regular","Singular",-0.5,-0.5,"set_man_boy"
"Regular Plural","boys","institute",15.7669041156769,11.0832395553589,"gpt_wee_small","results_experiment_1_gpt_wee_small.csv","Regular","Plural",-0.5,0.5,"set_man_boy"
"Irregular Singular","man","register",8.25369834899902,10.4178743362427,"gpt_wee_small","results_experiment_1_gpt_wee_small.csv","Irregular","Singular",0.5,-0.5,"set_man_boy"
"Irregular Plural","men","register",9.78722667694092,10.7763571739197,"gpt_wee_small","results_experiment_1_gpt_wee_small.csv","Irregular","Plural",0.5,0.5,"set_man_boy"
"Regular Singular","boy","register",14.4890959262848,10.9836974143982,"gpt_wee_small","results_experiment_1_gpt_wee_small.csv","Regular","Singular",-0.5,-0.5,"set_man_boy"
"Regular Plural","boys","register",15.7669041156769,11.223687171936,"gpt_wee_small","results_experiment_1_gpt_wee_small.csv","Regular","Plural",-0.5,0.5,"set_man_boy"
"Irregular Singular","man","finder",8.25369834899902,14.1088190078735,"gpt_wee_small","results_experiment_1_gpt_wee_small.csv","Irregular","Singular",0.5,-0.5,"set_man_boy"
"Irregular Plural","men","finder",9.78722667694092,13.9443187713623,"gpt_wee_small","results_experiment_1_gpt_wee_small.csv","Irregular","Plural",0.5,0.5,"set_man_boy"
"Regular Singular","boy","finder",14.4890959262848,13.9542407989502,"gpt_wee_small","results_experiment_1_gpt_wee_small.csv","Regular","Singular",-0.5,-0.5,"set_man_boy"
"Regular Plural","boys","finder",15.7669041156769,14.0921516418457,"gpt_wee_small","results_experiment_1_gpt_wee_small.csv","Regular","Plural",-0.5,0.5,"set_man_boy"
"Irregular Singular","man","hangout",8.25369834899902,18.0751781463623,"gpt_wee_small","results_experiment_1_gpt_wee_small.csv","Irregular","Singular",0.5,-0.5,"set_man_boy"
"Irregular Plural","men","hangout",9.78722667694092,17.4976940155029,"gpt_wee_small","results_experiment_1_gpt_wee_small.csv","Irregular","Plural",0.5,0.5,"set_man_boy"
"Regular Singular","boy","hangout",14.4890959262848,18.5474739074707,"gpt_wee_small","results_experiment_1_gpt_wee_small.csv","Regular","Singular",-0.5,-0.5,"set_man_boy"
"Regular Plural","boys","hangout",15.7669041156769,18.1563243865967,"gpt_wee_small","results_experiment_1_gpt_wee_small.csv","Regular","Plural",-0.5,0.5,"set_man_boy"
"Irregular Singular","salesman","institute",31.3507103919983,9.20449829101562,"gpt_wee_small","results_experiment_1_gpt_wee_small.csv","Irregular","Singular",0.5,-0.5,"set_salesman_retailer"
"Irregular Plural","salesmen","institute",32.7546863555908,9.58449602127075,"gpt_wee_small","results_experiment_1_gpt_wee_small.csv","Irregular","Plural",0.5,0.5,"set_salesman_retailer"
"Regular Singular","retailer","institute",28.9041786193848,10.1913180351257,"gpt_wee_small","results_experiment_1_gpt_wee_small.csv","Regular","Singular",-0.5,-0.5,"set_salesman_retailer"
"Regular Plural","retailers","institute",29.5373239517212,11.0363628864288,"gpt_wee_small","results_experiment_1_gpt_wee_small.csv","Regular","Plural",-0.5,0.5,"set_salesman_retailer"
"Irregular Singular","salesman","inspector",31.3507103919983,13.9955363273621,"gpt_wee_small","results_experiment_1_gpt_wee_small.csv","Irregular","Singular",0.5,-0.5,"set_salesman_retailer"
"Irregular Plural","salesmen","inspector",32.7546863555908,14.1247148513794,"gpt_wee_small","results_experiment_1_gpt_wee_small.csv","Irregular","Plural",0.5,0.5,"set_salesman_retailer"
"Regular Singular","retailer","inspector",28.9041786193848,13.5099265575409,"gpt_wee_small","results_experiment_1_gpt_wee_small.csv","Regular","Singular",-0.5,-0.5,"set_salesman_retailer"
"Regular Plural","retailers","inspector",29.5373239517212,13.9211313724518,"gpt_wee_small","results_experiment_1_gpt_wee_small.csv","Regular","Plural",-0.5,0.5,"set_salesman_retailer"
"Irregular Singular","salesman","protector",31.3507103919983,14.8040771484375,"gpt_wee_small","results_experiment_1_gpt_wee_small.csv","Irregular","Singular",0.5,-0.5,"set_salesman_retailer"
"Irregular Plural","salesmen","protector",32.7546863555908,14.9020934104919,"gpt_wee_small","results_experiment_1_gpt_wee_small.csv","Irregular","Plural",0.5,0.5,"set_salesman_retailer"
"Regular Singular","retailer","protector",28.9041786193848,14.4899482727051,"gpt_wee_small","results_experiment_1_gpt_wee_small.csv","Regular","Singular",-0.5,-0.5,"set_salesman_retailer"
"Regular Plural","retailers","protector",29.5373239517212,15.1761045455933,"gpt_wee_small","results_experiment_1_gpt_wee_small.csv","Regular","Plural",-0.5,0.5,"set_salesman_retailer"
"Irregular Singular","salesman","employer",31.3507103919983,13.7387280464172,"gpt_wee_small","results_experiment_1_gpt_wee_small.csv","Irregular","Singular",0.5,-0.5,"set_salesman_retailer"
"Irregular Plural","salesmen","employer",32.7546863555908,15.0629911422729,"gpt_wee_small","results_experiment_1_gpt_wee_small.csv","Irregular","Plural",0.5,0.5,"set_salesman_retailer"
"Regular Singular","retailer","employer",28.9041786193848,13.4267137050629,"gpt_wee_small","results_experiment_1_gpt_wee_small.csv","Regular","Singular",-0.5,-0.5,"set_salesman_retailer"
"Regular Plural","retailers","employer",29.5373239517212,14.688295841217,"gpt_wee_small","results_experiment_1_gpt_wee_small.csv","Regular","Plural",-0.5,0.5,"set_salesman_retailer"
"Irregular Singular","nobleman","patrol",25.696204662323,15.741907119751,"gpt_wee_small","results_experiment_1_gpt_wee_small.csv","Irregular","Singular",0.5,-0.5,"set_nobleman_aristocrat"
"Irregular Plural","noblemen","patrol",27.8793454170227,15.6772632598877,"gpt_wee_small","results_experiment_1_gpt_wee_small.csv","Irregular","Plural",0.5,0.5,"set_nobleman_aristocrat"
"Regular Singular","aristocrat","patrol",38.928147315979,14.8904995918274,"gpt_wee_small","results_experiment_1_gpt_wee_small.csv","Regular","Singular",-0.5,-0.5,"set_nobleman_aristocrat"
"Regular Plural","aristocrats","patrol",39.5809717178345,16.5118193626404,"gpt_wee_small","results_experiment_1_gpt_wee_small.csv","Regular","Plural",-0.5,0.5,"set_nobleman_aristocrat"
"Irregular Singular","nobleman","hangout",25.696204662323,18.4217557907104,"gpt_wee_small","results_experiment_1_gpt_wee_small.csv","Irregular","Singular",0.5,-0.5,"set_nobleman_aristocrat"
"Irregular Plural","noblemen","hangout",27.8793454170227,17.9117765426636,"gpt_wee_small","results_experiment_1_gpt_wee_small.csv","Irregular","Plural",0.5,0.5,"set_nobleman_aristocrat"
"Regular Singular","aristocrat","hangout",38.928147315979,18.603515625,"gpt_wee_small","results_experiment_1_gpt_wee_small.csv","Regular","Singular",-0.5,-0.5,"set_nobleman_aristocrat"
"Regular Plural","aristocrats","hangout",39.5809707641602,17.2460060119629,"gpt_wee_small","results_experiment_1_gpt_wee_small.csv","Regular","Plural",-0.5,0.5,"set_nobleman_aristocrat"
"Irregular Singular","nobleman","institute",25.696204662323,9.59831571578979,"gpt_wee_small","results_experiment_1_gpt_wee_small.csv","Irregular","Singular",0.5,-0.5,"set_nobleman_aristocrat"
"Irregular Plural","noblemen","institute",27.8793454170227,9.67423844337463,"gpt_wee_small","results_experiment_1_gpt_wee_small.csv","Irregular","Plural",0.5,0.5,"set_nobleman_aristocrat"
"Regular Singular","aristocrat","institute",38.928147315979,9.59987115859985,"gpt_wee_small","results_experiment_1_gpt_wee_small.csv","Regular","Singular",-0.5,-0.5,"set_nobleman_aristocrat"
"Regular Plural","aristocrats","institute",39.5809707641602,11.1849102973938,"gpt_wee_small","results_experiment_1_gpt_wee_small.csv","Regular","Plural",-0.5,0.5,"set_nobleman_aristocrat"
"Irregular Singular","nobleman","crew",25.696204662323,9.94245147705078,"gpt_wee_small","results_experiment_1_gpt_wee_small.csv","Irregular","Singular",0.5,-0.5,"set_nobleman_aristocrat"
"Irregular Plural","noblemen","crew",27.8793454170227,10.2318840026855,"gpt_wee_small","results_experiment_1_gpt_wee_small.csv","Irregular","Plural",0.5,0.5,"set_nobleman_aristocrat"
"Regular Singular","aristocrat","crew",38.928147315979,10.3409481048584,"gpt_wee_small","results_experiment_1_gpt_wee_small.csv","Regular","Singular",-0.5,-0.5,"set_nobleman_aristocrat"
"Regular Plural","aristocrats","crew",39.5809707641602,11.3105669021606,"gpt_wee_small","results_experiment_1_gpt_wee_small.csv","Regular","Plural",-0.5,0.5,"set_nobleman_aristocrat"
"Irregular Singular","boatman","patrol",22.8277435302734,15.1450543403625,"gpt_wee_small","results_experiment_1_gpt_wee_small.csv","Irregular","Singular",0.5,-0.5,"set_boatman_shipmate"
"Irregular Plural","boatmen","patrol",25.2586050033569,15.2139902114868,"gpt_wee_small","results_experiment_1_gpt_wee_small.csv","Irregular","Plural",0.5,0.5,"set_boatman_shipmate"
"Regular Singular","shipmate","patrol",24.1134386062622,15.2792224884033,"gpt_wee_small","results_experiment_1_gpt_wee_small.csv","Regular","Singular",-0.5,-0.5,"set_boatman_shipmate"
"Regular Plural","shipmates","patrol",23.7740454673767,16.5720052719116,"gpt_wee_small","results_experiment_1_gpt_wee_small.csv","Regular","Plural",-0.5,0.5,"set_boatman_shipmate"
"Irregular Singular","boatman","finder",22.8277435302734,13.8482856750488,"gpt_wee_small","results_experiment_1_gpt_wee_small.csv","Irregular","Singular",0.5,-0.5,"set_boatman_shipmate"
"Irregular Plural","boatmen","finder",25.2586050033569,13.7009935379028,"gpt_wee_small","results_experiment_1_gpt_wee_small.csv","Irregular","Plural",0.5,0.5,"set_boatman_shipmate"
"Regular Singular","shipmate","finder",24.1134386062622,13.2294993400574,"gpt_wee_small","results_experiment_1_gpt_wee_small.csv","Regular","Singular",-0.5,-0.5,"set_boatman_shipmate"
"Regular Plural","shipmates","finder",23.7740454673767,12.9513034820557,"gpt_wee_small","results_experiment_1_gpt_wee_small.csv","Regular","Plural",-0.5,0.5,"set_boatman_shipmate"
"Irregular Singular","boatman","inspector",22.8277435302734,14.0265562534332,"gpt_wee_small","results_experiment_1_gpt_wee_small.csv","Irregular","Singular",0.5,-0.5,"set_boatman_shipmate"
"Irregular Plural","boatmen","inspector",25.2586050033569,14.1037998199463,"gpt_wee_small","results_experiment_1_gpt_wee_small.csv","Irregular","Plural",0.5,0.5,"set_boatman_shipmate"
"Regular Singular","shipmate","inspector",24.1134386062622,13.2084379196167,"gpt_wee_small","results_experiment_1_gpt_wee_small.csv","Regular","Singular",-0.5,-0.5,"set_boatman_shipmate"
"Regular Plural","shipmates","inspector",23.7740454673767,13.821545124054,"gpt_wee_small","results_experiment_1_gpt_wee_small.csv","Regular","Plural",-0.5,0.5,"set_boatman_shipmate"
"Irregular Singular","boatman","employer",22.8277435302734,13.4285888671875,"gpt_wee_small","results_experiment_1_gpt_wee_small.csv","Irregular","Singular",0.5,-0.5,"set_boatman_shipmate"
"Irregular Plural","boatmen","employer",25.2586050033569,14.498619556427,"gpt_wee_small","results_experiment_1_gpt_wee_small.csv","Irregular","Plural",0.5,0.5,"set_boatman_shipmate"
"Regular Singular","shipmate","employer",24.1134386062622,12.2212729454041,"gpt_wee_small","results_experiment_1_gpt_wee_small.csv","Regular","Singular",-0.5,-0.5,"set_boatman_shipmate"
"Regular Plural","shipmates","employer",23.7740454673767,14.3681478500366,"gpt_wee_small","results_experiment_1_gpt_wee_small.csv","Regular","Plural",-0.5,0.5,"set_boatman_shipmate"
"Irregular Singular","craftsman","employer",25.8812117576599,13.5674438476562,"gpt_wee_small","results_experiment_1_gpt_wee_small.csv","Irregular","Singular",0.5,-0.5,"set_craftsman_labourer"
"Irregular Plural","craftsmen","employer",27.1235809326172,14.7417318820953,"gpt_wee_small","results_experiment_1_gpt_wee_small.csv","Irregular","Plural",0.5,0.5,"set_craftsman_labourer"
"Regular Singular","labourer","employer",32.0848984718323,12.9433400630951,"gpt_wee_small","results_experiment_1_gpt_wee_small.csv","Regular","Singular",-0.5,-0.5,"set_craftsman_labourer"
"Regular Plural","labourers","employer",34.7809643745422,15.0254464149475,"gpt_wee_small","results_experiment_1_gpt_wee_small.csv","Regular","Plural",-0.5,0.5,"set_craftsman_labourer"
"Irregular Singular","craftsman","examination",25.8812112808228,12.4201173782349,"gpt_wee_small","results_experiment_1_gpt_wee_small.csv","Irregular","Singular",0.5,-0.5,"set_craftsman_labourer"
"Irregular Plural","craftsmen","examination",27.1235795021057,12.7693841457367,"gpt_wee_small","results_experiment_1_gpt_wee_small.csv","Irregular","Plural",0.5,0.5,"set_craftsman_labourer"
"Regular Singular","labourer","examination",32.0848965644836,13.3034598827362,"gpt_wee_small","results_experiment_1_gpt_wee_small.csv","Regular","Singular",-0.5,-0.5,"set_craftsman_labourer"
"Regular Plural","labourers","examination",34.7809643745422,14.1643621921539,"gpt_wee_small","results_experiment_1_gpt_wee_small.csv","Regular","Plural",-0.5,0.5,"set_craftsman_labourer"
"Irregular Singular","craftsman","hangout",25.8812117576599,17.788722038269,"gpt_wee_small","results_experiment_1_gpt_wee_small.csv","Irregular","Singular",0.5,-0.5,"set_craftsman_labourer"
"Irregular Plural","craftsmen","hangout",27.1235809326172,17.3537693023682,"gpt_wee_small","results_experiment_1_gpt_wee_small.csv","Irregular","Plural",0.5,0.5,"set_craftsman_labourer"
"Regular Singular","labourer","hangout",32.0848984718323,18.7483377456665,"gpt_wee_small","results_experiment_1_gpt_wee_small.csv","Regular","Singular",-0.5,-0.5,"set_craftsman_labourer"
"Regular Plural","labourers","hangout",34.7809643745422,18.0277309417725,"gpt_wee_small","results_experiment_1_gpt_wee_small.csv","Regular","Plural",-0.5,0.5,"set_craftsman_labourer"
"Irregular Singular","craftsman","finder",25.8812117576599,13.5229778289795,"gpt_wee_small","results_experiment_1_gpt_wee_small.csv","Irregular","Singular",0.5,-0.5,"set_craftsman_labourer"
"Irregular Plural","craftsmen","finder",27.1235809326172,13.3714489936829,"gpt_wee_small","results_experiment_1_gpt_wee_small.csv","Irregular","Plural",0.5,0.5,"set_craftsman_labourer"
"Regular Singular","labourer","finder",32.0848984718323,14.4502258300781,"gpt_wee_small","results_experiment_1_gpt_wee_small.csv","Regular","Singular",-0.5,-0.5,"set_craftsman_labourer"
"Regular Plural","labourers","finder",34.7809643745422,13.6052598953247,"gpt_wee_small","results_experiment_1_gpt_wee_small.csv","Regular","Plural",-0.5,0.5,"set_craftsman_labourer"
"Irregular Singular","fireman","examination",20.4985094070435,13.0519642829895,"gpt_wee_small","results_experiment_1_gpt_wee_small.csv","Irregular","Singular",0.5,-0.5,"set_fireman_lifeguard"
"Irregular Plural","firemen","examination",22.1110219955444,13.3060057163239,"gpt_wee_small","results_experiment_1_gpt_wee_small.csv","Irregular","Plural",0.5,0.5,"set_fireman_lifeguard"
"Regular Singular","lifeguard","examination",32.5217928886414,12.5069541931152,"gpt_wee_small","results_experiment_1_gpt_wee_small.csv","Regular","Singular",-0.5,-0.5,"set_fireman_lifeguard"
"Regular Plural","lifeguards","examination",33.1847400665283,13.2443919181824,"gpt_wee_small","results_experiment_1_gpt_wee_small.csv","Regular","Plural",-0.5,0.5,"set_fireman_lifeguard"
"Irregular Singular","fireman","employer",20.4985094070435,13.8267939090729,"gpt_wee_small","results_experiment_1_gpt_wee_small.csv","Irregular","Singular",0.5,-0.5,"set_fireman_lifeguard"
"Irregular Plural","firemen","employer",22.1110219955444,14.7302601337433,"gpt_wee_small","results_experiment_1_gpt_wee_small.csv","Irregular","Plural",0.5,0.5,"set_fireman_lifeguard"
"Regular Singular","lifeguard","employer",32.5217928886414,13.6142618656158,"gpt_wee_small","results_experiment_1_gpt_wee_small.csv","Regular","Singular",-0.5,-0.5,"set_fireman_lifeguard"
"Regular Plural","lifeguards","employer",33.1847400665283,15.1545526981354,"gpt_wee_small","results_experiment_1_gpt_wee_small.csv","Regular","Plural",-0.5,0.5,"set_fireman_lifeguard"
"Irregular Singular","fireman","crew",20.4985094070435,9.8057279586792,"gpt_wee_small","results_experiment_1_gpt_wee_small.csv","Irregular","Singular",0.5,-0.5,"set_fireman_lifeguard"
"Irregular Plural","firemen","crew",22.1110219955444,10.2045211791992,"gpt_wee_small","results_experiment_1_gpt_wee_small.csv","Irregular","Plural",0.5,0.5,"set_fireman_lifeguard"
"Regular Singular","lifeguard","crew",32.5217928886414,10.4050674438477,"gpt_wee_small","results_experiment_1_gpt_wee_small.csv","Regular","Singular",-0.5,-0.5,"set_fireman_lifeguard"
"Regular Plural","lifeguards","crew",33.1847400665283,10.8078908920288,"gpt_wee_small","results_experiment_1_gpt_wee_small.csv","Regular","Plural",-0.5,0.5,"set_fireman_lifeguard"
"Irregular Singular","fireman","patrol",20.4985094070435,15.4269752502441,"gpt_wee_small","results_experiment_1_gpt_wee_small.csv","Irregular","Singular",0.5,-0.5,"set_fireman_lifeguard"
"Irregular Plural","firemen","patrol",22.1110219955444,15.3603577613831,"gpt_wee_small","results_experiment_1_gpt_wee_small.csv","Irregular","Plural",0.5,0.5,"set_fireman_lifeguard"
"Regular Singular","lifeguard","patrol",32.5217928886414,15.79962682724,"gpt_wee_small","results_experiment_1_gpt_wee_small.csv","Regular","Singular",-0.5,-0.5,"set_fireman_lifeguard"
"Regular Plural","lifeguards","patrol",33.1847400665283,16.6317791938782,"gpt_wee_small","results_experiment_1_gpt_wee_small.csv","Regular","Plural",-0.5,0.5,"set_fireman_lifeguard"
"Irregular Singular","goose","protector",12.2757740020752,15.6894693374634,"MOEP","results_experiment_1_MOEP.csv","Irregular","Singular",0.5,-0.5,"set_goose_swan"
"Irregular Plural","geese","protector",14.8564462661743,16.2065854072571,"MOEP","results_experiment_1_MOEP.csv","Irregular","Plural",0.5,0.5,"set_goose_swan"
"Regular Singular","swan","protector",15.5124111175537,13.6847953796387,"MOEP","results_experiment_1_MOEP.csv","Regular","Singular",-0.5,-0.5,"set_goose_swan"
"Regular Plural","swans","protector",15.624969959259,15.8852243423462,"MOEP","results_experiment_1_MOEP.csv","Regular","Plural",-0.5,0.5,"set_goose_swan"
"Irregular Singular","goose","trader",12.2757730484009,14.9530534744263,"MOEP","results_experiment_1_MOEP.csv","Irregular","Singular",0.5,-0.5,"set_goose_swan"
"Irregular Plural","geese","trader",14.8564457893372,14.5079808235168,"MOEP","results_experiment_1_MOEP.csv","Irregular","Plural",0.5,0.5,"set_goose_swan"
"Regular Singular","swan","trader",15.5124111175537,14.5770506858826,"MOEP","results_experiment_1_MOEP.csv","Regular","Singular",-0.5,-0.5,"set_goose_swan"
"Regular Plural","swans","trader",15.624969959259,16.8529043197632,"MOEP","results_experiment_1_MOEP.csv","Regular","Plural",-0.5,0.5,"set_goose_swan"
"Irregular Singular","goose","tracker",12.2757730484009,14.8222460746765,"MOEP","results_experiment_1_MOEP.csv","Irregular","Singular",0.5,-0.5,"set_goose_swan"
"Irregular Plural","geese","tracker",14.8564457893372,14.3743233680725,"MOEP","results_experiment_1_MOEP.csv","Irregular","Plural",0.5,0.5,"set_goose_swan"
"Regular Singular","swan","tracker",15.5124111175537,15.8230495452881,"MOEP","results_experiment_1_MOEP.csv","Regular","Singular",-0.5,-0.5,"set_goose_swan"
"Regular Plural","swans","tracker",15.624969959259,16.629234790802,"MOEP","results_experiment_1_MOEP.csv","Regular","Plural",-0.5,0.5,"set_goose_swan"
"Irregular Singular","goose","expert",12.2757740020752,10.4842386245728,"MOEP","results_experiment_1_MOEP.csv","Irregular","Singular",0.5,-0.5,"set_goose_swan"
"Irregular Plural","geese","expert",14.8564462661743,11.2083034515381,"MOEP","results_experiment_1_MOEP.csv","Irregular","Plural",0.5,0.5,"set_goose_swan"
"Regular Singular","swan","expert",15.512416601181,9.97149658203125,"MOEP","results_experiment_1_MOEP.csv","Regular","Singular",-0.5,-0.5,"set_goose_swan"
"Regular Plural","swans","expert",15.6249673366547,9.96121025085449,"MOEP","results_experiment_1_MOEP.csv","Regular","Plural",-0.5,0.5,"set_goose_swan"
"Irregular Singular","ox","register",11.0888843536377,11.634449005127,"MOEP","results_experiment_1_MOEP.csv","Irregular","Singular",0.5,-0.5,"set_ox_cow"
"Irregular Plural","oxen","register",13.9944152832031,12.7912330627441,"MOEP","results_experiment_1_MOEP.csv","Irregular","Plural",0.5,0.5,"set_ox_cow"
"Regular Singular","cow","register",11.8864822387695,13.2666606903076,"MOEP","results_experiment_1_MOEP.csv","Regular","Singular",-0.5,-0.5,"set_ox_cow"
"Regular Plural","cows","register",13.0454959869385,13.2137489318848,"MOEP","results_experiment_1_MOEP.csv","Regular","Plural",-0.5,0.5,"set_ox_cow"
"Irregular Singular","ox","trader",11.0888833999634,15.965829372406,"MOEP","results_experiment_1_MOEP.csv","Irregular","Singular",0.5,-0.5,"set_ox_cow"
"Irregular Plural","oxen","trader",13.9944152832031,18.9909734725952,"MOEP","results_experiment_1_MOEP.csv","Irregular","Plural",0.5,0.5,"set_ox_cow"
"Regular Singular","cow","trader",11.8864803314209,14.8493628501892,"MOEP","results_experiment_1_MOEP.csv","Regular","Singular",-0.5,-0.5,"set_ox_cow"
"Regular Plural","cows","trader",13.0454940795898,17.9247078895569,"MOEP","results_experiment_1_MOEP.csv","Regular","Plural",-0.5,0.5,"set_ox_cow"
"Irregular Singular","ox","tracker",11.0888833999634,16.0485320091248,"MOEP","results_experiment_1_MOEP.csv","Irregular","Singular",0.5,-0.5,"set_ox_cow"
"Irregular Plural","oxen","tracker",13.9944152832031,17.6011657714844,"MOEP","results_experiment_1_MOEP.csv","Irregular","Plural",0.5,0.5,"set_ox_cow"
"Regular Singular","cow","tracker",11.8864803314209,13.5827236175537,"MOEP","results_experiment_1_MOEP.csv","Regular","Singular",-0.5,-0.5,"set_ox_cow"
"Regular Plural","cows","tracker",13.0454940795898,16.3472394943237,"MOEP","results_experiment_1_MOEP.csv","Regular","Plural",-0.5,0.5,"set_ox_cow"
"Irregular Singular","ox","finder",11.0888833999634,17.0851912498474,"MOEP","results_experiment_1_MOEP.csv","Irregular","Singular",0.5,-0.5,"set_ox_cow"
"Irregular Plural","oxen","finder",13.9944162368774,18.1254854202271,"MOEP","results_experiment_1_MOEP.csv","Irregular","Plural",0.5,0.5,"set_ox_cow"
"Regular Singular","cow","finder",11.8864803314209,15.3720216751099,"MOEP","results_experiment_1_MOEP.csv","Regular","Singular",-0.5,-0.5,"set_ox_cow"
"Regular Plural","cows","finder",13.0454940795898,16.5058250427246,"MOEP","results_experiment_1_MOEP.csv","Regular","Plural",-0.5,0.5,"set_ox_cow"
"Irregular Singular","louse","issue",15.536388874054,12.7843036651611,"MOEP","results_experiment_1_MOEP.csv","Irregular","Singular",0.5,-0.5,"set_louse_flea"
"Irregular Plural","lice","issue",16.5572419166565,11.6894941329956,"MOEP","results_experiment_1_MOEP.csv","Irregular","Plural",0.5,0.5,"set_louse_flea"
"Regular Singular","flea","issue",13.6547305583954,10.4439601898193,"MOEP","results_experiment_1_MOEP.csv","Regular","Singular",-0.5,-0.5,"set_louse_flea"
"Regular Plural","fleas","issue",16.7527685165405,11.2543439865112,"MOEP","results_experiment_1_MOEP.csv","Regular","Plural",-0.5,0.5,"set_louse_flea"
"Irregular Singular","louse","trader",15.5363883972168,15.6697874069214,"MOEP","results_experiment_1_MOEP.csv","Irregular","Singular",0.5,-0.5,"set_louse_flea"
"Irregular Plural","lice","trader",16.5572443008423,15.1559438705444,"MOEP","results_experiment_1_MOEP.csv","Irregular","Plural",0.5,0.5,"set_louse_flea"
"Regular Singular","flea","trader",13.6547310352325,15.4906444549561,"MOEP","results_experiment_1_MOEP.csv","Regular","Singular",-0.5,-0.5,"set_louse_flea"
"Regular Plural","fleas","trader",16.7527694702148,16.1139903068542,"MOEP","results_experiment_1_MOEP.csv","Regular","Plural",-0.5,0.5,"set_louse_flea"
"Irregular Singular","louse","tracker",15.5363883972168,16.729353427887,"MOEP","results_experiment_1_MOEP.csv","Irregular","Singular",0.5,-0.5,"set_louse_flea"
"Irregular Plural","lice","tracker",16.5572443008423,15.0467195510864,"MOEP","results_experiment_1_MOEP.csv","Irregular","Plural",0.5,0.5,"set_louse_flea"
"Regular Singular","flea","tracker",13.6547310352325,16.1679363250732,"MOEP","results_experiment_1_MOEP.csv","Regular","Singular",-0.5,-0.5,"set_louse_flea"
"Regular Plural","fleas","tracker",16.7527694702148,15.978497505188,"MOEP","results_experiment_1_MOEP.csv","Regular","Plural",-0.5,0.5,"set_louse_flea"
"Irregular Singular","louse","expert",15.536388874054,10.695574760437,"MOEP","results_experiment_1_MOEP.csv","Irregular","Singular",0.5,-0.5,"set_louse_flea"
"Irregular Plural","lice","expert",16.5572419166565,11.6300506591797,"MOEP","results_experiment_1_MOEP.csv","Irregular","Plural",0.5,0.5,"set_louse_flea"
"Regular Singular","flea","expert",13.6547305583954,11.3939304351807,"MOEP","results_experiment_1_MOEP.csv","Regular","Singular",-0.5,-0.5,"set_louse_flea"
"Regular Plural","fleas","expert",16.7527685165405,10.2953157424927,"MOEP","results_experiment_1_MOEP.csv","Regular","Plural",-0.5,0.5,"set_louse_flea"
"Irregular Singular","mouse","issue",10.721658706665,11.6341876983643,"MOEP","results_experiment_1_MOEP.csv","Irregular","Singular",0.5,-0.5,"set_mouse_rat"
"Irregular Plural","mice","issue",11.6289882659912,12.4257316589355,"MOEP","results_experiment_1_MOEP.csv","Irregular","Plural",0.5,0.5,"set_mouse_rat"
"Regular Singular","rat","issue",11.8703155517578,10.8159465789795,"MOEP","results_experiment_1_MOEP.csv","Regular","Singular",-0.5,-0.5,"set_mouse_rat"
"Regular Plural","rats","issue",12.3040142059326,12.3740520477295,"MOEP","results_experiment_1_MOEP.csv","Regular","Plural",-0.5,0.5,"set_mouse_rat"
"Irregular Singular","mouse","trader",10.7216567993164,15.8812122344971,"MOEP","results_experiment_1_MOEP.csv","Irregular","Singular",0.5,-0.5,"set_mouse_rat"
"Irregular Plural","mice","trader",11.6289873123169,18.1931672096252,"MOEP","results_experiment_1_MOEP.csv","Irregular","Plural",0.5,0.5,"set_mouse_rat"
"Regular Singular","rat","trader",11.8703136444092,14.8783750534058,"MOEP","results_experiment_1_MOEP.csv","Regular","Singular",-0.5,-0.5,"set_mouse_rat"
"Regular Plural","rats","trader",12.304012298584,17.8601202964783,"MOEP","results_experiment_1_MOEP.csv","Regular","Plural",-0.5,0.5,"set_mouse_rat"
"Irregular Singular","mouse","tracker",10.7216567993164,15.9915280342102,"MOEP","results_experiment_1_MOEP.csv","Irregular","Singular",0.5,-0.5,"set_mouse_rat"
"Irregular Plural","mice","tracker",11.6289873123169,17.6909198760986,"MOEP","results_experiment_1_MOEP.csv","Irregular","Plural",0.5,0.5,"set_mouse_rat"
"Regular Singular","rat","tracker",11.8703136444092,15.8107757568359,"MOEP","results_experiment_1_MOEP.csv","Regular","Singular",-0.5,-0.5,"set_mouse_rat"
"Regular Plural","rats","tracker",12.304012298584,17.1064043045044,"MOEP","results_experiment_1_MOEP.csv","Regular","Plural",-0.5,0.5,"set_mouse_rat"
"Irregular Singular","mouse","inspector",10.721658706665,10.4040336608887,"MOEP","results_experiment_1_MOEP.csv","Irregular","Singular",0.5,-0.5,"set_mouse_rat"
"Irregular Plural","mice","inspector",11.6289882659912,11.968710899353,"MOEP","results_experiment_1_MOEP.csv","Irregular","Plural",0.5,0.5,"set_mouse_rat"
"Regular Singular","rat","inspector",11.8703145980835,10.1126565933228,"MOEP","results_experiment_1_MOEP.csv","Regular","Singular",-0.5,-0.5,"set_mouse_rat"
"Regular Plural","rats","inspector",12.3040142059326,12.2398490905762,"MOEP","results_experiment_1_MOEP.csv","Regular","Plural",-0.5,0.5,"set_mouse_rat"
"Irregular Singular","foot","issue",10.4550914764404,11.9279146194458,"MOEP","results_experiment_1_MOEP.csv","Irregular","Singular",0.5,-0.5,"set_foot_leg"
"Irregular Plural","feet","issue",9.46402168273926,12.8703498840332,"MOEP","results_experiment_1_MOEP.csv","Irregular","Plural",0.5,0.5,"set_foot_leg"
"Regular Singular","leg","issue",11.6085081100464,10.2671918869019,"MOEP","results_experiment_1_MOEP.csv","Regular","Singular",-0.5,-0.5,"set_foot_leg"
"Regular Plural","legs","issue",11.9926891326904,12.5243911743164,"MOEP","results_experiment_1_MOEP.csv","Regular","Plural",-0.5,0.5,"set_foot_leg"
"Irregular Singular","foot","examination",10.4550914764404,11.735857963562,"MOEP","results_experiment_1_MOEP.csv","Irregular","Singular",0.5,-0.5,"set_foot_leg"
"Irregular Plural","feet","examination",9.46402168273926,12.5355701446533,"MOEP","results_experiment_1_MOEP.csv","Irregular","Plural",0.5,0.5,"set_foot_leg"
"Regular Singular","leg","examination",11.6085081100464,10.5388994216919,"MOEP","results_experiment_1_MOEP.csv","Regular","Singular",-0.5,-0.5,"set_foot_leg"
"Regular Plural","legs","examination",11.9926891326904,12.7843437194824,"MOEP","results_experiment_1_MOEP.csv","Regular","Plural",-0.5,0.5,"set_foot_leg"
"Irregular Singular","foot","expert",10.4550914764404,11.0219917297363,"MOEP","results_experiment_1_MOEP.csv","Irregular","Singular",0.5,-0.5,"set_foot_leg"
"Irregular Plural","feet","expert",9.46402168273926,11.6303405761719,"MOEP","results_experiment_1_MOEP.csv","Irregular","Plural",0.5,0.5,"set_foot_leg"
"Regular Singular","leg","expert",11.6085081100464,9.62330627441406,"MOEP","results_experiment_1_MOEP.csv","Regular","Singular",-0.5,-0.5,"set_foot_leg"
"Regular Plural","legs","expert",11.9926891326904,11.1894550323486,"MOEP","results_experiment_1_MOEP.csv","Regular","Plural",-0.5,0.5,"set_foot_leg"
"Irregular Singular","foot","inspector",10.4550914764404,10.8179836273193,"MOEP","results_experiment_1_MOEP.csv","Irregular","Singular",0.5,-0.5,"set_foot_leg"
"Irregular Plural","feet","inspector",9.46402168273926,12.8245162963867,"MOEP","results_experiment_1_MOEP.csv","Irregular","Plural",0.5,0.5,"set_foot_leg"
"Regular Singular","leg","inspector",11.6085081100464,10.1326322555542,"MOEP","results_experiment_1_MOEP.csv","Regular","Singular",-0.5,-0.5,"set_foot_leg"
"Regular Plural","legs","inspector",11.9926891326904,12.5652961730957,"MOEP","results_experiment_1_MOEP.csv","Regular","Plural",-0.5,0.5,"set_foot_leg"
"Irregular Singular","tooth","issue",11.3730754852295,10.32350730896,"MOEP","results_experiment_1_MOEP.csv","Irregular","Singular",0.5,-0.5,"set_tooth_bone"
"Irregular Plural","teeth","issue",10.1687793731689,12.442569732666,"MOEP","results_experiment_1_MOEP.csv","Irregular","Plural",0.5,0.5,"set_tooth_bone"
"Regular Singular","bone","issue",10.1882658004761,11.6030235290527,"MOEP","results_experiment_1_MOEP.csv","Regular","Singular",-0.5,-0.5,"set_tooth_bone"
"Regular Plural","bones","issue",10.671443939209,12.2122793197632,"MOEP","results_experiment_1_MOEP.csv","Regular","Plural",-0.5,0.5,"set_tooth_bone"
"Irregular Singular","tooth","examination",11.3730754852295,9.84698581695557,"MOEP","results_experiment_1_MOEP.csv","Irregular","Singular",0.5,-0.5,"set_tooth_bone"
"Irregular Plural","teeth","examination",10.1687793731689,12.0217189788818,"MOEP","results_experiment_1_MOEP.csv","Irregular","Plural",0.5,0.5,"set_tooth_bone"
"Regular Singular","bone","examination",10.1882667541504,10.6273574829102,"MOEP","results_experiment_1_MOEP.csv","Regular","Singular",-0.5,-0.5,"set_tooth_bone"
"Regular Plural","bones","examination",10.671443939209,12.0817060470581,"MOEP","results_experiment_1_MOEP.csv","Regular","Plural",-0.5,0.5,"set_tooth_bone"
"Irregular Singular","tooth","expert",11.3730783462524,10.9373044967651,"MOEP","results_experiment_1_MOEP.csv","Irregular","Singular",0.5,-0.5,"set_tooth_bone"
"Irregular Plural","teeth","expert",10.1687793731689,10.7730827331543,"MOEP","results_experiment_1_MOEP.csv","Irregular","Plural",0.5,0.5,"set_tooth_bone"
"Regular Singular","bone","expert",10.1882658004761,10.6537342071533,"MOEP","results_experiment_1_MOEP.csv","Regular","Singular",-0.5,-0.5,"set_tooth_bone"
"Regular Plural","bones","expert",10.6714448928833,10.8235673904419,"MOEP","results_experiment_1_MOEP.csv","Regular","Plural",-0.5,0.5,"set_tooth_bone"
"Irregular Singular","tooth","protector",11.3730773925781,15.0432658195496,"MOEP","results_experiment_1_MOEP.csv","Irregular","Singular",0.5,-0.5,"set_tooth_bone"
"Irregular Plural","teeth","protector",10.1687812805176,17.0657076835632,"MOEP","results_experiment_1_MOEP.csv","Irregular","Plural",0.5,0.5,"set_tooth_bone"
"Regular Singular","bone","protector",10.1882658004761,15.4071435928345,"MOEP","results_experiment_1_MOEP.csv","Regular","Singular",-0.5,-0.5,"set_tooth_bone"
"Regular Plural","bones","protector",10.6714448928833,16.7994112968445,"MOEP","results_experiment_1_MOEP.csv","Regular","Plural",-0.5,0.5,"set_tooth_bone"
"Irregular Singular","child","patrol",12.5066089630127,11.7818536758423,"MOEP","results_experiment_1_MOEP.csv","Irregular","Singular",0.5,-0.5,"set_child_adult"
"Irregular Plural","children","patrol",10.8077144622803,12.975378036499,"MOEP","results_experiment_1_MOEP.csv","Irregular","Plural",0.5,0.5,"set_child_adult"
"Regular Singular","adult","patrol",12.0911064147949,13.5285530090332,"MOEP","results_experiment_1_MOEP.csv","Regular","Singular",-0.5,-0.5,"set_child_adult"
"Regular Plural","adults","patrol",11.6859560012817,13.0486783981323,"MOEP","results_experiment_1_MOEP.csv","Regular","Plural",-0.5,0.5,"set_child_adult"
"Irregular Singular","child","register",12.5066089630127,11.0645484924316,"MOEP","results_experiment_1_MOEP.csv","Irregular","Singular",0.5,-0.5,"set_child_adult"
"Irregular Plural","children","register",10.8077144622803,12.0975770950317,"MOEP","results_experiment_1_MOEP.csv","Irregular","Plural",0.5,0.5,"set_child_adult"
"Regular Singular","adult","register",12.0911064147949,12.2780447006226,"MOEP","results_experiment_1_MOEP.csv","Regular","Singular",-0.5,-0.5,"set_child_adult"
"Regular Plural","adults","register",11.6859569549561,12.2848930358887,"MOEP","results_experiment_1_MOEP.csv","Regular","Plural",-0.5,0.5,"set_child_adult"
"Irregular Singular","child","institute",12.5066089630127,14.1653146743774,"MOEP","results_experiment_1_MOEP.csv","Irregular","Singular",0.5,-0.5,"set_child_adult"
"Irregular Plural","children","institute",10.8077144622803,14.6135973930359,"MOEP","results_experiment_1_MOEP.csv","Irregular","Plural",0.5,0.5,"set_child_adult"
"Regular Singular","adult","institute",12.0911064147949,14.3000552654266,"MOEP","results_experiment_1_MOEP.csv","Regular","Singular",-0.5,-0.5,"set_child_adult"
"Regular Plural","adults","institute",11.6859569549561,14.2972316741943,"MOEP","results_experiment_1_MOEP.csv","Regular","Plural",-0.5,0.5,"set_child_adult"
"Irregular Singular","child","crew",12.5066089630127,11.522045135498,"MOEP","results_experiment_1_MOEP.csv","Irregular","Singular",0.5,-0.5,"set_child_adult"
"Irregular Plural","children","crew",10.8077144622803,12.7511110305786,"MOEP","results_experiment_1_MOEP.csv","Irregular","Plural",0.5,0.5,"set_child_adult"
"Regular Singular","adult","crew",12.0911064147949,10.756609916687,"MOEP","results_experiment_1_MOEP.csv","Regular","Singular",-0.5,-0.5,"set_child_adult"
"Regular Plural","adults","crew",11.6859569549561,12.2150592803955,"MOEP","results_experiment_1_MOEP.csv","Regular","Plural",-0.5,0.5,"set_child_adult"
"Irregular Singular","woman","protector",11.0680770874023,16.6003322601318,"MOEP","results_experiment_1_MOEP.csv","Irregular","Singular",0.5,-0.5,"set_woman_girl"
"Irregular Plural","women","protector",11.5770740509033,16.9057779312134,"MOEP","results_experiment_1_MOEP.csv","Irregular","Plural",0.5,0.5,"set_woman_girl"
"Regular Singular","girl","protector",9.40853977203369,17.0596761703491,"MOEP","results_experiment_1_MOEP.csv","Regular","Singular",-0.5,-0.5,"set_woman_girl"
"Regular Plural","girls","protector",11.1116380691528,20.2893514633179,"MOEP","results_experiment_1_MOEP.csv","Regular","Plural",-0.5,0.5,"set_woman_girl"
"Irregular Singular","woman","register",11.068076133728,11.9114408493042,"MOEP","results_experiment_1_MOEP.csv","Irregular","Singular",0.5,-0.5,"set_woman_girl"
"Irregular Plural","women","register",11.5770740509033,11.2791805267334,"MOEP","results_experiment_1_MOEP.csv","Irregular","Plural",0.5,0.5,"set_woman_girl"
"Regular Singular","girl","register",9.40853881835938,11.9462013244629,"MOEP","results_experiment_1_MOEP.csv","Regular","Singular",-0.5,-0.5,"set_woman_girl"
"Regular Plural","girls","register",11.1116380691528,11.2906618118286,"MOEP","results_experiment_1_MOEP.csv","Regular","Plural",-0.5,0.5,"set_woman_girl"
"Irregular Singular","woman","hangout",11.0680770874023,14.5139760971069,"MOEP","results_experiment_1_MOEP.csv","Irregular","Singular",0.5,-0.5,"set_woman_girl"
"Irregular Plural","women","hangout",11.5770740509033,15.3220930099487,"MOEP","results_experiment_1_MOEP.csv","Irregular","Plural",0.5,0.5,"set_woman_girl"
"Regular Singular","girl","hangout",9.40853977203369,14.9853897094727,"MOEP","results_experiment_1_MOEP.csv","Regular","Singular",-0.5,-0.5,"set_woman_girl"
"Regular Plural","girls","hangout",11.1116380691528,16.7444138526917,"MOEP","results_experiment_1_MOEP.csv","Regular","Plural",-0.5,0.5,"set_woman_girl"
"Irregular Singular","woman","crew",11.068076133728,12.3866386413574,"MOEP","results_experiment_1_MOEP.csv","Irregular","Singular",0.5,-0.5,"set_woman_girl"
"Irregular Plural","women","crew",11.5770740509033,10.9387521743774,"MOEP","results_experiment_1_MOEP.csv","Irregular","Plural",0.5,0.5,"set_woman_girl"
"Regular Singular","girl","crew",9.40853881835938,11.8679313659668,"MOEP","results_experiment_1_MOEP.csv","Regular","Singular",-0.5,-0.5,"set_woman_girl"
"Regular Plural","girls","crew",11.1116380691528,12.7431831359863,"MOEP","results_experiment_1_MOEP.csv","Regular","Plural",-0.5,0.5,"set_woman_girl"
"Irregular Singular","man","institute",8.68980598449707,12.8872666358948,"MOEP","results_experiment_1_MOEP.csv","Irregular","Singular",0.5,-0.5,"set_man_boy"
"Irregular Plural","men","institute",9.56319618225098,12.8926751613617,"MOEP","results_experiment_1_MOEP.csv","Irregular","Plural",0.5,0.5,"set_man_boy"
"Regular Singular","boy","institute",10.0704870223999,13.8634202480316,"MOEP","results_experiment_1_MOEP.csv","Regular","Singular",-0.5,-0.5,"set_man_boy"
"Regular Plural","boys","institute",11.6636123657227,14.6923038959503,"MOEP","results_experiment_1_MOEP.csv","Regular","Plural",-0.5,0.5,"set_man_boy"
"Irregular Singular","man","register",8.68980598449707,12.0544624328613,"MOEP","results_experiment_1_MOEP.csv","Irregular","Singular",0.5,-0.5,"set_man_boy"
"Irregular Plural","men","register",9.56319427490234,11.5502910614014,"MOEP","results_experiment_1_MOEP.csv","Irregular","Plural",0.5,0.5,"set_man_boy"
"Regular Singular","boy","register",10.0704860687256,12.6290006637573,"MOEP","results_experiment_1_MOEP.csv","Regular","Singular",-0.5,-0.5,"set_man_boy"
"Regular Plural","boys","register",11.6636114120483,12.5015516281128,"MOEP","results_experiment_1_MOEP.csv","Regular","Plural",-0.5,0.5,"set_man_boy"
"Irregular Singular","man","finder",8.68980598449707,15.4222741127014,"MOEP","results_experiment_1_MOEP.csv","Irregular","Singular",0.5,-0.5,"set_man_boy"
"Irregular Plural","men","finder",9.56319618225098,16.5639238357544,"MOEP","results_experiment_1_MOEP.csv","Irregular","Plural",0.5,0.5,"set_man_boy"
"Regular Singular","boy","finder",10.0704870223999,15.0005989074707,"MOEP","results_experiment_1_MOEP.csv","Regular","Singular",-0.5,-0.5,"set_man_boy"
"Regular Plural","boys","finder",11.6636123657227,16.2750563621521,"MOEP","results_experiment_1_MOEP.csv","Regular","Plural",-0.5,0.5,"set_man_boy"
"Irregular Singular","man","hangout",8.68980598449707,13.0884528160095,"MOEP","results_experiment_1_MOEP.csv","Irregular","Singular",0.5,-0.5,"set_man_boy"
"Irregular Plural","men","hangout",9.56319618225098,14.1766595840454,"MOEP","results_experiment_1_MOEP.csv","Irregular","Plural",0.5,0.5,"set_man_boy"
"Regular Singular","boy","hangout",10.0704870223999,15.5671405792236,"MOEP","results_experiment_1_MOEP.csv","Regular","Singular",-0.5,-0.5,"set_man_boy"
"Regular Plural","boys","hangout",11.6636123657227,16.1878280639648,"MOEP","results_experiment_1_MOEP.csv","Regular","Plural",-0.5,0.5,"set_man_boy"
"Irregular Singular","salesman","institute",16.0414419174194,13.8840134143829,"MOEP","results_experiment_1_MOEP.csv","Irregular","Singular",0.5,-0.5,"set_salesman_retailer"
"Irregular Plural","salesmen","institute",16.5530519485474,14.1337702274323,"MOEP","results_experiment_1_MOEP.csv","Irregular","Plural",0.5,0.5,"set_salesman_retailer"
"Regular Singular","retailer","institute",22.0579895973206,11.8093497753143,"MOEP","results_experiment_1_MOEP.csv","Regular","Singular",-0.5,-0.5,"set_salesman_retailer"
"Regular Plural","retailers","institute",21.8700108528137,13.5033240318298,"MOEP","results_experiment_1_MOEP.csv","Regular","Plural",-0.5,0.5,"set_salesman_retailer"
"Irregular Singular","salesman","inspector",16.0414414405823,10.7034454345703,"MOEP","results_experiment_1_MOEP.csv","Irregular","Singular",0.5,-0.5,"set_salesman_retailer"
"Irregular Plural","salesmen","inspector",16.5530519485474,12.1298427581787,"MOEP","results_experiment_1_MOEP.csv","Irregular","Plural",0.5,0.5,"set_salesman_retailer"
"Regular Singular","retailer","inspector",22.0579895973206,10.729564666748,"MOEP","results_experiment_1_MOEP.csv","Regular","Singular",-0.5,-0.5,"set_salesman_retailer"
"Regular Plural","retailers","inspector",21.8700108528137,12.2560729980469,"MOEP","results_experiment_1_MOEP.csv","Regular","Plural",-0.5,0.5,"set_salesman_retailer"
"Irregular Singular","salesman","protector",16.0414409637451,16.1727600097656,"MOEP","results_experiment_1_MOEP.csv","Irregular","Singular",0.5,-0.5,"set_salesman_retailer"
"Irregular Plural","salesmen","protector",16.553050994873,16.6406860351562,"MOEP","results_experiment_1_MOEP.csv","Irregular","Plural",0.5,0.5,"set_salesman_retailer"
"Regular Singular","retailer","protector",22.0579895973206,13.9595980644226,"MOEP","results_experiment_1_MOEP.csv","Regular","Singular",-0.5,-0.5,"set_salesman_retailer"
"Regular Plural","retailers","protector",21.8700098991394,16.8110461235046,"MOEP","results_experiment_1_MOEP.csv","Regular","Plural",-0.5,0.5,"set_salesman_retailer"
"Irregular Singular","salesman","employer",16.0414428710938,13.2638871669769,"MOEP","results_experiment_1_MOEP.csv","Irregular","Singular",0.5,-0.5,"set_salesman_retailer"
"Irregular Plural","salesmen","employer",16.5530519485474,13.4139790534973,"MOEP","results_experiment_1_MOEP.csv","Irregular","Plural",0.5,0.5,"set_salesman_retailer"
"Regular Singular","retailer","employer",22.0579895973206,13.2498836517334,"MOEP","results_experiment_1_MOEP.csv","Regular","Singular",-0.5,-0.5,"set_salesman_retailer"
"Regular Plural","retailers","employer",21.8700108528137,14.1187679767609,"MOEP","results_experiment_1_MOEP.csv","Regular","Plural",-0.5,0.5,"set_salesman_retailer"
"Irregular Singular","nobleman","patrol",21.7990188598633,11.2248802185059,"MOEP","results_experiment_1_MOEP.csv","Irregular","Singular",0.5,-0.5,"set_nobleman_aristocrat"
"Irregular Plural","noblemen","patrol",22.6836929321289,12.4901685714722,"MOEP","results_experiment_1_MOEP.csv","Irregular","Plural",0.5,0.5,"set_nobleman_aristocrat"
"Regular Singular","aristocrat","patrol",24.3961658477783,11.9704627990723,"MOEP","results_experiment_1_MOEP.csv","Regular","Singular",-0.5,-0.5,"set_nobleman_aristocrat"
"Regular Plural","aristocrats","patrol",22.853289604187,11.6930570602417,"MOEP","results_experiment_1_MOEP.csv","Regular","Plural",-0.5,0.5,"set_nobleman_aristocrat"
"Irregular Singular","nobleman","hangout",21.7990131378174,16.2834830284119,"MOEP","results_experiment_1_MOEP.csv","Irregular","Singular",0.5,-0.5,"set_nobleman_aristocrat"
"Irregular Plural","noblemen","hangout",22.6836891174316,18.3676099777222,"MOEP","results_experiment_1_MOEP.csv","Irregular","Plural",0.5,0.5,"set_nobleman_aristocrat"
"Regular Singular","aristocrat","hangout",24.3961668014526,13.9275479316711,"MOEP","results_experiment_1_MOEP.csv","Regular","Singular",-0.5,-0.5,"set_nobleman_aristocrat"
"Regular Plural","aristocrats","hangout",22.8532915115356,12.7819101810455,"MOEP","results_experiment_1_MOEP.csv","Regular","Plural",-0.5,0.5,"set_nobleman_aristocrat"
"Irregular Singular","nobleman","institute",21.7990131378174,14.265495300293,"MOEP","results_experiment_1_MOEP.csv","Irregular","Singular",0.5,-0.5,"set_nobleman_aristocrat"
"Irregular Plural","noblemen","institute",22.6836891174316,14.0444993972778,"MOEP","results_experiment_1_MOEP.csv","Irregular","Plural",0.5,0.5,"set_nobleman_aristocrat"
"Regular Singular","aristocrat","institute",24.3961672782898,13.3780739307404,"MOEP","results_experiment_1_MOEP.csv","Regular","Singular",-0.5,-0.5,"set_nobleman_aristocrat"
"Regular Plural","aristocrats","institute",22.8532900810242,13.3575780391693,"MOEP","results_experiment_1_MOEP.csv","Regular","Plural",-0.5,0.5,"set_nobleman_aristocrat"
"Irregular Singular","nobleman","crew",21.7990188598633,10.1366024017334,"MOEP","results_experiment_1_MOEP.csv","Irregular","Singular",0.5,-0.5,"set_nobleman_aristocrat"
"Irregular Plural","noblemen","crew",22.6836929321289,11.3661012649536,"MOEP","results_experiment_1_MOEP.csv","Irregular","Plural",0.5,0.5,"set_nobleman_aristocrat"
"Regular Singular","aristocrat","crew",24.3961672782898,11.8312606811523,"MOEP","results_experiment_1_MOEP.csv","Regular","Singular",-0.5,-0.5,"set_nobleman_aristocrat"
"Regular Plural","aristocrats","crew",22.8532919883728,11.8710441589355,"MOEP","results_experiment_1_MOEP.csv","Regular","Plural",-0.5,0.5,"set_nobleman_aristocrat"
"Irregular Singular","boatman","patrol",18.2588005065918,9.83228397369385,"MOEP","results_experiment_1_MOEP.csv","Irregular","Singular",0.5,-0.5,"set_boatman_shipmate"
"Irregular Plural","boatmen","patrol",16.7950105667114,10.7499027252197,"MOEP","results_experiment_1_MOEP.csv","Irregular","Plural",0.5,0.5,"set_boatman_shipmate"
"Regular Singular","shipmate","patrol",18.8244400024414,11.0118055343628,"MOEP","results_experiment_1_MOEP.csv","Regular","Singular",-0.5,-0.5,"set_boatman_shipmate"
"Regular Plural","shipmates","patrol",20.1046934127808,11.3437423706055,"MOEP","results_experiment_1_MOEP.csv","Regular","Plural",-0.5,0.5,"set_boatman_shipmate"
"Irregular Singular","boatman","finder",18.2587985992432,15.6280117034912,"MOEP","results_experiment_1_MOEP.csv","Irregular","Singular",0.5,-0.5,"set_boatman_shipmate"
"Irregular Plural","boatmen","finder",16.7950091362,16.5557289123535,"MOEP","results_experiment_1_MOEP.csv","Irregular","Plural",0.5,0.5,"set_boatman_shipmate"
"Regular Singular","shipmate","finder",18.8244371414185,16.5240163803101,"MOEP","results_experiment_1_MOEP.csv","Regular","Singular",-0.5,-0.5,"set_boatman_shipmate"
"Regular Plural","shipmates","finder",20.1046895980835,16.8772430419922,"MOEP","results_experiment_1_MOEP.csv","Regular","Plural",-0.5,0.5,"set_boatman_shipmate"
"Irregular Singular","boatman","inspector",18.2588005065918,10.4747638702393,"MOEP","results_experiment_1_MOEP.csv","Irregular","Singular",0.5,-0.5,"set_boatman_shipmate"
"Irregular Plural","boatmen","inspector",16.7950105667114,12.3094434738159,"MOEP","results_experiment_1_MOEP.csv","Irregular","Plural",0.5,0.5,"set_boatman_shipmate"
"Regular Singular","shipmate","inspector",18.8244400024414,9.98813438415527,"MOEP","results_experiment_1_MOEP.csv","Regular","Singular",-0.5,-0.5,"set_boatman_shipmate"
"Regular Plural","shipmates","inspector",20.1046924591064,11.5713109970093,"MOEP","results_experiment_1_MOEP.csv","Regular","Plural",-0.5,0.5,"set_boatman_shipmate"
"Irregular Singular","boatman","employer",18.2587976455688,13.1677803993225,"MOEP","results_experiment_1_MOEP.csv","Irregular","Singular",0.5,-0.5,"set_boatman_shipmate"
"Irregular Plural","boatmen","employer",16.7950091362,14.7109251022339,"MOEP","results_experiment_1_MOEP.csv","Irregular","Plural",0.5,0.5,"set_boatman_shipmate"
"Regular Singular","shipmate","employer",18.8244371414185,14.952516078949,"MOEP","results_experiment_1_MOEP.csv","Regular","Singular",-0.5,-0.5,"set_boatman_shipmate"
"Regular Plural","shipmates","employer",20.1046905517578,15.6511976718903,"MOEP","results_experiment_1_MOEP.csv","Regular","Plural",-0.5,0.5,"set_boatman_shipmate"
"Irregular Singular","craftsman","employer",27.7453422546387,14.4476954936981,"MOEP","results_experiment_1_MOEP.csv","Irregular","Singular",0.5,-0.5,"set_craftsman_labourer"
"Irregular Plural","craftsmen","employer",27.818229675293,14.9257881641388,"MOEP","results_experiment_1_MOEP.csv","Irregular","Plural",0.5,0.5,"set_craftsman_labourer"
"Regular Singular","labourer","employer",19.8192691802979,13.9297497272491,"MOEP","results_experiment_1_MOEP.csv","Regular","Singular",-0.5,-0.5,"set_craftsman_labourer"
"Regular Plural","labourers","employer",20.1699147224426,14.127836227417,"MOEP","results_experiment_1_MOEP.csv","Regular","Plural",-0.5,0.5,"set_craftsman_labourer"
"Irregular Singular","craftsman","examination",27.7453422546387,11.4007921218872,"MOEP","results_experiment_1_MOEP.csv","Irregular","Singular",0.5,-0.5,"set_craftsman_labourer"
"Irregular Plural","craftsmen","examination",27.818229675293,12.6938314437866,"MOEP","results_experiment_1_MOEP.csv","Irregular","Plural",0.5,0.5,"set_craftsman_labourer"
"Regular Singular","labourer","examination",19.8192701339722,10.7599658966064,"MOEP","results_experiment_1_MOEP.csv","Regular","Singular",-0.5,-0.5,"set_craftsman_labourer"
"Regular Plural","labourers","examination",20.1699132919312,12.0510787963867,"MOEP","results_experiment_1_MOEP.csv","Regular","Plural",-0.5,0.5,"set_craftsman_labourer"
"Irregular Singular","craftsman","hangout",27.745343208313,15.4530029296875,"MOEP","results_experiment_1_MOEP.csv","Irregular","Singular",0.5,-0.5,"set_craftsman_labourer"
"Irregular Plural","craftsmen","hangout",27.8182315826416,17.7744040489197,"MOEP","results_experiment_1_MOEP.csv","Irregular","Plural",0.5,0.5,"set_craftsman_labourer"
"Regular Singular","labourer","hangout",19.8192701339722,16.1300644874573,"MOEP","results_experiment_1_MOEP.csv","Regular","Singular",-0.5,-0.5,"set_craftsman_labourer"
"Regular Plural","labourers","hangout",20.1699132919312,17.2081580162048,"MOEP","results_experiment_1_MOEP.csv","Regular","Plural",-0.5,0.5,"set_craftsman_labourer"
"Irregular Singular","craftsman","finder",27.7453422546387,18.0210762023926,"MOEP","results_experiment_1_MOEP.csv","Irregular","Singular",0.5,-0.5,"set_craftsman_labourer"
"Irregular Plural","craftsmen","finder",27.818229675293,18.5515871047974,"MOEP","results_experiment_1_MOEP.csv","Irregular","Plural",0.5,0.5,"set_craftsman_labourer"
"Regular Singular","labourer","finder",19.8192672729492,15.4384961128235,"MOEP","results_experiment_1_MOEP.csv","Regular","Singular",-0.5,-0.5,"set_craftsman_labourer"
"Regular Plural","labourers","finder",20.169912815094,17.809103012085,"MOEP","results_experiment_1_MOEP.csv","Regular","Plural",-0.5,0.5,"set_craftsman_labourer"
"Irregular Singular","fireman","examination",12.6001853942871,10.6455669403076,"MOEP","results_experiment_1_MOEP.csv","Irregular","Singular",0.5,-0.5,"set_fireman_lifeguard"
"Irregular Plural","firemen","examination",16.455696105957,12.2726049423218,"MOEP","results_experiment_1_MOEP.csv","Irregular","Plural",0.5,0.5,"set_fireman_lifeguard"
"Regular Singular","lifeguard","examination",22.8057556152344,11.0880489349365,"MOEP","results_experiment_1_MOEP.csv","Regular","Singular",-0.5,-0.5,"set_fireman_lifeguard"
"Regular Plural","lifeguards","examination",27.6147351264954,9.92076873779297,"MOEP","results_experiment_1_MOEP.csv","Regular","Plural",-0.5,0.5,"set_fireman_lifeguard"
"Irregular Singular","fireman","employer",12.6001873016357,13.8459157943726,"MOEP","results_experiment_1_MOEP.csv","Irregular","Singular",0.5,-0.5,"set_fireman_lifeguard"
"Irregular Plural","firemen","employer",16.455696105957,14.9659082889557,"MOEP","results_experiment_1_MOEP.csv","Irregular","Plural",0.5,0.5,"set_fireman_lifeguard"
"Regular Singular","lifeguard","employer",22.805757522583,15.6683602333069,"MOEP","results_experiment_1_MOEP.csv","Regular","Singular",-0.5,-0.5,"set_fireman_lifeguard"
"Regular Plural","lifeguards","employer",27.6147356033325,14.8171918392181,"MOEP","results_experiment_1_MOEP.csv","Regular","Plural",-0.5,0.5,"set_fireman_lifeguard"
"Irregular Singular","fireman","crew",12.6001853942871,9.62854766845703,"MOEP","results_experiment_1_MOEP.csv","Irregular","Singular",0.5,-0.5,"set_fireman_lifeguard"
"Irregular Plural","firemen","crew",16.4556970596313,9.69956207275391,"MOEP","results_experiment_1_MOEP.csv","Irregular","Plural",0.5,0.5,"set_fireman_lifeguard"
"Regular Singular","lifeguard","crew",22.805757522583,9.61160373687744,"MOEP","results_experiment_1_MOEP.csv","Regular","Singular",-0.5,-0.5,"set_fireman_lifeguard"
"Regular Plural","lifeguards","crew",27.6147356033325,11.7828207015991,"MOEP","results_experiment_1_MOEP.csv","Regular","Plural",-0.5,0.5,"set_fireman_lifeguard"
"Irregular Singular","fireman","patrol",12.6001853942871,10.1540832519531,"MOEP","results_experiment_1_MOEP.csv","Irregular","Singular",0.5,-0.5,"set_fireman_lifeguard"
"Irregular Plural","firemen","patrol",16.4556956291199,11.2834997177124,"MOEP","results_experiment_1_MOEP.csv","Irregular","Plural",0.5,0.5,"set_fireman_lifeguard"
"Regular Singular","lifeguard","patrol",22.8057584762573,11.8081588745117,"MOEP","results_experiment_1_MOEP.csv","Regular","Singular",-0.5,-0.5,"set_fireman_lifeguard"
"Regular Plural","lifeguards","patrol",27.6147375106812,11.2886276245117,"MOEP","results_experiment_1_MOEP.csv","Regular","Plural",-0.5,0.5,"set_fireman_lifeguard"
"Irregular Singular","goose","protector",13.7483043670654,13.1671266555786,"MOP","results_experiment_1_MOP.csv","Irregular","Singular",0.5,-0.5,"set_goose_swan"
"Irregular Plural","geese","protector",13.1718626022339,14.4887919425964,"MOP","results_experiment_1_MOP.csv","Irregular","Plural",0.5,0.5,"set_goose_swan"
"Regular Singular","swan","protector",12.460545539856,12.1019802093506,"MOP","results_experiment_1_MOP.csv","Regular","Singular",-0.5,-0.5,"set_goose_swan"
"Regular Plural","swans","protector",12.1548938751221,17.3679709434509,"MOP","results_experiment_1_MOP.csv","Regular","Plural",-0.5,0.5,"set_goose_swan"
"Irregular Singular","goose","trader",13.7483043670654,14.299732208252,"MOP","results_experiment_1_MOP.csv","Irregular","Singular",0.5,-0.5,"set_goose_swan"
"Irregular Plural","geese","trader",13.1718626022339,15.2642984390259,"MOP","results_experiment_1_MOP.csv","Irregular","Plural",0.5,0.5,"set_goose_swan"
"Regular Singular","swan","trader",12.460545539856,14.014048576355,"MOP","results_experiment_1_MOP.csv","Regular","Singular",-0.5,-0.5,"set_goose_swan"
"Regular Plural","swans","trader",12.1548938751221,16.822681427002,"MOP","results_experiment_1_MOP.csv","Regular","Plural",-0.5,0.5,"set_goose_swan"
"Irregular Singular","goose","tracker",13.7483043670654,16.0857486724854,"MOP","results_experiment_1_MOP.csv","Irregular","Singular",0.5,-0.5,"set_goose_swan"
"Irregular Plural","geese","tracker",13.1718626022339,14.7212481498718,"MOP","results_experiment_1_MOP.csv","Irregular","Plural",0.5,0.5,"set_goose_swan"
"Regular Singular","swan","tracker",12.460545539856,16.4128398895264,"MOP","results_experiment_1_MOP.csv","Regular","Singular",-0.5,-0.5,"set_goose_swan"
"Regular Plural","swans","tracker",12.1548938751221,15.9970731735229,"MOP","results_experiment_1_MOP.csv","Regular","Plural",-0.5,0.5,"set_goose_swan"
"Irregular Singular","goose","expert",13.7483043670654,11.6720943450928,"MOP","results_experiment_1_MOP.csv","Irregular","Singular",0.5,-0.5,"set_goose_swan"
"Irregular Plural","geese","expert",13.1718626022339,12.9871187210083,"MOP","results_experiment_1_MOP.csv","Irregular","Plural",0.5,0.5,"set_goose_swan"
"Regular Singular","swan","expert",12.460545539856,12.0945072174072,"MOP","results_experiment_1_MOP.csv","Regular","Singular",-0.5,-0.5,"set_goose_swan"
"Regular Plural","swans","expert",12.1548938751221,17.0873165130615,"MOP","results_experiment_1_MOP.csv","Regular","Plural",-0.5,0.5,"set_goose_swan"
"Irregular Singular","ox","register",11.2194681167603,13.9059152603149,"MOP","results_experiment_1_MOP.csv","Irregular","Singular",0.5,-0.5,"set_ox_cow"
"Irregular Plural","oxen","register",13.8248748779297,10.7938823699951,"MOP","results_experiment_1_MOP.csv","Irregular","Plural",0.5,0.5,"set_ox_cow"
"Regular Singular","cow","register",11.4172630310059,11.3985891342163,"MOP","results_experiment_1_MOP.csv","Regular","Singular",-0.5,-0.5,"set_ox_cow"
"Regular Plural","cows","register",12.4482173919678,11.3944616317749,"MOP","results_experiment_1_MOP.csv","Regular","Plural",-0.5,0.5,"set_ox_cow"
"Irregular Singular","ox","trader",11.2194681167603,14.5038776397705,"MOP","results_experiment_1_MOP.csv","Irregular","Singular",0.5,-0.5,"set_ox_cow"
"Irregular Plural","oxen","trader",13.8248748779297,14.5759344100952,"MOP","results_experiment_1_MOP.csv","Irregular","Plural",0.5,0.5,"set_ox_cow"
"Regular Singular","cow","trader",11.4172630310059,13.1393623352051,"MOP","results_experiment_1_MOP.csv","Regular","Singular",-0.5,-0.5,"set_ox_cow"
"Regular Plural","cows","trader",12.4482173919678,14.9636211395264,"MOP","results_experiment_1_MOP.csv","Regular","Plural",-0.5,0.5,"set_ox_cow"
"Irregular Singular","ox","tracker",11.2194690704346,14.8448810577393,"MOP","results_experiment_1_MOP.csv","Irregular","Singular",0.5,-0.5,"set_ox_cow"
"Irregular Plural","oxen","tracker",13.8248748779297,16.547749042511,"MOP","results_experiment_1_MOP.csv","Irregular","Plural",0.5,0.5,"set_ox_cow"
"Regular Singular","cow","tracker",11.4172630310059,15.7175331115723,"MOP","results_experiment_1_MOP.csv","Regular","Singular",-0.5,-0.5,"set_ox_cow"
"Regular Plural","cows","tracker",12.4482154846191,17.8714265823364,"MOP","results_experiment_1_MOP.csv","Regular","Plural",-0.5,0.5,"set_ox_cow"
"Irregular Singular","ox","finder",11.2194690704346,12.9952020645142,"MOP","results_experiment_1_MOP.csv","Irregular","Singular",0.5,-0.5,"set_ox_cow"
"Irregular Plural","oxen","finder",13.8248748779297,15.0809721946716,"MOP","results_experiment_1_MOP.csv","Irregular","Plural",0.5,0.5,"set_ox_cow"
"Regular Singular","cow","finder",11.4172630310059,11.5327348709106,"MOP","results_experiment_1_MOP.csv","Regular","Singular",-0.5,-0.5,"set_ox_cow"
"Regular Plural","cows","finder",12.4482154846191,14.5186400413513,"MOP","results_experiment_1_MOP.csv","Regular","Plural",-0.5,0.5,"set_ox_cow"
"Irregular Singular","louse","issue",15.3153371810913,10.6516284942627,"MOP","results_experiment_1_MOP.csv","Irregular","Singular",0.5,-0.5,"set_louse_flea"
"Irregular Plural","lice","issue",12.3889350891113,13.0948352813721,"MOP","results_experiment_1_MOP.csv","Irregular","Plural",0.5,0.5,"set_louse_flea"
"Regular Singular","flea","issue",13.1813497543335,11.9684829711914,"MOP","results_experiment_1_MOP.csv","Regular","Singular",-0.5,-0.5,"set_louse_flea"
"Regular Plural","fleas","issue",14.9967575073242,11.7637825012207,"MOP","results_experiment_1_MOP.csv","Regular","Plural",-0.5,0.5,"set_louse_flea"
"Irregular Singular","louse","trader",15.3153371810913,13.461817741394,"MOP","results_experiment_1_MOP.csv","Irregular","Singular",0.5,-0.5,"set_louse_flea"
"Irregular Plural","lice","trader",12.3889350891113,16.5402984619141,"MOP","results_experiment_1_MOP.csv","Irregular","Plural",0.5,0.5,"set_louse_flea"
"Regular Singular","flea","trader",13.1813497543335,12.227931022644,"MOP","results_experiment_1_MOP.csv","Regular","Singular",-0.5,-0.5,"set_louse_flea"
"Regular Plural","fleas","trader",14.9967575073242,13.3620891571045,"MOP","results_experiment_1_MOP.csv","Regular","Plural",-0.5,0.5,"set_louse_flea"
"Irregular Singular","louse","tracker",15.3153371810913,13.8362531661987,"MOP","results_experiment_1_MOP.csv","Irregular","Singular",0.5,-0.5,"set_louse_flea"
"Irregular Plural","lice","tracker",12.3889350891113,14.704442024231,"MOP","results_experiment_1_MOP.csv","Irregular","Plural",0.5,0.5,"set_louse_flea"
"Regular Singular","flea","tracker",13.1813497543335,15.158709526062,"MOP","results_experiment_1_MOP.csv","Regular","Singular",-0.5,-0.5,"set_louse_flea"
"Regular Plural","fleas","tracker",14.9967575073242,15.1377868652344,"MOP","results_experiment_1_MOP.csv","Regular","Plural",-0.5,0.5,"set_louse_flea"
"Irregular Singular","louse","expert",15.3153371810913,12.6107292175293,"MOP","results_experiment_1_MOP.csv","Irregular","Singular",0.5,-0.5,"set_louse_flea"
"Irregular Plural","lice","expert",12.3889350891113,12.4630527496338,"MOP","results_experiment_1_MOP.csv","Irregular","Plural",0.5,0.5,"set_louse_flea"
"Regular Singular","flea","expert",13.1813497543335,13.4518661499023,"MOP","results_experiment_1_MOP.csv","Regular","Singular",-0.5,-0.5,"set_louse_flea"
"Regular Plural","fleas","expert",14.9967575073242,11.5229616165161,"MOP","results_experiment_1_MOP.csv","Regular","Plural",-0.5,0.5,"set_louse_flea"
"Irregular Singular","mouse","issue",10.7296695709229,11.6065616607666,"MOP","results_experiment_1_MOP.csv","Irregular","Singular",0.5,-0.5,"set_mouse_rat"
"Irregular Plural","mice","issue",11.2369117736816,12.9676856994629,"MOP","results_experiment_1_MOP.csv","Irregular","Plural",0.5,0.5,"set_mouse_rat"
"Regular Singular","rat","issue",11.4117908477783,11.2143478393555,"MOP","results_experiment_1_MOP.csv","Regular","Singular",-0.5,-0.5,"set_mouse_rat"
"Regular Plural","rats","issue",12.3581142425537,11.6316003799438,"MOP","results_experiment_1_MOP.csv","Regular","Plural",-0.5,0.5,"set_mouse_rat"
"Irregular Singular","mouse","trader",10.7296695709229,14.4877014160156,"MOP","results_experiment_1_MOP.csv","Irregular","Singular",0.5,-0.5,"set_mouse_rat"
"Irregular Plural","mice","trader",11.2369117736816,17.8203868865967,"MOP","results_experiment_1_MOP.csv","Irregular","Plural",0.5,0.5,"set_mouse_rat"
"Regular Singular","rat","trader",11.4117908477783,14.7608337402344,"MOP","results_experiment_1_MOP.csv","Regular","Singular",-0.5,-0.5,"set_mouse_rat"
"Regular Plural","rats","trader",12.3581142425537,16.9740543365479,"MOP","results_experiment_1_MOP.csv","Regular","Plural",-0.5,0.5,"set_mouse_rat"
"Irregular Singular","mouse","tracker",10.7296695709229,16.7515459060669,"MOP","results_experiment_1_MOP.csv","Irregular","Singular",0.5,-0.5,"set_mouse_rat"
"Irregular Plural","mice","tracker",11.236912727356,16.4739027023315,"MOP","results_experiment_1_MOP.csv","Irregular","Plural",0.5,0.5,"set_mouse_rat"
"Regular Singular","rat","tracker",11.4117908477783,13.885326385498,"MOP","results_experiment_1_MOP.csv","Regular","Singular",-0.5,-0.5,"set_mouse_rat"
"Regular Plural","rats","tracker",12.3581142425537,16.0891008377075,"MOP","results_experiment_1_MOP.csv","Regular","Plural",-0.5,0.5,"set_mouse_rat"
"Irregular Singular","mouse","inspector",10.7296695709229,12.4968948364258,"MOP","results_experiment_1_MOP.csv","Irregular","Singular",0.5,-0.5,"set_mouse_rat"
"Irregular Plural","mice","inspector",11.2369117736816,15.1804227828979,"MOP","results_experiment_1_MOP.csv","Irregular","Plural",0.5,0.5,"set_mouse_rat"
"Regular Singular","rat","inspector",11.4117908477783,10.4282894134521,"MOP","results_experiment_1_MOP.csv","Regular","Singular",-0.5,-0.5,"set_mouse_rat"
"Regular Plural","rats","inspector",12.3581142425537,14.1671543121338,"MOP","results_experiment_1_MOP.csv","Regular","Plural",-0.5,0.5,"set_mouse_rat"
"Irregular Singular","foot","issue",8.72391510009766,11.626012802124,"MOP","results_experiment_1_MOP.csv","Irregular","Singular",0.5,-0.5,"set_foot_leg"
"Irregular Plural","feet","issue",9.07884979248047,14.3190956115723,"MOP","results_experiment_1_MOP.csv","Irregular","Plural",0.5,0.5,"set_foot_leg"
"Regular Singular","leg","issue",10.9341087341309,10.7816410064697,"MOP","results_experiment_1_MOP.csv","Regular","Singular",-0.5,-0.5,"set_foot_leg"
"Regular Plural","legs","issue",10.1240100860596,12.9227619171143,"MOP","results_experiment_1_MOP.csv","Regular","Plural",-0.5,0.5,"set_foot_leg"
"Irregular Singular","foot","examination",8.72391414642334,9.64927959442139,"MOP","results_experiment_1_MOP.csv","Irregular","Singular",0.5,-0.5,"set_foot_leg"
"Irregular Plural","feet","examination",9.07885074615479,13.4304447174072,"MOP","results_experiment_1_MOP.csv","Irregular","Plural",0.5,0.5,"set_foot_leg"
"Regular Singular","leg","examination",10.9341087341309,11.1417150497437,"MOP","results_experiment_1_MOP.csv","Regular","Singular",-0.5,-0.5,"set_foot_leg"
"Regular Plural","legs","examination",10.1240091323853,12.5988073348999,"MOP","results_experiment_1_MOP.csv","Regular","Plural",-0.5,0.5,"set_foot_leg"
"Irregular Singular","foot","expert",8.72391510009766,10.7443227767944,"MOP","results_experiment_1_MOP.csv","Irregular","Singular",0.5,-0.5,"set_foot_leg"
"Irregular Plural","feet","expert",9.07884979248047,14.8787536621094,"MOP","results_experiment_1_MOP.csv","Irregular","Plural",0.5,0.5,"set_foot_leg"
"Regular Singular","leg","expert",10.9341087341309,11.9554586410522,"MOP","results_experiment_1_MOP.csv","Regular","Singular",-0.5,-0.5,"set_foot_leg"
"Regular Plural","legs","expert",10.1240100860596,14.8092555999756,"MOP","results_experiment_1_MOP.csv","Regular","Plural",-0.5,0.5,"set_foot_leg"
"Irregular Singular","foot","inspector",8.72391510009766,12.4971761703491,"MOP","results_experiment_1_MOP.csv","Irregular","Singular",0.5,-0.5,"set_foot_leg"
"Irregular Plural","feet","inspector",9.07884979248047,16.1039009094238,"MOP","results_experiment_1_MOP.csv","Irregular","Plural",0.5,0.5,"set_foot_leg"
"Regular Singular","leg","inspector",10.9341087341309,12.1934013366699,"MOP","results_experiment_1_MOP.csv","Regular","Singular",-0.5,-0.5,"set_foot_leg"
"Regular Plural","legs","inspector",10.1240100860596,15.6978454589844,"MOP","results_experiment_1_MOP.csv","Regular","Plural",-0.5,0.5,"set_foot_leg"
"Irregular Singular","tooth","issue",11.0843477249146,10.6678352355957,"MOP","results_experiment_1_MOP.csv","Irregular","Singular",0.5,-0.5,"set_tooth_bone"
"Irregular Plural","teeth","issue",10.1213998794556,11.2065181732178,"MOP","results_experiment_1_MOP.csv","Irregular","Plural",0.5,0.5,"set_tooth_bone"
"Regular Singular","bone","issue",9.61292552947998,10.137598991394,"MOP","results_experiment_1_MOP.csv","Regular","Singular",-0.5,-0.5,"set_tooth_bone"
"Regular Plural","bones","issue",9.45129776000977,11.5934028625488,"MOP","results_experiment_1_MOP.csv","Regular","Plural",-0.5,0.5,"set_tooth_bone"
"Irregular Singular","tooth","examination",11.0843467712402,11.897985458374,"MOP","results_experiment_1_MOP.csv","Irregular","Singular",0.5,-0.5,"set_tooth_bone"
"Irregular Plural","teeth","examination",10.1213998794556,14.4489974975586,"MOP","results_experiment_1_MOP.csv","Irregular","Plural",0.5,0.5,"set_tooth_bone"
"Regular Singular","bone","examination",9.61292552947998,10.5502414703369,"MOP","results_experiment_1_MOP.csv","Regular","Singular",-0.5,-0.5,"set_tooth_bone"
"Regular Plural","bones","examination",9.45129776000977,14.3291549682617,"MOP","results_experiment_1_MOP.csv","Regular","Plural",-0.5,0.5,"set_tooth_bone"
"Irregular Singular","tooth","expert",11.0843477249146,9.14254379272461,"MOP","results_experiment_1_MOP.csv","Irregular","Singular",0.5,-0.5,"set_tooth_bone"
"Irregular Plural","teeth","expert",10.1213998794556,12.2482976913452,"MOP","results_experiment_1_MOP.csv","Irregular","Plural",0.5,0.5,"set_tooth_bone"
"Regular Singular","bone","expert",9.61292552947998,10.1000566482544,"MOP","results_experiment_1_MOP.csv","Regular","Singular",-0.5,-0.5,"set_tooth_bone"
"Regular Plural","bones","expert",9.45129776000977,14.1623096466064,"MOP","results_experiment_1_MOP.csv","Regular","Plural",-0.5,0.5,"set_tooth_bone"
"Irregular Singular","tooth","protector",11.0843467712402,10.2421770095825,"MOP","results_experiment_1_MOP.csv","Irregular","Singular",0.5,-0.5,"set_tooth_bone"
"Irregular Plural","teeth","protector",10.1213998794556,14.9780616760254,"MOP","results_experiment_1_MOP.csv","Irregular","Plural",0.5,0.5,"set_tooth_bone"
"Regular Singular","bone","protector",9.61292552947998,13.2698965072632,"MOP","results_experiment_1_MOP.csv","Regular","Singular",-0.5,-0.5,"set_tooth_bone"
"Regular Plural","bones","protector",9.45129776000977,17.1022806167603,"MOP","results_experiment_1_MOP.csv","Regular","Plural",-0.5,0.5,"set_tooth_bone"
"Irregular Singular","child","patrol",8.63480949401855,10.7515106201172,"MOP","results_experiment_1_MOP.csv","Irregular","Singular",0.5,-0.5,"set_child_adult"
"Irregular Plural","children","patrol",8.12658405303955,11.6670618057251,"MOP","results_experiment_1_MOP.csv","Irregular","Plural",0.5,0.5,"set_child_adult"
"Regular Singular","adult","patrol",9.60835552215576,11.8013505935669,"MOP","results_experiment_1_MOP.csv","Regular","Singular",-0.5,-0.5,"set_child_adult"
"Regular Plural","adults","patrol",11.1110496520996,10.9538249969482,"MOP","results_experiment_1_MOP.csv","Regular","Plural",-0.5,0.5,"set_child_adult"
"Irregular Singular","child","register",8.63480949401855,10.7008218765259,"MOP","results_experiment_1_MOP.csv","Irregular","Singular",0.5,-0.5,"set_child_adult"
"Irregular Plural","children","register",8.12658405303955,10.0128107070923,"MOP","results_experiment_1_MOP.csv","Irregular","Plural",0.5,0.5,"set_child_adult"
"Regular Singular","adult","register",9.60835552215576,10.838885307312,"MOP","results_experiment_1_MOP.csv","Regular","Singular",-0.5,-0.5,"set_child_adult"
"Regular Plural","adults","register",11.1110496520996,10.1913318634033,"MOP","results_experiment_1_MOP.csv","Regular","Plural",-0.5,0.5,"set_child_adult"
"Irregular Singular","child","institute",8.63480949401855,10.8224105834961,"MOP","results_experiment_1_MOP.csv","Irregular","Singular",0.5,-0.5,"set_child_adult"
"Irregular Plural","children","institute",8.12658405303955,12.7286310195923,"MOP","results_experiment_1_MOP.csv","Irregular","Plural",0.5,0.5,"set_child_adult"
"Regular Singular","adult","institute",9.60835552215576,11.19944190979,"MOP","results_experiment_1_MOP.csv","Regular","Singular",-0.5,-0.5,"set_child_adult"
"Regular Plural","adults","institute",11.1110496520996,13.189525604248,"MOP","results_experiment_1_MOP.csv","Regular","Plural",-0.5,0.5,"set_child_adult"
"Irregular Singular","child","crew",8.63480949401855,10.5464029312134,"MOP","results_experiment_1_MOP.csv","Irregular","Singular",0.5,-0.5,"set_child_adult"
"Irregular Plural","children","crew",8.12658405303955,13.629319190979,"MOP","results_experiment_1_MOP.csv","Irregular","Plural",0.5,0.5,"set_child_adult"
"Regular Singular","adult","crew",9.60835552215576,10.0181922912598,"MOP","results_experiment_1_MOP.csv","Regular","Singular",-0.5,-0.5,"set_child_adult"
"Regular Plural","adults","crew",11.1110496520996,13.1664066314697,"MOP","results_experiment_1_MOP.csv","Regular","Plural",-0.5,0.5,"set_child_adult"
"Irregular Singular","woman","protector",8.18050384521484,12.9939594268799,"MOP","results_experiment_1_MOP.csv","Irregular","Singular",0.5,-0.5,"set_woman_girl"
"Irregular Plural","women","protector",8.13148307800293,16.210750579834,"MOP","results_experiment_1_MOP.csv","Irregular","Plural",0.5,0.5,"set_woman_girl"
"Regular Singular","girl","protector",7.61470746994019,15.4182806015015,"MOP","results_experiment_1_MOP.csv","Regular","Singular",-0.5,-0.5,"set_woman_girl"
"Regular Plural","girls","protector",9.22250843048096,17.8141813278198,"MOP","results_experiment_1_MOP.csv","Regular","Plural",-0.5,0.5,"set_woman_girl"
"Irregular Singular","woman","register",8.18050384521484,9.99695110321045,"MOP","results_experiment_1_MOP.csv","Irregular","Singular",0.5,-0.5,"set_woman_girl"
"Irregular Plural","women","register",8.13148212432861,8.83398246765137,"MOP","results_experiment_1_MOP.csv","Irregular","Plural",0.5,0.5,"set_woman_girl"
"Regular Singular","girl","register",7.61470746994019,10.3308172225952,"MOP","results_experiment_1_MOP.csv","Regular","Singular",-0.5,-0.5,"set_woman_girl"
"Regular Plural","girls","register",9.22250843048096,9.46223735809326,"MOP","results_experiment_1_MOP.csv","Regular","Plural",-0.5,0.5,"set_woman_girl"
"Irregular Singular","woman","hangout",8.18050384521484,15.1865968704224,"MOP","results_experiment_1_MOP.csv","Irregular","Singular",0.5,-0.5,"set_woman_girl"
"Irregular Plural","women","hangout",8.13148307800293,17.8298845291138,"MOP","results_experiment_1_MOP.csv","Irregular","Plural",0.5,0.5,"set_woman_girl"
"Regular Singular","girl","hangout",7.61470746994019,15.3133430480957,"MOP","results_experiment_1_MOP.csv","Regular","Singular",-0.5,-0.5,"set_woman_girl"
"Regular Plural","girls","hangout",9.22250843048096,14.5703010559082,"MOP","results_experiment_1_MOP.csv","Regular","Plural",-0.5,0.5,"set_woman_girl"
"Irregular Singular","woman","crew",8.18050384521484,11.0565042495728,"MOP","results_experiment_1_MOP.csv","Irregular","Singular",0.5,-0.5,"set_woman_girl"
"Irregular Plural","women","crew",8.13148212432861,14.0161542892456,"MOP","results_experiment_1_MOP.csv","Irregular","Plural",0.5,0.5,"set_woman_girl"
"Regular Singular","girl","crew",7.61470746994019,9.73679828643799,"MOP","results_experiment_1_MOP.csv","Regular","Singular",-0.5,-0.5,"set_woman_girl"
"Regular Plural","girls","crew",9.22250843048096,12.3940591812134,"MOP","results_experiment_1_MOP.csv","Regular","Plural",-0.5,0.5,"set_woman_girl"
"Irregular Singular","man","institute",7.4071307182312,11.3709230422974,"MOP","results_experiment_1_MOP.csv","Irregular","Singular",0.5,-0.5,"set_man_boy"
"Irregular Plural","men","institute",8.20753192901611,12.397177696228,"MOP","results_experiment_1_MOP.csv","Irregular","Plural",0.5,0.5,"set_man_boy"
"Regular Singular","boy","institute",9.00623226165771,10.2335720062256,"MOP","results_experiment_1_MOP.csv","Regular","Singular",-0.5,-0.5,"set_man_boy"
"Regular Plural","boys","institute",8.76979637145996,11.3232622146606,"MOP","results_experiment_1_MOP.csv","Regular","Plural",-0.5,0.5,"set_man_boy"
"Irregular Singular","man","register",7.4071307182312,11.7520866394043,"MOP","results_experiment_1_MOP.csv","Irregular","Singular",0.5,-0.5,"set_man_boy"
"Irregular Plural","men","register",8.20753192901611,8.49006748199463,"MOP","results_experiment_1_MOP.csv","Irregular","Plural",0.5,0.5,"set_man_boy"
"Regular Singular","boy","register",9.00623226165771,10.9012746810913,"MOP","results_experiment_1_MOP.csv","Regular","Singular",-0.5,-0.5,"set_man_boy"
"Regular Plural","boys","register",8.76979637145996,10.5356101989746,"MOP","results_experiment_1_MOP.csv","Regular","Plural",-0.5,0.5,"set_man_boy"
"Irregular Singular","man","finder",7.4071307182312,15.2930755615234,"MOP","results_experiment_1_MOP.csv","Irregular","Singular",0.5,-0.5,"set_man_boy"
"Irregular Plural","men","finder",8.20753288269043,14.2375440597534,"MOP","results_experiment_1_MOP.csv","Irregular","Plural",0.5,0.5,"set_man_boy"
"Regular Singular","boy","finder",9.00623226165771,14.8610997200012,"MOP","results_experiment_1_MOP.csv","Regular","Singular",-0.5,-0.5,"set_man_boy"
"Regular Plural","boys","finder",8.76979637145996,15.1606450080872,"MOP","results_experiment_1_MOP.csv","Regular","Plural",-0.5,0.5,"set_man_boy"
"Irregular Singular","man","hangout",7.4071307182312,14.791298866272,"MOP","results_experiment_1_MOP.csv","Irregular","Singular",0.5,-0.5,"set_man_boy"
"Irregular Plural","men","hangout",8.20753288269043,15.0254764556885,"MOP","results_experiment_1_MOP.csv","Irregular","Plural",0.5,0.5,"set_man_boy"
"Regular Singular","boy","hangout",9.00623226165771,15.7010631561279,"MOP","results_experiment_1_MOP.csv","Regular","Singular",-0.5,-0.5,"set_man_boy"
"Regular Plural","boys","hangout",8.76979637145996,15.1061363220215,"MOP","results_experiment_1_MOP.csv","Regular","Plural",-0.5,0.5,"set_man_boy"
"Irregular Singular","salesman","institute",15.0001978874207,13.3544883728027,"MOP","results_experiment_1_MOP.csv","Irregular","Singular",0.5,-0.5,"set_salesman_retailer"
"Irregular Plural","salesmen","institute",16.5569787025452,13.2486820220947,"MOP","results_experiment_1_MOP.csv","Irregular","Plural",0.5,0.5,"set_salesman_retailer"
"Regular Singular","retailer","institute",12.7138824462891,12.294093132019,"MOP","results_experiment_1_MOP.csv","Regular","Singular",-0.5,-0.5,"set_salesman_retailer"
"Regular Plural","retailers","institute",13.2357120513916,10.7555370330811,"MOP","results_experiment_1_MOP.csv","Regular","Plural",-0.5,0.5,"set_salesman_retailer"
"Irregular Singular","salesman","inspector",15.0001978874207,12.0176401138306,"MOP","results_experiment_1_MOP.csv","Irregular","Singular",0.5,-0.5,"set_salesman_retailer"
"Irregular Plural","salesmen","inspector",16.5569787025452,15.006796836853,"MOP","results_experiment_1_MOP.csv","Irregular","Plural",0.5,0.5,"set_salesman_retailer"
"Regular Singular","retailer","inspector",12.7138824462891,12.62917137146,"MOP","results_experiment_1_MOP.csv","Regular","Singular",-0.5,-0.5,"set_salesman_retailer"
"Regular Plural","retailers","inspector",13.2357120513916,14.4356174468994,"MOP","results_experiment_1_MOP.csv","Regular","Plural",-0.5,0.5,"set_salesman_retailer"
"Irregular Singular","salesman","protector",15.0001978874207,19.4257507324219,"MOP","results_experiment_1_MOP.csv","Irregular","Singular",0.5,-0.5,"set_salesman_retailer"
"Irregular Plural","salesmen","protector",16.5569787025452,18.9960732460022,"MOP","results_experiment_1_MOP.csv","Irregular","Plural",0.5,0.5,"set_salesman_retailer"
"Regular Singular","retailer","protector",12.7138824462891,16.7198572158813,"MOP","results_experiment_1_MOP.csv","Regular","Singular",-0.5,-0.5,"set_salesman_retailer"
"Regular Plural","retailers","protector",13.2357120513916,16.0761070251465,"MOP","results_experiment_1_MOP.csv","Regular","Plural",-0.5,0.5,"set_salesman_retailer"
"Irregular Singular","salesman","employer",15.0001978874207,16.493766784668,"MOP","results_experiment_1_MOP.csv","Irregular","Singular",0.5,-0.5,"set_salesman_retailer"
"Irregular Plural","salesmen","employer",16.5569787025452,16.2380924224854,"MOP","results_experiment_1_MOP.csv","Irregular","Plural",0.5,0.5,"set_salesman_retailer"
"Regular Singular","retailer","employer",12.7138824462891,14.6044063568115,"MOP","results_experiment_1_MOP.csv","Regular","Singular",-0.5,-0.5,"set_salesman_retailer"
"Regular Plural","retailers","employer",13.2357120513916,15.0368137359619,"MOP","results_experiment_1_MOP.csv","Regular","Plural",-0.5,0.5,"set_salesman_retailer"
"Irregular Singular","nobleman","patrol",13.1407227516174,13.4667720794678,"MOP","results_experiment_1_MOP.csv","Irregular","Singular",0.5,-0.5,"set_nobleman_aristocrat"
"Irregular Plural","noblemen","patrol",14.4013237953186,11.6841716766357,"MOP","results_experiment_1_MOP.csv","Irregular","Plural",0.5,0.5,"set_nobleman_aristocrat"
"Regular Singular","aristocrat","patrol",14.8453330993652,12.9176979064941,"MOP","results_experiment_1_MOP.csv","Regular","Singular",-0.5,-0.5,"set_nobleman_aristocrat"
"Regular Plural","aristocrats","patrol",13.5849494934082,14.3320322036743,"MOP","results_experiment_1_MOP.csv","Regular","Plural",-0.5,0.5,"set_nobleman_aristocrat"
"Irregular Singular","nobleman","hangout",13.1407227516174,15.3719053268433,"MOP","results_experiment_1_MOP.csv","Irregular","Singular",0.5,-0.5,"set_nobleman_aristocrat"
"Irregular Plural","noblemen","hangout",14.4013237953186,15.1885147094727,"MOP","results_experiment_1_MOP.csv","Irregular","Plural",0.5,0.5,"set_nobleman_aristocrat"
"Regular Singular","aristocrat","hangout",14.8453330993652,19.5407972335815,"MOP","results_experiment_1_MOP.csv","Regular","Singular",-0.5,-0.5,"set_nobleman_aristocrat"
"Regular Plural","aristocrats","hangout",13.5849494934082,17.5089936256409,"MOP","results_experiment_1_MOP.csv","Regular","Plural",-0.5,0.5,"set_nobleman_aristocrat"
"Irregular Singular","nobleman","institute",13.1407227516174,12.9388027191162,"MOP","results_experiment_1_MOP.csv","Irregular","Singular",0.5,-0.5,"set_nobleman_aristocrat"
"Irregular Plural","noblemen","institute",14.4013237953186,12.3986749649048,"MOP","results_experiment_1_MOP.csv","Irregular","Plural",0.5,0.5,"set_nobleman_aristocrat"
"Regular Singular","aristocrat","institute",14.8453330993652,10.0301694869995,"MOP","results_experiment_1_MOP.csv","Regular","Singular",-0.5,-0.5,"set_nobleman_aristocrat"
"Regular Plural","aristocrats","institute",13.5849494934082,11.9158535003662,"MOP","results_experiment_1_MOP.csv","Regular","Plural",-0.5,0.5,"set_nobleman_aristocrat"
"Irregular Singular","nobleman","crew",13.1407227516174,11.3593149185181,"MOP","results_experiment_1_MOP.csv","Irregular","Singular",0.5,-0.5,"set_nobleman_aristocrat"
"Irregular Plural","noblemen","crew",14.4013237953186,12.04944896698,"MOP","results_experiment_1_MOP.csv","Irregular","Plural",0.5,0.5,"set_nobleman_aristocrat"
"Regular Singular","aristocrat","crew",14.8453330993652,12.7778244018555,"MOP","results_experiment_1_MOP.csv","Regular","Singular",-0.5,-0.5,"set_nobleman_aristocrat"
"Regular Plural","aristocrats","crew",13.5849494934082,15.5992298126221,"MOP","results_experiment_1_MOP.csv","Regular","Plural",-0.5,0.5,"set_nobleman_aristocrat"
"Irregular Singular","boatman","patrol",15.5946311950684,12.3574686050415,"MOP","results_experiment_1_MOP.csv","Irregular","Singular",0.5,-0.5,"set_boatman_shipmate"
"Irregular Plural","boatmen","patrol",17.4245386123657,9.01008033752441,"MOP","results_experiment_1_MOP.csv","Irregular","Plural",0.5,0.5,"set_boatman_shipmate"
"Regular Singular","shipmate","patrol",17.1215724945068,11.3695878982544,"MOP","results_experiment_1_MOP.csv","Regular","Singular",-0.5,-0.5,"set_boatman_shipmate"
"Regular Plural","shipmates","patrol",18.5841236114502,9.74203872680664,"MOP","results_experiment_1_MOP.csv","Regular","Plural",-0.5,0.5,"set_boatman_shipmate"
"Irregular Singular","boatman","finder",15.5946311950684,16.6361045837402,"MOP","results_experiment_1_MOP.csv","Irregular","Singular",0.5,-0.5,"set_boatman_shipmate"
"Irregular Plural","boatmen","finder",17.4245386123657,16.1664452552795,"MOP","results_experiment_1_MOP.csv","Irregular","Plural",0.5,0.5,"set_boatman_shipmate"
"Regular Singular","shipmate","finder",17.1215724945068,13.3284301757812,"MOP","results_experiment_1_MOP.csv","Regular","Singular",-0.5,-0.5,"set_boatman_shipmate"
"Regular Plural","shipmates","finder",18.5841236114502,15.4668798446655,"MOP","results_experiment_1_MOP.csv","Regular","Plural",-0.5,0.5,"set_boatman_shipmate"
"Irregular Singular","boatman","inspector",15.5946311950684,9.88553714752197,"MOP","results_experiment_1_MOP.csv","Irregular","Singular",0.5,-0.5,"set_boatman_shipmate"
"Irregular Plural","boatmen","inspector",17.4245386123657,12.5879850387573,"MOP","results_experiment_1_MOP.csv","Irregular","Plural",0.5,0.5,"set_boatman_shipmate"
"Regular Singular","shipmate","inspector",17.1215724945068,9.79301261901855,"MOP","results_experiment_1_MOP.csv","Regular","Singular",-0.5,-0.5,"set_boatman_shipmate"
"Regular Plural","shipmates","inspector",18.5841236114502,13.135404586792,"MOP","results_experiment_1_MOP.csv","Regular","Plural",-0.5,0.5,"set_boatman_shipmate"
"Irregular Singular","boatman","employer",15.5946311950684,17.7619533538818,"MOP","results_experiment_1_MOP.csv","Irregular","Singular",0.5,-0.5,"set_boatman_shipmate"
"Irregular Plural","boatmen","employer",17.4245386123657,18.4387321472168,"MOP","results_experiment_1_MOP.csv","Irregular","Plural",0.5,0.5,"set_boatman_shipmate"
"Regular Singular","shipmate","employer",17.1215724945068,15.7585926055908,"MOP","results_experiment_1_MOP.csv","Regular","Singular",-0.5,-0.5,"set_boatman_shipmate"
"Regular Plural","shipmates","employer",18.5841236114502,17.8792667388916,"MOP","results_experiment_1_MOP.csv","Regular","Plural",-0.5,0.5,"set_boatman_shipmate"
"Irregular Singular","craftsman","employer",15.7918109893799,15.5785436630249,"MOP","results_experiment_1_MOP.csv","Irregular","Singular",0.5,-0.5,"set_craftsman_labourer"
"Irregular Plural","craftsmen","employer",17.7661237716675,12.1637239456177,"MOP","results_experiment_1_MOP.csv","Irregular","Plural",0.5,0.5,"set_craftsman_labourer"
"Regular Singular","labourer","employer",14.0835933685303,14.7879276275635,"MOP","results_experiment_1_MOP.csv","Regular","Singular",-0.5,-0.5,"set_craftsman_labourer"
"Regular Plural","labourers","employer",14.3800191879272,17.1701240539551,"MOP","results_experiment_1_MOP.csv","Regular","Plural",-0.5,0.5,"set_craftsman_labourer"
"Irregular Singular","craftsman","examination",15.7918109893799,11.0109748840332,"MOP","results_experiment_1_MOP.csv","Irregular","Singular",0.5,-0.5,"set_craftsman_labourer"
"Irregular Plural","craftsmen","examination",17.7661237716675,11.0899324417114,"MOP","results_experiment_1_MOP.csv","Irregular","Plural",0.5,0.5,"set_craftsman_labourer"
"Regular Singular","labourer","examination",14.0835933685303,12.5158586502075,"MOP","results_experiment_1_MOP.csv","Regular","Singular",-0.5,-0.5,"set_craftsman_labourer"
"Regular Plural","labourers","examination",14.3800191879272,13.7217016220093,"MOP","results_experiment_1_MOP.csv","Regular","Plural",-0.5,0.5,"set_craftsman_labourer"
"Irregular Singular","craftsman","hangout",15.7918109893799,16.5319604873657,"MOP","results_experiment_1_MOP.csv","Irregular","Singular",0.5,-0.5,"set_craftsman_labourer"
"Irregular Plural","craftsmen","hangout",17.7661237716675,13.6845903396606,"MOP","results_experiment_1_MOP.csv","Irregular","Plural",0.5,0.5,"set_craftsman_labourer"
"Regular Singular","labourer","hangout",14.0835933685303,16.1315269470215,"MOP","results_experiment_1_MOP.csv","Regular","Singular",-0.5,-0.5,"set_craftsman_labourer"
"Regular Plural","labourers","hangout",14.3800191879272,14.9745359420776,"MOP","results_experiment_1_MOP.csv","Regular","Plural",-0.5,0.5,"set_craftsman_labourer"
"Irregular Singular","craftsman","finder",15.7918109893799,15.3222179412842,"MOP","results_experiment_1_MOP.csv","Irregular","Singular",0.5,-0.5,"set_craftsman_labourer"
"Irregular Plural","craftsmen","finder",17.7661237716675,15.3012433052063,"MOP","results_experiment_1_MOP.csv","Irregular","Plural",0.5,0.5,"set_craftsman_labourer"
"Regular Singular","labourer","finder",14.0835933685303,13.0456590652466,"MOP","results_experiment_1_MOP.csv","Regular","Singular",-0.5,-0.5,"set_craftsman_labourer"
"Regular Plural","labourers","finder",14.3800191879272,13.8964824676514,"MOP","results_experiment_1_MOP.csv","Regular","Plural",-0.5,0.5,"set_craftsman_labourer"
"Irregular Singular","fireman","examination",12.8551540374756,13.3537006378174,"MOP","results_experiment_1_MOP.csv","Irregular","Singular",0.5,-0.5,"set_fireman_lifeguard"
"Irregular Plural","firemen","examination",16.1369848251343,11.3108596801758,"MOP","results_experiment_1_MOP.csv","Irregular","Plural",0.5,0.5,"set_fireman_lifeguard"
"Regular Singular","lifeguard","examination",16.3006672859192,11.3167819976807,"MOP","results_experiment_1_MOP.csv","Regular","Singular",-0.5,-0.5,"set_fireman_lifeguard"
"Regular Plural","lifeguards","examination",16.5791654586792,11.0483427047729,"MOP","results_experiment_1_MOP.csv","Regular","Plural",-0.5,0.5,"set_fireman_lifeguard"
"Irregular Singular","fireman","employer",12.8551540374756,16.6275959014893,"MOP","results_experiment_1_MOP.csv","Irregular","Singular",0.5,-0.5,"set_fireman_lifeguard"
"Irregular Plural","firemen","employer",16.1369848251343,15.7927665710449,"MOP","results_experiment_1_MOP.csv","Irregular","Plural",0.5,0.5,"set_fireman_lifeguard"
"Regular Singular","lifeguard","employer",16.3006672859192,17.943883895874,"MOP","results_experiment_1_MOP.csv","Regular","Singular",-0.5,-0.5,"set_fireman_lifeguard"
"Regular Plural","lifeguards","employer",16.5791654586792,17.1070823669434,"MOP","results_experiment_1_MOP.csv","Regular","Plural",-0.5,0.5,"set_fireman_lifeguard"
"Irregular Singular","fireman","crew",12.8551540374756,11.3617124557495,"MOP","results_experiment_1_MOP.csv","Irregular","Singular",0.5,-0.5,"set_fireman_lifeguard"
"Irregular Plural","firemen","crew",16.1369848251343,8.92329502105713,"MOP","results_experiment_1_MOP.csv","Irregular","Plural",0.5,0.5,"set_fireman_lifeguard"
"Regular Singular","lifeguard","crew",16.3006672859192,7.60728883743286,"MOP","results_experiment_1_MOP.csv","Regular","Singular",-0.5,-0.5,"set_fireman_lifeguard"
"Regular Plural","lifeguards","crew",16.5791654586792,10.0326337814331,"MOP","results_experiment_1_MOP.csv","Regular","Plural",-0.5,0.5,"set_fireman_lifeguard"
"Irregular Singular","fireman","patrol",12.8551540374756,11.8565587997437,"MOP","results_experiment_1_MOP.csv","Irregular","Singular",0.5,-0.5,"set_fireman_lifeguard"
"Irregular Plural","firemen","patrol",16.1369848251343,9.34207153320312,"MOP","results_experiment_1_MOP.csv","Irregular","Plural",0.5,0.5,"set_fireman_lifeguard"
"Regular Singular","lifeguard","patrol",16.3006672859192,12.4431762695312,"MOP","results_experiment_1_MOP.csv","Regular","Singular",-0.5,-0.5,"set_fireman_lifeguard"
"Regular Plural","lifeguards","patrol",16.5791654586792,11.110387802124,"MOP","results_experiment_1_MOP.csv","Regular","Plural",-0.5,0.5,"set_fireman_lifeguard"
"Irregular Singular","goose","protector",32.0154819488525,14.4754123687744,"OPT_10M","results_experiment_1_OPT_10M.csv","Irregular","Singular",0.5,-0.5,"set_goose_swan"
"Irregular Plural","geese","protector",32.6203527450562,12.5864362716675,"OPT_10M","results_experiment_1_OPT_10M.csv","Irregular","Plural",0.5,0.5,"set_goose_swan"
"Regular Singular","swan","protector",25.0933742523193,13.1186847686768,"OPT_10M","results_experiment_1_OPT_10M.csv","Regular","Singular",-0.5,-0.5,"set_goose_swan"
"Regular Plural","swans","protector",23.6843490600586,19.3068923950195,"OPT_10M","results_experiment_1_OPT_10M.csv","Regular","Plural",-0.5,0.5,"set_goose_swan"
"Irregular Singular","goose","trader",32.0154819488525,17.1693115234375,"OPT_10M","results_experiment_1_OPT_10M.csv","Irregular","Singular",0.5,-0.5,"set_goose_swan"
"Irregular Plural","geese","trader",32.6203527450562,16.2528610229492,"OPT_10M","results_experiment_1_OPT_10M.csv","Irregular","Plural",0.5,0.5,"set_goose_swan"
"Regular Singular","swan","trader",25.0933742523193,15.0624561309814,"OPT_10M","results_experiment_1_OPT_10M.csv","Regular","Singular",-0.5,-0.5,"set_goose_swan"
"Regular Plural","swans","trader",23.6843490600586,21.3307571411133,"OPT_10M","results_experiment_1_OPT_10M.csv","Regular","Plural",-0.5,0.5,"set_goose_swan"
"Irregular Singular","goose","tracker",32.0154819488525,16.7896766662598,"OPT_10M","results_experiment_1_OPT_10M.csv","Irregular","Singular",0.5,-0.5,"set_goose_swan"
"Irregular Plural","geese","tracker",32.6203527450562,14.6497049331665,"OPT_10M","results_experiment_1_OPT_10M.csv","Irregular","Plural",0.5,0.5,"set_goose_swan"
"Regular Singular","swan","tracker",25.0933742523193,15.1047878265381,"OPT_10M","results_experiment_1_OPT_10M.csv","Regular","Singular",-0.5,-0.5,"set_goose_swan"
"Regular Plural","swans","tracker",23.6843490600586,17.7441940307617,"OPT_10M","results_experiment_1_OPT_10M.csv","Regular","Plural",-0.5,0.5,"set_goose_swan"
"Irregular Singular","goose","expert",32.0154819488525,16.2628002166748,"OPT_10M","results_experiment_1_OPT_10M.csv","Irregular","Singular",0.5,-0.5,"set_goose_swan"
"Irregular Plural","geese","expert",32.6203527450562,9.66732406616211,"OPT_10M","results_experiment_1_OPT_10M.csv","Irregular","Plural",0.5,0.5,"set_goose_swan"
"Regular Singular","swan","expert",25.0933742523193,11.5151405334473,"OPT_10M","results_experiment_1_OPT_10M.csv","Regular","Singular",-0.5,-0.5,"set_goose_swan"
"Regular Plural","swans","expert",23.6843490600586,14.3856992721558,"OPT_10M","results_experiment_1_OPT_10M.csv","Regular","Plural",-0.5,0.5,"set_goose_swan"
"Irregular Singular","ox","register",20.8313064575195,14.1947660446167,"OPT_10M","results_experiment_1_OPT_10M.csv","Irregular","Singular",0.5,-0.5,"set_ox_cow"
"Irregular Plural","oxen","register",31.4895143508911,9.86451816558838,"OPT_10M","results_experiment_1_OPT_10M.csv","Irregular","Plural",0.5,0.5,"set_ox_cow"
"Regular Singular","cow","register",20.1999340057373,12.9346284866333,"OPT_10M","results_experiment_1_OPT_10M.csv","Regular","Singular",-0.5,-0.5,"set_ox_cow"
"Regular Plural","cows","register",24.1832580566406,13.9476194381714,"OPT_10M","results_experiment_1_OPT_10M.csv","Regular","Plural",-0.5,0.5,"set_ox_cow"
"Irregular Singular","ox","trader",20.8313064575195,17.7826385498047,"OPT_10M","results_experiment_1_OPT_10M.csv","Irregular","Singular",0.5,-0.5,"set_ox_cow"
"Irregular Plural","oxen","trader",31.4895143508911,17.4029235839844,"OPT_10M","results_experiment_1_OPT_10M.csv","Irregular","Plural",0.5,0.5,"set_ox_cow"
"Regular Singular","cow","trader",20.1999340057373,19.1905651092529,"OPT_10M","results_experiment_1_OPT_10M.csv","Regular","Singular",-0.5,-0.5,"set_ox_cow"
"Regular Plural","cows","trader",24.1832580566406,18.6916847229004,"OPT_10M","results_experiment_1_OPT_10M.csv","Regular","Plural",-0.5,0.5,"set_ox_cow"
"Irregular Singular","ox","tracker",20.8313064575195,18.7461853027344,"OPT_10M","results_experiment_1_OPT_10M.csv","Irregular","Singular",0.5,-0.5,"set_ox_cow"
"Irregular Plural","oxen","tracker",31.4895143508911,17.092643737793,"OPT_10M","results_experiment_1_OPT_10M.csv","Irregular","Plural",0.5,0.5,"set_ox_cow"
"Regular Singular","cow","tracker",20.1999340057373,18.5123634338379,"OPT_10M","results_experiment_1_OPT_10M.csv","Regular","Singular",-0.5,-0.5,"set_ox_cow"
"Regular Plural","cows","tracker",24.1832580566406,18.4707450866699,"OPT_10M","results_experiment_1_OPT_10M.csv","Regular","Plural",-0.5,0.5,"set_ox_cow"
"Irregular Singular","ox","finder",20.8313064575195,25.9443044662476,"OPT_10M","results_experiment_1_OPT_10M.csv","Irregular","Singular",0.5,-0.5,"set_ox_cow"
"Irregular Plural","oxen","finder",31.4895162582397,26.7571458816528,"OPT_10M","results_experiment_1_OPT_10M.csv","Irregular","Plural",0.5,0.5,"set_ox_cow"
"Regular Singular","cow","finder",20.1999340057373,26.7913846969604,"OPT_10M","results_experiment_1_OPT_10M.csv","Regular","Singular",-0.5,-0.5,"set_ox_cow"
"Regular Plural","cows","finder",24.1832590103149,26.8322668075562,"OPT_10M","results_experiment_1_OPT_10M.csv","Regular","Plural",-0.5,0.5,"set_ox_cow"
"Irregular Singular","louse","issue",26.1348190307617,13.838921546936,"OPT_10M","results_experiment_1_OPT_10M.csv","Irregular","Singular",0.5,-0.5,"set_louse_flea"
"Irregular Plural","lice","issue",27.1592330932617,13.5592155456543,"OPT_10M","results_experiment_1_OPT_10M.csv","Irregular","Plural",0.5,0.5,"set_louse_flea"
"Regular Singular","flea","issue",24.1974110603333,12.3401708602905,"OPT_10M","results_experiment_1_OPT_10M.csv","Regular","Singular",-0.5,-0.5,"set_louse_flea"
"Regular Plural","fleas","issue",26.4980130195618,17.3394908905029,"OPT_10M","results_experiment_1_OPT_10M.csv","Regular","Plural",-0.5,0.5,"set_louse_flea"
"Irregular Singular","louse","trader",26.1348190307617,18.7793884277344,"OPT_10M","results_experiment_1_OPT_10M.csv","Irregular","Singular",0.5,-0.5,"set_louse_flea"
"Irregular Plural","lice","trader",27.1592330932617,16.7810688018799,"OPT_10M","results_experiment_1_OPT_10M.csv","Irregular","Plural",0.5,0.5,"set_louse_flea"
"Regular Singular","flea","trader",24.1974110603333,13.1731739044189,"OPT_10M","results_experiment_1_OPT_10M.csv","Regular","Singular",-0.5,-0.5,"set_louse_flea"
"Regular Plural","fleas","trader",26.4980130195618,19.5055980682373,"OPT_10M","results_experiment_1_OPT_10M.csv","Regular","Plural",-0.5,0.5,"set_louse_flea"
"Irregular Singular","louse","tracker",26.1348190307617,16.1348190307617,"OPT_10M","results_experiment_1_OPT_10M.csv","Irregular","Singular",0.5,-0.5,"set_louse_flea"
"Irregular Plural","lice","tracker",27.1592330932617,17.2466068267822,"OPT_10M","results_experiment_1_OPT_10M.csv","Irregular","Plural",0.5,0.5,"set_louse_flea"
"Regular Singular","flea","tracker",24.1974110603333,14.3721418380737,"OPT_10M","results_experiment_1_OPT_10M.csv","Regular","Singular",-0.5,-0.5,"set_louse_flea"
"Regular Plural","fleas","tracker",26.4980130195618,18.7621574401855,"OPT_10M","results_experiment_1_OPT_10M.csv","Regular","Plural",-0.5,0.5,"set_louse_flea"
"Irregular Singular","louse","expert",26.1348190307617,15.9409322738647,"OPT_10M","results_experiment_1_OPT_10M.csv","Irregular","Singular",0.5,-0.5,"set_louse_flea"
"Irregular Plural","lice","expert",27.1592330932617,14.5280790328979,"OPT_10M","results_experiment_1_OPT_10M.csv","Irregular","Plural",0.5,0.5,"set_louse_flea"
"Regular Singular","flea","expert",24.1974110603333,12.5916299819946,"OPT_10M","results_experiment_1_OPT_10M.csv","Regular","Singular",-0.5,-0.5,"set_louse_flea"
"Regular Plural","fleas","expert",26.4980130195618,15.9700975418091,"OPT_10M","results_experiment_1_OPT_10M.csv","Regular","Plural",-0.5,0.5,"set_louse_flea"
"Irregular Singular","mouse","issue",21.9640369415283,13.3362350463867,"OPT_10M","results_experiment_1_OPT_10M.csv","Irregular","Singular",0.5,-0.5,"set_mouse_rat"
"Irregular Plural","mice","issue",28.7320222854614,12.1054201126099,"OPT_10M","results_experiment_1_OPT_10M.csv","Irregular","Plural",0.5,0.5,"set_mouse_rat"
"Regular Singular","rat","issue",20.4139022827148,10.0068416595459,"OPT_10M","results_experiment_1_OPT_10M.csv","Regular","Singular",-0.5,-0.5,"set_mouse_rat"
"Regular Plural","rats","issue",22.9984741210938,17.6798267364502,"OPT_10M","results_experiment_1_OPT_10M.csv","Regular","Plural",-0.5,0.5,"set_mouse_rat"
"Irregular Singular","mouse","trader",21.9640369415283,18.8791561126709,"OPT_10M","results_experiment_1_OPT_10M.csv","Irregular","Singular",0.5,-0.5,"set_mouse_rat"
"Irregular Plural","mice","trader",28.7320222854614,17.0193824768066,"OPT_10M","results_experiment_1_OPT_10M.csv","Irregular","Plural",0.5,0.5,"set_mouse_rat"
"Regular Singular","rat","trader",20.4139022827148,16.0991058349609,"OPT_10M","results_experiment_1_OPT_10M.csv","Regular","Singular",-0.5,-0.5,"set_mouse_rat"
"Regular Plural","rats","trader",22.9984741210938,19.1381702423096,"OPT_10M","results_experiment_1_OPT_10M.csv","Regular","Plural",-0.5,0.5,"set_mouse_rat"
"Irregular Singular","mouse","tracker",21.9640369415283,21.1562328338623,"OPT_10M","results_experiment_1_OPT_10M.csv","Irregular","Singular",0.5,-0.5,"set_mouse_rat"
"Irregular Plural","mice","tracker",28.7320222854614,17.2102108001709,"OPT_10M","results_experiment_1_OPT_10M.csv","Irregular","Plural",0.5,0.5,"set_mouse_rat"
"Regular Singular","rat","tracker",20.4139022827148,16.1075000762939,"OPT_10M","results_experiment_1_OPT_10M.csv","Regular","Singular",-0.5,-0.5,"set_mouse_rat"
"Regular Plural","rats","tracker",22.9984741210938,19.5890674591064,"OPT_10M","results_experiment_1_OPT_10M.csv","Regular","Plural",-0.5,0.5,"set_mouse_rat"
"Irregular Singular","mouse","inspector",21.9640369415283,15.3152275085449,"OPT_10M","results_experiment_1_OPT_10M.csv","Irregular","Singular",0.5,-0.5,"set_mouse_rat"
"Irregular Plural","mice","inspector",28.7320222854614,13.4513349533081,"OPT_10M","results_experiment_1_OPT_10M.csv","Irregular","Plural",0.5,0.5,"set_mouse_rat"
"Regular Singular","rat","inspector",20.4139022827148,16.0590648651123,"OPT_10M","results_experiment_1_OPT_10M.csv","Regular","Singular",-0.5,-0.5,"set_mouse_rat"
"Regular Plural","rats","inspector",22.9984741210938,20.2974033355713,"OPT_10M","results_experiment_1_OPT_10M.csv","Regular","Plural",-0.5,0.5,"set_mouse_rat"
"Irregular Singular","foot","issue",20.6763744354248,11.1437511444092,"OPT_10M","results_experiment_1_OPT_10M.csv","Irregular","Singular",0.5,-0.5,"set_foot_leg"
"Irregular Plural","feet","issue",20.8239307403564,15.6853103637695,"OPT_10M","results_experiment_1_OPT_10M.csv","Irregular","Plural",0.5,0.5,"set_foot_leg"
"Regular Singular","leg","issue",22.0428905487061,12.2447547912598,"OPT_10M","results_experiment_1_OPT_10M.csv","Regular","Singular",-0.5,-0.5,"set_foot_leg"
"Regular Plural","legs","issue",27.7973804473877,13.1970090866089,"OPT_10M","results_experiment_1_OPT_10M.csv","Regular","Plural",-0.5,0.5,"set_foot_leg"
"Irregular Singular","foot","examination",20.6763744354248,11.7262945175171,"OPT_10M","results_experiment_1_OPT_10M.csv","Irregular","Singular",0.5,-0.5,"set_foot_leg"
"Irregular Plural","feet","examination",20.8239307403564,14.225302696228,"OPT_10M","results_experiment_1_OPT_10M.csv","Irregular","Plural",0.5,0.5,"set_foot_leg"
"Regular Singular","leg","examination",22.0428905487061,10.8771171569824,"OPT_10M","results_experiment_1_OPT_10M.csv","Regular","Singular",-0.5,-0.5,"set_foot_leg"
"Regular Plural","legs","examination",27.7973804473877,12.7308177947998,"OPT_10M","results_experiment_1_OPT_10M.csv","Regular","Plural",-0.5,0.5,"set_foot_leg"
"Irregular Singular","foot","expert",20.6763744354248,12.8744831085205,"OPT_10M","results_experiment_1_OPT_10M.csv","Irregular","Singular",0.5,-0.5,"set_foot_leg"
"Irregular Plural","feet","expert",20.8239307403564,15.3191070556641,"OPT_10M","results_experiment_1_OPT_10M.csv","Irregular","Plural",0.5,0.5,"set_foot_leg"
"Regular Singular","leg","expert",22.0428905487061,13.9973678588867,"OPT_10M","results_experiment_1_OPT_10M.csv","Regular","Singular",-0.5,-0.5,"set_foot_leg"
"Regular Plural","legs","expert",27.7973804473877,13.2228050231934,"OPT_10M","results_experiment_1_OPT_10M.csv","Regular","Plural",-0.5,0.5,"set_foot_leg"
"Irregular Singular","foot","inspector",20.6763744354248,12.7168684005737,"OPT_10M","results_experiment_1_OPT_10M.csv","Irregular","Singular",0.5,-0.5,"set_foot_leg"
"Irregular Plural","feet","inspector",20.8239307403564,17.3131542205811,"OPT_10M","results_experiment_1_OPT_10M.csv","Irregular","Plural",0.5,0.5,"set_foot_leg"
"Regular Singular","leg","inspector",22.0428905487061,12.9864826202393,"OPT_10M","results_experiment_1_OPT_10M.csv","Regular","Singular",-0.5,-0.5,"set_foot_leg"
"Regular Plural","legs","inspector",27.7973804473877,16.5502052307129,"OPT_10M","results_experiment_1_OPT_10M.csv","Regular","Plural",-0.5,0.5,"set_foot_leg"
"Irregular Singular","tooth","issue",32.4326915740967,12.4496250152588,"OPT_10M","results_experiment_1_OPT_10M.csv","Irregular","Singular",0.5,-0.5,"set_tooth_bone"
"Irregular Plural","teeth","issue",29.1542415618896,14.6796417236328,"OPT_10M","results_experiment_1_OPT_10M.csv","Irregular","Plural",0.5,0.5,"set_tooth_bone"
"Regular Singular","bone","issue",19.1847591400146,13.0425300598145,"OPT_10M","results_experiment_1_OPT_10M.csv","Regular","Singular",-0.5,-0.5,"set_tooth_bone"
"Regular Plural","bones","issue",18.861457824707,15.3691654205322,"OPT_10M","results_experiment_1_OPT_10M.csv","Regular","Plural",-0.5,0.5,"set_tooth_bone"
"Irregular Singular","tooth","examination",32.4326915740967,14.2652893066406,"OPT_10M","results_experiment_1_OPT_10M.csv","Irregular","Singular",0.5,-0.5,"set_tooth_bone"
"Irregular Plural","teeth","examination",29.1542415618896,12.756799697876,"OPT_10M","results_experiment_1_OPT_10M.csv","Irregular","Plural",0.5,0.5,"set_tooth_bone"
"Regular Singular","bone","examination",19.1847591400146,10.8843660354614,"OPT_10M","results_experiment_1_OPT_10M.csv","Regular","Singular",-0.5,-0.5,"set_tooth_bone"
"Regular Plural","bones","examination",18.861457824707,15.7443771362305,"OPT_10M","results_experiment_1_OPT_10M.csv","Regular","Plural",-0.5,0.5,"set_tooth_bone"
"Irregular Singular","tooth","expert",32.4326915740967,14.4979133605957,"OPT_10M","results_experiment_1_OPT_10M.csv","Irregular","Singular",0.5,-0.5,"set_tooth_bone"
"Irregular Plural","teeth","expert",29.1542415618896,14.6154136657715,"OPT_10M","results_experiment_1_OPT_10M.csv","Irregular","Plural",0.5,0.5,"set_tooth_bone"
"Regular Singular","bone","expert",19.1847591400146,15.1041774749756,"OPT_10M","results_experiment_1_OPT_10M.csv","Regular","Singular",-0.5,-0.5,"set_tooth_bone"
"Regular Plural","bones","expert",18.861457824707,16.8633155822754,"OPT_10M","results_experiment_1_OPT_10M.csv","Regular","Plural",-0.5,0.5,"set_tooth_bone"
"Irregular Singular","tooth","protector",32.4326915740967,14.9406604766846,"OPT_10M","results_experiment_1_OPT_10M.csv","Irregular","Singular",0.5,-0.5,"set_tooth_bone"
"Irregular Plural","teeth","protector",29.1542415618896,16.0588531494141,"OPT_10M","results_experiment_1_OPT_10M.csv","Irregular","Plural",0.5,0.5,"set_tooth_bone"
"Regular Singular","bone","protector",19.1847591400146,15.6524658203125,"OPT_10M","results_experiment_1_OPT_10M.csv","Regular","Singular",-0.5,-0.5,"set_tooth_bone"
"Regular Plural","bones","protector",18.861457824707,19.16623878479,"OPT_10M","results_experiment_1_OPT_10M.csv","Regular","Plural",-0.5,0.5,"set_tooth_bone"
"Irregular Singular","child","patrol",20.9548931121826,15.7825393676758,"OPT_10M","results_experiment_1_OPT_10M.csv","Irregular","Singular",0.5,-0.5,"set_child_adult"
"Irregular Plural","children","patrol",22.0735321044922,17.0768127441406,"OPT_10M","results_experiment_1_OPT_10M.csv","Irregular","Plural",0.5,0.5,"set_child_adult"
"Regular Singular","adult","patrol",24.0363750457764,15.6543674468994,"OPT_10M","results_experiment_1_OPT_10M.csv","Regular","Singular",-0.5,-0.5,"set_child_adult"
"Regular Plural","adults","patrol",30.5338592529297,17.3870239257812,"OPT_10M","results_experiment_1_OPT_10M.csv","Regular","Plural",-0.5,0.5,"set_child_adult"
"Irregular Singular","child","register",20.9548931121826,14.2951736450195,"OPT_10M","results_experiment_1_OPT_10M.csv","Irregular","Singular",0.5,-0.5,"set_child_adult"
"Irregular Plural","children","register",22.0735321044922,14.1648464202881,"OPT_10M","results_experiment_1_OPT_10M.csv","Irregular","Plural",0.5,0.5,"set_child_adult"
"Regular Singular","adult","register",24.0363750457764,14.804759979248,"OPT_10M","results_experiment_1_OPT_10M.csv","Regular","Singular",-0.5,-0.5,"set_child_adult"
"Regular Plural","adults","register",30.5338592529297,14.3456249237061,"OPT_10M","results_experiment_1_OPT_10M.csv","Regular","Plural",-0.5,0.5,"set_child_adult"
"Irregular Singular","child","institute",20.9548931121826,13.1535739898682,"OPT_10M","results_experiment_1_OPT_10M.csv","Irregular","Singular",0.5,-0.5,"set_child_adult"
"Irregular Plural","children","institute",22.0735321044922,17.1521434783936,"OPT_10M","results_experiment_1_OPT_10M.csv","Irregular","Plural",0.5,0.5,"set_child_adult"
"Regular Singular","adult","institute",24.0363750457764,17.5152034759521,"OPT_10M","results_experiment_1_OPT_10M.csv","Regular","Singular",-0.5,-0.5,"set_child_adult"
"Regular Plural","adults","institute",30.5338592529297,17.073148727417,"OPT_10M","results_experiment_1_OPT_10M.csv","Regular","Plural",-0.5,0.5,"set_child_adult"
"Irregular Singular","child","crew",20.9548931121826,12.0407390594482,"OPT_10M","results_experiment_1_OPT_10M.csv","Irregular","Singular",0.5,-0.5,"set_child_adult"
"Irregular Plural","children","crew",22.0735321044922,17.144401550293,"OPT_10M","results_experiment_1_OPT_10M.csv","Irregular","Plural",0.5,0.5,"set_child_adult"
"Regular Singular","adult","crew",24.0363750457764,15.7120971679688,"OPT_10M","results_experiment_1_OPT_10M.csv","Regular","Singular",-0.5,-0.5,"set_child_adult"
"Regular Plural","adults","crew",30.5338592529297,18.748384475708,"OPT_10M","results_experiment_1_OPT_10M.csv","Regular","Plural",-0.5,0.5,"set_child_adult"
"Irregular Singular","woman","protector",20.244010925293,17.3996181488037,"OPT_10M","results_experiment_1_OPT_10M.csv","Irregular","Singular",0.5,-0.5,"set_woman_girl"
"Irregular Plural","women","protector",21.1405487060547,18.2845153808594,"OPT_10M","results_experiment_1_OPT_10M.csv","Irregular","Plural",0.5,0.5,"set_woman_girl"
"Regular Singular","girl","protector",20.3598880767822,15.9819278717041,"OPT_10M","results_experiment_1_OPT_10M.csv","Regular","Singular",-0.5,-0.5,"set_woman_girl"
"Regular Plural","girls","protector",22.5310020446777,18.4146499633789,"OPT_10M","results_experiment_1_OPT_10M.csv","Regular","Plural",-0.5,0.5,"set_woman_girl"
"Irregular Singular","woman","register",20.244010925293,14.3113613128662,"OPT_10M","results_experiment_1_OPT_10M.csv","Irregular","Singular",0.5,-0.5,"set_woman_girl"
"Irregular Plural","women","register",21.1405487060547,13.8681993484497,"OPT_10M","results_experiment_1_OPT_10M.csv","Irregular","Plural",0.5,0.5,"set_woman_girl"
"Regular Singular","girl","register",20.3598880767822,12.1442909240723,"OPT_10M","results_experiment_1_OPT_10M.csv","Regular","Singular",-0.5,-0.5,"set_woman_girl"
"Regular Plural","girls","register",22.5310020446777,14.2964839935303,"OPT_10M","results_experiment_1_OPT_10M.csv","Regular","Plural",-0.5,0.5,"set_woman_girl"
"Irregular Singular","woman","hangout",20.244010925293,16.3858461380005,"OPT_10M","results_experiment_1_OPT_10M.csv","Irregular","Singular",0.5,-0.5,"set_woman_girl"
"Irregular Plural","women","hangout",21.1405487060547,18.4625597000122,"OPT_10M","results_experiment_1_OPT_10M.csv","Irregular","Plural",0.5,0.5,"set_woman_girl"
"Regular Singular","girl","hangout",20.3598880767822,16.4481325149536,"OPT_10M","results_experiment_1_OPT_10M.csv","Regular","Singular",-0.5,-0.5,"set_woman_girl"
"Regular Plural","girls","hangout",22.5310020446777,17.3112421035767,"OPT_10M","results_experiment_1_OPT_10M.csv","Regular","Plural",-0.5,0.5,"set_woman_girl"
"Irregular Singular","woman","crew",20.244010925293,14.2669515609741,"OPT_10M","results_experiment_1_OPT_10M.csv","Irregular","Singular",0.5,-0.5,"set_woman_girl"
"Irregular Plural","women","crew",21.1405487060547,16.1660690307617,"OPT_10M","results_experiment_1_OPT_10M.csv","Irregular","Plural",0.5,0.5,"set_woman_girl"
"Regular Singular","girl","crew",20.3598880767822,13.5190191268921,"OPT_10M","results_experiment_1_OPT_10M.csv","Regular","Singular",-0.5,-0.5,"set_woman_girl"
"Regular Plural","girls","crew",22.5310020446777,15.6499538421631,"OPT_10M","results_experiment_1_OPT_10M.csv","Regular","Plural",-0.5,0.5,"set_woman_girl"
"Irregular Singular","man","institute",17.0986843109131,15.7704668045044,"OPT_10M","results_experiment_1_OPT_10M.csv","Irregular","Singular",0.5,-0.5,"set_man_boy"
"Irregular Plural","men","institute",14.9898710250854,17.2418975830078,"OPT_10M","results_experiment_1_OPT_10M.csv","Irregular","Plural",0.5,0.5,"set_man_boy"
"Regular Singular","boy","institute",19.4125347137451,13.8187131881714,"OPT_10M","results_experiment_1_OPT_10M.csv","Regular","Singular",-0.5,-0.5,"set_man_boy"
"Regular Plural","boys","institute",20.2591609954834,17.5087757110596,"OPT_10M","results_experiment_1_OPT_10M.csv","Regular","Plural",-0.5,0.5,"set_man_boy"
"Irregular Singular","man","register",17.0986843109131,13.5528154373169,"OPT_10M","results_experiment_1_OPT_10M.csv","Irregular","Singular",0.5,-0.5,"set_man_boy"
"Irregular Plural","men","register",14.9898710250854,15.115406036377,"OPT_10M","results_experiment_1_OPT_10M.csv","Irregular","Plural",0.5,0.5,"set_man_boy"
"Regular Singular","boy","register",19.4125347137451,12.8225040435791,"OPT_10M","results_experiment_1_OPT_10M.csv","Regular","Singular",-0.5,-0.5,"set_man_boy"
"Regular Plural","boys","register",20.2591609954834,14.0300846099854,"OPT_10M","results_experiment_1_OPT_10M.csv","Regular","Plural",-0.5,0.5,"set_man_boy"
"Irregular Singular","man","finder",17.0986843109131,28.1765937805176,"OPT_10M","results_experiment_1_OPT_10M.csv","Irregular","Singular",0.5,-0.5,"set_man_boy"
"Irregular Plural","men","finder",14.9898719787598,27.9034366607666,"OPT_10M","results_experiment_1_OPT_10M.csv","Irregular","Plural",0.5,0.5,"set_man_boy"
"Regular Singular","boy","finder",19.4125347137451,26.4505519866943,"OPT_10M","results_experiment_1_OPT_10M.csv","Regular","Singular",-0.5,-0.5,"set_man_boy"
"Regular Plural","boys","finder",20.2591609954834,26.6532983779907,"OPT_10M","results_experiment_1_OPT_10M.csv","Regular","Plural",-0.5,0.5,"set_man_boy"
"Irregular Singular","man","hangout",17.0986843109131,18.5955924987793,"OPT_10M","results_experiment_1_OPT_10M.csv","Irregular","Singular",0.5,-0.5,"set_man_boy"
"Irregular Plural","men","hangout",14.9898719787598,19.7925615310669,"OPT_10M","results_experiment_1_OPT_10M.csv","Irregular","Plural",0.5,0.5,"set_man_boy"
"Regular Singular","boy","hangout",19.4125347137451,17.9681911468506,"OPT_10M","results_experiment_1_OPT_10M.csv","Regular","Singular",-0.5,-0.5,"set_man_boy"
"Regular Plural","boys","hangout",20.2591609954834,17.2331562042236,"OPT_10M","results_experiment_1_OPT_10M.csv","Regular","Plural",-0.5,0.5,"set_man_boy"
"Irregular Singular","salesman","institute",46.0489940643311,13.8065452575684,"OPT_10M","results_experiment_1_OPT_10M.csv","Irregular","Singular",0.5,-0.5,"set_salesman_retailer"
"Irregular Plural","salesmen","institute",41.2077722549438,17.4298191070557,"OPT_10M","results_experiment_1_OPT_10M.csv","Irregular","Plural",0.5,0.5,"set_salesman_retailer"
"Regular Singular","retailer","institute",45.2790985107422,13.8215980529785,"OPT_10M","results_experiment_1_OPT_10M.csv","Regular","Singular",-0.5,-0.5,"set_salesman_retailer"
"Regular Plural","retailers","institute",45.5781764984131,16.8307495117188,"OPT_10M","results_experiment_1_OPT_10M.csv","Regular","Plural",-0.5,0.5,"set_salesman_retailer"
"Irregular Singular","salesman","inspector",46.0489940643311,14.3582534790039,"OPT_10M","results_experiment_1_OPT_10M.csv","Irregular","Singular",0.5,-0.5,"set_salesman_retailer"
"Irregular Plural","salesmen","inspector",41.2077722549438,17.8717079162598,"OPT_10M","results_experiment_1_OPT_10M.csv","Irregular","Plural",0.5,0.5,"set_salesman_retailer"
"Regular Singular","retailer","inspector",45.2790985107422,13.8714466094971,"OPT_10M","results_experiment_1_OPT_10M.csv","Regular","Singular",-0.5,-0.5,"set_salesman_retailer"
"Regular Plural","retailers","inspector",45.5781764984131,18.7091464996338,"OPT_10M","results_experiment_1_OPT_10M.csv","Regular","Plural",-0.5,0.5,"set_salesman_retailer"
"Irregular Singular","salesman","protector",46.0489940643311,14.5550098419189,"OPT_10M","results_experiment_1_OPT_10M.csv","Irregular","Singular",0.5,-0.5,"set_salesman_retailer"
"Irregular Plural","salesmen","protector",41.2077722549438,19.080924987793,"OPT_10M","results_experiment_1_OPT_10M.csv","Irregular","Plural",0.5,0.5,"set_salesman_retailer"
"Regular Singular","retailer","protector",45.2790985107422,13.0516395568848,"OPT_10M","results_experiment_1_OPT_10M.csv","Regular","Singular",-0.5,-0.5,"set_salesman_retailer"
"Regular Plural","retailers","protector",45.5781764984131,18.1133327484131,"OPT_10M","results_experiment_1_OPT_10M.csv","Regular","Plural",-0.5,0.5,"set_salesman_retailer"
"Irregular Singular","salesman","employer",46.0489940643311,16.2715969085693,"OPT_10M","results_experiment_1_OPT_10M.csv","Irregular","Singular",0.5,-0.5,"set_salesman_retailer"
"Irregular Plural","salesmen","employer",41.2077722549438,18.2983322143555,"OPT_10M","results_experiment_1_OPT_10M.csv","Irregular","Plural",0.5,0.5,"set_salesman_retailer"
"Regular Singular","retailer","employer",45.2790985107422,12.1021022796631,"OPT_10M","results_experiment_1_OPT_10M.csv","Regular","Singular",-0.5,-0.5,"set_salesman_retailer"
"Regular Plural","retailers","employer",45.5781764984131,17.2523326873779,"OPT_10M","results_experiment_1_OPT_10M.csv","Regular","Plural",-0.5,0.5,"set_salesman_retailer"
"Irregular Singular","nobleman","patrol",36.4487199783325,13.9077558517456,"OPT_10M","results_experiment_1_OPT_10M.csv","Irregular","Singular",0.5,-0.5,"set_nobleman_aristocrat"
"Irregular Plural","noblemen","patrol",34.2470579147339,14.6221418380737,"OPT_10M","results_experiment_1_OPT_10M.csv","Irregular","Plural",0.5,0.5,"set_nobleman_aristocrat"
"Regular Singular","aristocrat","patrol",26.978590965271,21.4303207397461,"OPT_10M","results_experiment_1_OPT_10M.csv","Regular","Singular",-0.5,-0.5,"set_nobleman_aristocrat"
"Regular Plural","aristocrats","patrol",23.4665327072144,19.0049819946289,"OPT_10M","results_experiment_1_OPT_10M.csv","Regular","Plural",-0.5,0.5,"set_nobleman_aristocrat"
"Irregular Singular","nobleman","hangout",36.4487199783325,18.3743419647217,"OPT_10M","results_experiment_1_OPT_10M.csv","Irregular","Singular",0.5,-0.5,"set_nobleman_aristocrat"
"Irregular Plural","noblemen","hangout",34.2470579147339,19.4024410247803,"OPT_10M","results_experiment_1_OPT_10M.csv","Irregular","Plural",0.5,0.5,"set_nobleman_aristocrat"
"Regular Singular","aristocrat","hangout",26.9785919189453,19.2316446304321,"OPT_10M","results_experiment_1_OPT_10M.csv","Regular","Singular",-0.5,-0.5,"set_nobleman_aristocrat"
"Regular Plural","aristocrats","hangout",23.46653175354,18.877516746521,"OPT_10M","results_experiment_1_OPT_10M.csv","Regular","Plural",-0.5,0.5,"set_nobleman_aristocrat"
"Irregular Singular","nobleman","institute",36.4487199783325,14.0888795852661,"OPT_10M","results_experiment_1_OPT_10M.csv","Irregular","Singular",0.5,-0.5,"set_nobleman_aristocrat"
"Irregular Plural","noblemen","institute",34.2470579147339,17.4815711975098,"OPT_10M","results_experiment_1_OPT_10M.csv","Irregular","Plural",0.5,0.5,"set_nobleman_aristocrat"
"Regular Singular","aristocrat","institute",26.978590965271,16.7430591583252,"OPT_10M","results_experiment_1_OPT_10M.csv","Regular","Singular",-0.5,-0.5,"set_nobleman_aristocrat"
"Regular Plural","aristocrats","institute",23.4665327072144,18.403413772583,"OPT_10M","results_experiment_1_OPT_10M.csv","Regular","Plural",-0.5,0.5,"set_nobleman_aristocrat"
"Irregular Singular","nobleman","crew",36.4487199783325,14.0356521606445,"OPT_10M","results_experiment_1_OPT_10M.csv","Irregular","Singular",0.5,-0.5,"set_nobleman_aristocrat"
"Irregular Plural","noblemen","crew",34.2470579147339,18.2234210968018,"OPT_10M","results_experiment_1_OPT_10M.csv","Irregular","Plural",0.5,0.5,"set_nobleman_aristocrat"
"Regular Singular","aristocrat","crew",26.978590965271,17.9328727722168,"OPT_10M","results_experiment_1_OPT_10M.csv","Regular","Singular",-0.5,-0.5,"set_nobleman_aristocrat"
"Regular Plural","aristocrats","crew",23.4665327072144,19.2464199066162,"OPT_10M","results_experiment_1_OPT_10M.csv","Regular","Plural",-0.5,0.5,"set_nobleman_aristocrat"
"Irregular Singular","boatman","patrol",35.4249496459961,12.2355270385742,"OPT_10M","results_experiment_1_OPT_10M.csv","Irregular","Singular",0.5,-0.5,"set_boatman_shipmate"
"Irregular Plural","boatmen","patrol",32.0503253936768,16.4870223999023,"OPT_10M","results_experiment_1_OPT_10M.csv","Irregular","Plural",0.5,0.5,"set_boatman_shipmate"
"Regular Singular","shipmate","patrol",38.7437191009521,14.6205549240112,"OPT_10M","results_experiment_1_OPT_10M.csv","Regular","Singular",-0.5,-0.5,"set_boatman_shipmate"
"Regular Plural","shipmates","patrol",38.0125274658203,19.081958770752,"OPT_10M","results_experiment_1_OPT_10M.csv","Regular","Plural",-0.5,0.5,"set_boatman_shipmate"
"Irregular Singular","boatman","finder",35.4249477386475,26.477237701416,"OPT_10M","results_experiment_1_OPT_10M.csv","Irregular","Singular",0.5,-0.5,"set_boatman_shipmate"
"Irregular Plural","boatmen","finder",32.0503253936768,24.3704776763916,"OPT_10M","results_experiment_1_OPT_10M.csv","Irregular","Plural",0.5,0.5,"set_boatman_shipmate"
"Regular Singular","shipmate","finder",38.7437210083008,26.0410051345825,"OPT_10M","results_experiment_1_OPT_10M.csv","Regular","Singular",-0.5,-0.5,"set_boatman_shipmate"
"Regular Plural","shipmates","finder",38.0125293731689,28.555212020874,"OPT_10M","results_experiment_1_OPT_10M.csv","Regular","Plural",-0.5,0.5,"set_boatman_shipmate"
"Irregular Singular","boatman","inspector",35.4249496459961,13.2653779983521,"OPT_10M","results_experiment_1_OPT_10M.csv","Irregular","Singular",0.5,-0.5,"set_boatman_shipmate"
"Irregular Plural","boatmen","inspector",32.0503253936768,17.1849975585938,"OPT_10M","results_experiment_1_OPT_10M.csv","Irregular","Plural",0.5,0.5,"set_boatman_shipmate"
"Regular Singular","shipmate","inspector",38.7437191009521,13.9210014343262,"OPT_10M","results_experiment_1_OPT_10M.csv","Regular","Singular",-0.5,-0.5,"set_boatman_shipmate"
"Regular Plural","shipmates","inspector",38.0125274658203,16.2041168212891,"OPT_10M","results_experiment_1_OPT_10M.csv","Regular","Plural",-0.5,0.5,"set_boatman_shipmate"
"Irregular Singular","boatman","employer",35.4249496459961,14.8290205001831,"OPT_10M","results_experiment_1_OPT_10M.csv","Irregular","Singular",0.5,-0.5,"set_boatman_shipmate"
"Irregular Plural","boatmen","employer",32.0503253936768,19.0739421844482,"OPT_10M","results_experiment_1_OPT_10M.csv","Irregular","Plural",0.5,0.5,"set_boatman_shipmate"
"Regular Singular","shipmate","employer",38.7437191009521,16.3644790649414,"OPT_10M","results_experiment_1_OPT_10M.csv","Regular","Singular",-0.5,-0.5,"set_boatman_shipmate"
"Regular Plural","shipmates","employer",38.0125274658203,19.6942234039307,"OPT_10M","results_experiment_1_OPT_10M.csv","Regular","Plural",-0.5,0.5,"set_boatman_shipmate"
"Irregular Singular","craftsman","employer",44.3646945953369,14.5321846008301,"OPT_10M","results_experiment_1_OPT_10M.csv","Irregular","Singular",0.5,-0.5,"set_craftsman_labourer"
"Irregular Plural","craftsmen","employer",42.3905467987061,17.6916980743408,"OPT_10M","results_experiment_1_OPT_10M.csv","Irregular","Plural",0.5,0.5,"set_craftsman_labourer"
"Regular Singular","labourer","employer",34.6604986190796,18.3255081176758,"OPT_10M","results_experiment_1_OPT_10M.csv","Regular","Singular",-0.5,-0.5,"set_craftsman_labourer"
"Regular Plural","labourers","employer",37.4452543258667,19.2850780487061,"OPT_10M","results_experiment_1_OPT_10M.csv","Regular","Plural",-0.5,0.5,"set_craftsman_labourer"
"Irregular Singular","craftsman","examination",44.3646945953369,14.7310352325439,"OPT_10M","results_experiment_1_OPT_10M.csv","Irregular","Singular",0.5,-0.5,"set_craftsman_labourer"
"Irregular Plural","craftsmen","examination",42.3905467987061,13.580545425415,"OPT_10M","results_experiment_1_OPT_10M.csv","Irregular","Plural",0.5,0.5,"set_craftsman_labourer"
"Regular Singular","labourer","examination",34.6604986190796,13.7080163955688,"OPT_10M","results_experiment_1_OPT_10M.csv","Regular","Singular",-0.5,-0.5,"set_craftsman_labourer"
"Regular Plural","labourers","examination",37.4452543258667,13.1107845306396,"OPT_10M","results_experiment_1_OPT_10M.csv","Regular","Plural",-0.5,0.5,"set_craftsman_labourer"
"Irregular Singular","craftsman","hangout",44.3646945953369,16.5207500457764,"OPT_10M","results_experiment_1_OPT_10M.csv","Irregular","Singular",0.5,-0.5,"set_craftsman_labourer"
"Irregular Plural","craftsmen","hangout",42.3905467987061,17.5153315067291,"OPT_10M","results_experiment_1_OPT_10M.csv","Irregular","Plural",0.5,0.5,"set_craftsman_labourer"
"Regular Singular","labourer","hangout",34.6604986190796,15.7270441055298,"OPT_10M","results_experiment_1_OPT_10M.csv","Regular","Singular",-0.5,-0.5,"set_craftsman_labourer"
"Regular Plural","labourers","hangout",37.4452543258667,16.7630150318146,"OPT_10M","results_experiment_1_OPT_10M.csv","Regular","Plural",-0.5,0.5,"set_craftsman_labourer"
"Irregular Singular","craftsman","finder",44.3646945953369,28.5905237197876,"OPT_10M","results_experiment_1_OPT_10M.csv","Irregular","Singular",0.5,-0.5,"set_craftsman_labourer"
"Irregular Plural","craftsmen","finder",42.3905467987061,26.0827617645264,"OPT_10M","results_experiment_1_OPT_10M.csv","Irregular","Plural",0.5,0.5,"set_craftsman_labourer"
"Regular Singular","labourer","finder",34.6604986190796,29.1557645797729,"OPT_10M","results_experiment_1_OPT_10M.csv","Regular","Singular",-0.5,-0.5,"set_craftsman_labourer"
"Regular Plural","labourers","finder",37.4452543258667,27.2019872665405,"OPT_10M","results_experiment_1_OPT_10M.csv","Regular","Plural",-0.5,0.5,"set_craftsman_labourer"
"Irregular Singular","fireman","examination",34.6113929748535,13.6696243286133,"OPT_10M","results_experiment_1_OPT_10M.csv","Irregular","Singular",0.5,-0.5,"set_fireman_lifeguard"
"Irregular Plural","firemen","examination",31.6558322906494,13.8917722702026,"OPT_10M","results_experiment_1_OPT_10M.csv","Irregular","Plural",0.5,0.5,"set_fireman_lifeguard"
"Regular Singular","lifeguard","examination",37.3809986114502,14.8519840240479,"OPT_10M","results_experiment_1_OPT_10M.csv","Regular","Singular",-0.5,-0.5,"set_fireman_lifeguard"
"Regular Plural","lifeguards","examination",34.3020057678223,13.532377243042,"OPT_10M","results_experiment_1_OPT_10M.csv","Regular","Plural",-0.5,0.5,"set_fireman_lifeguard"
"Irregular Singular","fireman","employer",34.6113929748535,16.2019386291504,"OPT_10M","results_experiment_1_OPT_10M.csv","Irregular","Singular",0.5,-0.5,"set_fireman_lifeguard"
"Irregular Plural","firemen","employer",31.6558322906494,19.2601890563965,"OPT_10M","results_experiment_1_OPT_10M.csv","Irregular","Plural",0.5,0.5,"set_fireman_lifeguard"
"Regular Singular","lifeguard","employer",37.3809986114502,18.8579425811768,"OPT_10M","results_experiment_1_OPT_10M.csv","Regular","Singular",-0.5,-0.5,"set_fireman_lifeguard"
"Regular Plural","lifeguards","employer",34.3020057678223,17.4824657440186,"OPT_10M","results_experiment_1_OPT_10M.csv","Regular","Plural",-0.5,0.5,"set_fireman_lifeguard"
"Irregular Singular","fireman","crew",34.6113929748535,12.8892021179199,"OPT_10M","results_experiment_1_OPT_10M.csv","Irregular","Singular",0.5,-0.5,"set_fireman_lifeguard"
"Irregular Plural","firemen","crew",31.6558322906494,17.0650367736816,"OPT_10M","results_experiment_1_OPT_10M.csv","Irregular","Plural",0.5,0.5,"set_fireman_lifeguard"
"Regular Singular","lifeguard","crew",37.3809986114502,13.1668386459351,"OPT_10M","results_experiment_1_OPT_10M.csv","Regular","Singular",-0.5,-0.5,"set_fireman_lifeguard"
"Regular Plural","lifeguards","crew",34.3020057678223,15.288667678833,"OPT_10M","results_experiment_1_OPT_10M.csv","Regular","Plural",-0.5,0.5,"set_fireman_lifeguard"
"Irregular Singular","fireman","patrol",34.6113929748535,13.5104560852051,"OPT_10M","results_experiment_1_OPT_10M.csv","Irregular","Singular",0.5,-0.5,"set_fireman_lifeguard"
"Irregular Plural","firemen","patrol",31.6558322906494,16.3112831115723,"OPT_10M","results_experiment_1_OPT_10M.csv","Irregular","Plural",0.5,0.5,"set_fireman_lifeguard"
"Regular Singular","lifeguard","patrol",37.3809986114502,16.6863403320312,"OPT_10M","results_experiment_1_OPT_10M.csv","Regular","Singular",-0.5,-0.5,"set_fireman_lifeguard"
"Regular Plural","lifeguards","patrol",34.3020057678223,14.7898073196411,"OPT_10M","results_experiment_1_OPT_10M.csv","Regular","Plural",-0.5,0.5,"set_fireman_lifeguard"
"Irregular Singular","goose","protector",26.0263719558716,16.3756847381592,"what_if_baseline","results_experiment_1_what_if_baseline.csv","Irregular","Singular",0.5,-0.5,"set_goose_swan"
"Irregular Plural","geese","protector",26.9076747894287,16.9464883804321,"what_if_baseline","results_experiment_1_what_if_baseline.csv","Irregular","Plural",0.5,0.5,"set_goose_swan"
"Regular Singular","swan","protector",25.9051446914673,17.1805305480957,"what_if_baseline","results_experiment_1_what_if_baseline.csv","Regular","Singular",-0.5,-0.5,"set_goose_swan"
"Regular Plural","swans","protector",17.8493101596832,18.7929191589355,"what_if_baseline","results_experiment_1_what_if_baseline.csv","Regular","Plural",-0.5,0.5,"set_goose_swan"
"Irregular Singular","goose","trader",26.0263719558716,13.7329506874084,"what_if_baseline","results_experiment_1_what_if_baseline.csv","Irregular","Singular",0.5,-0.5,"set_goose_swan"
"Irregular Plural","geese","trader",26.9076747894287,16.8843450546265,"what_if_baseline","results_experiment_1_what_if_baseline.csv","Irregular","Plural",0.5,0.5,"set_goose_swan"
"Regular Singular","swan","trader",25.9051446914673,18.3762645721436,"what_if_baseline","results_experiment_1_what_if_baseline.csv","Regular","Singular",-0.5,-0.5,"set_goose_swan"
"Regular Plural","swans","trader",17.8493101596832,18.6985111236572,"what_if_baseline","results_experiment_1_what_if_baseline.csv","Regular","Plural",-0.5,0.5,"set_goose_swan"
"Irregular Singular","goose","tracker",26.0263719558716,13.8087422847748,"what_if_baseline","results_experiment_1_what_if_baseline.csv","Irregular","Singular",0.5,-0.5,"set_goose_swan"
"Irregular Plural","geese","tracker",26.9076747894287,12.4485092163086,"what_if_baseline","results_experiment_1_what_if_baseline.csv","Irregular","Plural",0.5,0.5,"set_goose_swan"
"Regular Singular","swan","tracker",25.9051446914673,17.4310326576233,"what_if_baseline","results_experiment_1_what_if_baseline.csv","Regular","Singular",-0.5,-0.5,"set_goose_swan"
"Regular Plural","swans","tracker",17.8493101596832,18.2900381088257,"what_if_baseline","results_experiment_1_what_if_baseline.csv","Regular","Plural",-0.5,0.5,"set_goose_swan"
"Irregular Singular","goose","expert",26.0263719558716,13.0394668579102,"what_if_baseline","results_experiment_1_what_if_baseline.csv","Irregular","Singular",0.5,-0.5,"set_goose_swan"
"Irregular Plural","geese","expert",26.9076747894287,11.7928018569946,"what_if_baseline","results_experiment_1_what_if_baseline.csv","Irregular","Plural",0.5,0.5,"set_goose_swan"
"Regular Singular","swan","expert",25.9051446914673,11.1896839141846,"what_if_baseline","results_experiment_1_what_if_baseline.csv","Regular","Singular",-0.5,-0.5,"set_goose_swan"
"Regular Plural","swans","expert",17.8493101596832,13.8517961502075,"what_if_baseline","results_experiment_1_what_if_baseline.csv","Regular","Plural",-0.5,0.5,"set_goose_swan"
"Irregular Singular","ox","register",20.5506458282471,10.8401908874512,"what_if_baseline","results_experiment_1_what_if_baseline.csv","Irregular","Singular",0.5,-0.5,"set_ox_cow"
"Irregular Plural","oxen","register",27.3623237609863,13.6509399414062,"what_if_baseline","results_experiment_1_what_if_baseline.csv","Irregular","Plural",0.5,0.5,"set_ox_cow"
"Regular Singular","cow","register",18.2156944274902,13.5606737136841,"what_if_baseline","results_experiment_1_what_if_baseline.csv","Regular","Singular",-0.5,-0.5,"set_ox_cow"
"Regular Plural","cows","register",20.0339007377625,13.1786499023438,"what_if_baseline","results_experiment_1_what_if_baseline.csv","Regular","Plural",-0.5,0.5,"set_ox_cow"
"Irregular Singular","ox","trader",20.5506420135498,15.5593137741089,"what_if_baseline","results_experiment_1_what_if_baseline.csv","Irregular","Singular",0.5,-0.5,"set_ox_cow"
"Irregular Plural","oxen","trader",27.3623237609863,15.6704812049866,"what_if_baseline","results_experiment_1_what_if_baseline.csv","Irregular","Plural",0.5,0.5,"set_ox_cow"
"Regular Singular","cow","trader",18.215690612793,17.8934593200684,"what_if_baseline","results_experiment_1_what_if_baseline.csv","Regular","Singular",-0.5,-0.5,"set_ox_cow"
"Regular Plural","cows","trader",20.0339007377625,15.8976707458496,"what_if_baseline","results_experiment_1_what_if_baseline.csv","Regular","Plural",-0.5,0.5,"set_ox_cow"
"Irregular Singular","ox","tracker",20.5506420135498,18.5906419754028,"what_if_baseline","results_experiment_1_what_if_baseline.csv","Irregular","Singular",0.5,-0.5,"set_ox_cow"
"Irregular Plural","oxen","tracker",27.3623237609863,15.4685831069946,"what_if_baseline","results_experiment_1_what_if_baseline.csv","Irregular","Plural",0.5,0.5,"set_ox_cow"
"Regular Singular","cow","tracker",18.215690612793,18.7042918205261,"what_if_baseline","results_experiment_1_what_if_baseline.csv","Regular","Singular",-0.5,-0.5,"set_ox_cow"
"Regular Plural","cows","tracker",20.0339007377625,16.7195143699646,"what_if_baseline","results_experiment_1_what_if_baseline.csv","Regular","Plural",-0.5,0.5,"set_ox_cow"
"Irregular Singular","ox","finder",20.5506420135498,17.3167381286621,"what_if_baseline","results_experiment_1_what_if_baseline.csv","Irregular","Singular",0.5,-0.5,"set_ox_cow"
"Irregular Plural","oxen","finder",27.3623237609863,18.2653245925903,"what_if_baseline","results_experiment_1_what_if_baseline.csv","Irregular","Plural",0.5,0.5,"set_ox_cow"
"Regular Singular","cow","finder",18.215690612793,18.8300113677979,"what_if_baseline","results_experiment_1_what_if_baseline.csv","Regular","Singular",-0.5,-0.5,"set_ox_cow"
"Regular Plural","cows","finder",20.0339007377625,20.9514293670654,"what_if_baseline","results_experiment_1_what_if_baseline.csv","Regular","Plural",-0.5,0.5,"set_ox_cow"
"Irregular Singular","louse","issue",26.3089771270752,14.7618980407715,"what_if_baseline","results_experiment_1_what_if_baseline.csv","Irregular","Singular",0.5,-0.5,"set_louse_flea"
"Irregular Plural","lice","issue",21.3334817886353,11.9247064590454,"what_if_baseline","results_experiment_1_what_if_baseline.csv","Irregular","Plural",0.5,0.5,"set_louse_flea"
"Regular Singular","flea","issue",29.8696527481079,10.6498918533325,"what_if_baseline","results_experiment_1_what_if_baseline.csv","Regular","Singular",-0.5,-0.5,"set_louse_flea"
"Regular Plural","fleas","issue",31.8379287719727,13.4798517227173,"what_if_baseline","results_experiment_1_what_if_baseline.csv","Regular","Plural",-0.5,0.5,"set_louse_flea"
"Irregular Singular","louse","trader",26.3089771270752,13.30437541008,"what_if_baseline","results_experiment_1_what_if_baseline.csv","Irregular","Singular",0.5,-0.5,"set_louse_flea"
"Irregular Plural","lice","trader",21.3334817886353,15.9325923919678,"what_if_baseline","results_experiment_1_what_if_baseline.csv","Irregular","Plural",0.5,0.5,"set_louse_flea"
"Regular Singular","flea","trader",29.8696527481079,15.9107384681702,"what_if_baseline","results_experiment_1_what_if_baseline.csv","Regular","Singular",-0.5,-0.5,"set_louse_flea"
"Regular Plural","fleas","trader",31.8379287719727,17.437068939209,"what_if_baseline","results_experiment_1_what_if_baseline.csv","Regular","Plural",-0.5,0.5,"set_louse_flea"
"Irregular Singular","louse","tracker",26.3089771270752,13.8712825775146,"what_if_baseline","results_experiment_1_what_if_baseline.csv","Irregular","Singular",0.5,-0.5,"set_louse_flea"
"Irregular Plural","lice","tracker",21.3334817886353,12.8150217533112,"what_if_baseline","results_experiment_1_what_if_baseline.csv","Irregular","Plural",0.5,0.5,"set_louse_flea"
"Regular Singular","flea","tracker",29.8696527481079,15.4797630310059,"what_if_baseline","results_experiment_1_what_if_baseline.csv","Regular","Singular",-0.5,-0.5,"set_louse_flea"
"Regular Plural","fleas","tracker",31.8379287719727,18.5869083404541,"what_if_baseline","results_experiment_1_what_if_baseline.csv","Regular","Plural",-0.5,0.5,"set_louse_flea"
"Irregular Singular","louse","expert",26.3089771270752,11.9333944320679,"what_if_baseline","results_experiment_1_what_if_baseline.csv","Irregular","Singular",0.5,-0.5,"set_louse_flea"
"Irregular Plural","lice","expert",21.3334817886353,10.1746234893799,"what_if_baseline","results_experiment_1_what_if_baseline.csv","Irregular","Plural",0.5,0.5,"set_louse_flea"
"Regular Singular","flea","expert",29.8696527481079,12.4603633880615,"what_if_baseline","results_experiment_1_what_if_baseline.csv","Regular","Singular",-0.5,-0.5,"set_louse_flea"
"Regular Plural","fleas","expert",31.8379287719727,15.0960092544556,"what_if_baseline","results_experiment_1_what_if_baseline.csv","Regular","Plural",-0.5,0.5,"set_louse_flea"
"Irregular Singular","mouse","issue",24.1861639022827,15.3207855224609,"what_if_baseline","results_experiment_1_what_if_baseline.csv","Irregular","Singular",0.5,-0.5,"set_mouse_rat"
"Irregular Plural","mice","issue",27.8675365447998,12.852126121521,"what_if_baseline","results_experiment_1_what_if_baseline.csv","Irregular","Plural",0.5,0.5,"set_mouse_rat"
"Regular Singular","rat","issue",20.8659706115723,11.4020709991455,"what_if_baseline","results_experiment_1_what_if_baseline.csv","Regular","Singular",-0.5,-0.5,"set_mouse_rat"
"Regular Plural","rats","issue",19.7866268157959,14.5735549926758,"what_if_baseline","results_experiment_1_what_if_baseline.csv","Regular","Plural",-0.5,0.5,"set_mouse_rat"
"Irregular Singular","mouse","trader",24.1861639022827,13.8762452602386,"what_if_baseline","results_experiment_1_what_if_baseline.csv","Irregular","Singular",0.5,-0.5,"set_mouse_rat"
"Irregular Plural","mice","trader",27.8675365447998,15.884681224823,"what_if_baseline","results_experiment_1_what_if_baseline.csv","Irregular","Plural",0.5,0.5,"set_mouse_rat"
"Regular Singular","rat","trader",20.8659725189209,14.8801231384277,"what_if_baseline","results_experiment_1_what_if_baseline.csv","Regular","Singular",-0.5,-0.5,"set_mouse_rat"
"Regular Plural","rats","trader",19.7866268157959,19.6406211853027,"what_if_baseline","results_experiment_1_what_if_baseline.csv","Regular","Plural",-0.5,0.5,"set_mouse_rat"
"Irregular Singular","mouse","tracker",24.1861639022827,15.1415734291077,"what_if_baseline","results_experiment_1_what_if_baseline.csv","Irregular","Singular",0.5,-0.5,"set_mouse_rat"
"Irregular Plural","mice","tracker",27.8675365447998,13.6893033981323,"what_if_baseline","results_experiment_1_what_if_baseline.csv","Irregular","Plural",0.5,0.5,"set_mouse_rat"
"Regular Singular","rat","tracker",20.8659725189209,17.0038757324219,"what_if_baseline","results_experiment_1_what_if_baseline.csv","Regular","Singular",-0.5,-0.5,"set_mouse_rat"
"Regular Plural","rats","tracker",19.7866268157959,17.028787612915,"what_if_baseline","results_experiment_1_what_if_baseline.csv","Regular","Plural",-0.5,0.5,"set_mouse_rat"
"Irregular Singular","mouse","inspector",24.1861639022827,13.235426902771,"what_if_baseline","results_experiment_1_what_if_baseline.csv","Irregular","Singular",0.5,-0.5,"set_mouse_rat"
"Irregular Plural","mice","inspector",27.8675365447998,12.037942647934,"what_if_baseline","results_experiment_1_what_if_baseline.csv","Irregular","Plural",0.5,0.5,"set_mouse_rat"
"Regular Singular","rat","inspector",20.8659725189209,12.8905518054962,"what_if_baseline","results_experiment_1_what_if_baseline.csv","Regular","Singular",-0.5,-0.5,"set_mouse_rat"
"Regular Plural","rats","inspector",19.7866268157959,15.4578745365143,"what_if_baseline","results_experiment_1_what_if_baseline.csv","Regular","Plural",-0.5,0.5,"set_mouse_rat"
"Irregular Singular","foot","issue",18.6944904327393,13.8128576278687,"what_if_baseline","results_experiment_1_what_if_baseline.csv","Irregular","Singular",0.5,-0.5,"set_foot_leg"
"Irregular Plural","feet","issue",20.4886665344238,12.5361614227295,"what_if_baseline","results_experiment_1_what_if_baseline.csv","Irregular","Plural",0.5,0.5,"set_foot_leg"
"Regular Singular","leg","issue",23.9316101074219,9.93263816833496,"what_if_baseline","results_experiment_1_what_if_baseline.csv","Regular","Singular",-0.5,-0.5,"set_foot_leg"
"Regular Plural","legs","issue",23.1148614883423,12.6073513031006,"what_if_baseline","results_experiment_1_what_if_baseline.csv","Regular","Plural",-0.5,0.5,"set_foot_leg"
"Irregular Singular","foot","examination",18.6944904327393,15.0413618087769,"what_if_baseline","results_experiment_1_what_if_baseline.csv","Irregular","Singular",0.5,-0.5,"set_foot_leg"
"Irregular Plural","feet","examination",20.4886665344238,13.8492364883423,"what_if_baseline","results_experiment_1_what_if_baseline.csv","Irregular","Plural",0.5,0.5,"set_foot_leg"
"Regular Singular","leg","examination",23.9316101074219,14.5768718719482,"what_if_baseline","results_experiment_1_what_if_baseline.csv","Regular","Singular",-0.5,-0.5,"set_foot_leg"
"Regular Plural","legs","examination",23.1148614883423,15.6673221588135,"what_if_baseline","results_experiment_1_what_if_baseline.csv","Regular","Plural",-0.5,0.5,"set_foot_leg"
"Irregular Singular","foot","expert",18.6944904327393,12.7495737075806,"what_if_baseline","results_experiment_1_what_if_baseline.csv","Irregular","Singular",0.5,-0.5,"set_foot_leg"
"Irregular Plural","feet","expert",20.4886665344238,14.2631320953369,"what_if_baseline","results_experiment_1_what_if_baseline.csv","Irregular","Plural",0.5,0.5,"set_foot_leg"
"Regular Singular","leg","expert",23.9316101074219,12.6205520629883,"what_if_baseline","results_experiment_1_what_if_baseline.csv","Regular","Singular",-0.5,-0.5,"set_foot_leg"
"Regular Plural","legs","expert",23.1148614883423,12.880313873291,"what_if_baseline","results_experiment_1_what_if_baseline.csv","Regular","Plural",-0.5,0.5,"set_foot_leg"
"Irregular Singular","foot","inspector",18.6944885253906,14.6056342124939,"what_if_baseline","results_experiment_1_what_if_baseline.csv","Irregular","Singular",0.5,-0.5,"set_foot_leg"
"Irregular Plural","feet","inspector",20.4886665344238,11.6465125083923,"what_if_baseline","results_experiment_1_what_if_baseline.csv","Irregular","Plural",0.5,0.5,"set_foot_leg"
"Regular Singular","leg","inspector",23.9316120147705,13.0638127326965,"what_if_baseline","results_experiment_1_what_if_baseline.csv","Regular","Singular",-0.5,-0.5,"set_foot_leg"
"Regular Plural","legs","inspector",23.1148614883423,15.3466138839722,"what_if_baseline","results_experiment_1_what_if_baseline.csv","Regular","Plural",-0.5,0.5,"set_foot_leg"
"Irregular Singular","tooth","issue",21.3151640892029,13.5984210968018,"what_if_baseline","results_experiment_1_what_if_baseline.csv","Irregular","Singular",0.5,-0.5,"set_tooth_bone"
"Irregular Plural","teeth","issue",23.5973510742188,12.2838592529297,"what_if_baseline","results_experiment_1_what_if_baseline.csv","Irregular","Plural",0.5,0.5,"set_tooth_bone"
"Regular Singular","bone","issue",22.4261531829834,12.0008010864258,"what_if_baseline","results_experiment_1_what_if_baseline.csv","Regular","Singular",-0.5,-0.5,"set_tooth_bone"
"Regular Plural","bones","issue",18.8729643821716,12.9453210830688,"what_if_baseline","results_experiment_1_what_if_baseline.csv","Regular","Plural",-0.5,0.5,"set_tooth_bone"
"Irregular Singular","tooth","examination",21.3151640892029,15.7825489044189,"what_if_baseline","results_experiment_1_what_if_baseline.csv","Irregular","Singular",0.5,-0.5,"set_tooth_bone"
"Irregular Plural","teeth","examination",23.5973510742188,16.4557361602783,"what_if_baseline","results_experiment_1_what_if_baseline.csv","Irregular","Plural",0.5,0.5,"set_tooth_bone"
"Regular Singular","bone","examination",22.4261531829834,14.0928421020508,"what_if_baseline","results_experiment_1_what_if_baseline.csv","Regular","Singular",-0.5,-0.5,"set_tooth_bone"
"Regular Plural","bones","examination",18.8729643821716,14.7719774246216,"what_if_baseline","results_experiment_1_what_if_baseline.csv","Regular","Plural",-0.5,0.5,"set_tooth_bone"
"Irregular Singular","tooth","expert",21.3151640892029,13.6087951660156,"what_if_baseline","results_experiment_1_what_if_baseline.csv","Irregular","Singular",0.5,-0.5,"set_tooth_bone"
"Irregular Plural","teeth","expert",23.5973510742188,13.331000328064,"what_if_baseline","results_experiment_1_what_if_baseline.csv","Irregular","Plural",0.5,0.5,"set_tooth_bone"
"Regular Singular","bone","expert",22.4261531829834,12.1020889282227,"what_if_baseline","results_experiment_1_what_if_baseline.csv","Regular","Singular",-0.5,-0.5,"set_tooth_bone"
"Regular Plural","bones","expert",18.8729643821716,12.1878728866577,"what_if_baseline","results_experiment_1_what_if_baseline.csv","Regular","Plural",-0.5,0.5,"set_tooth_bone"
"Irregular Singular","tooth","protector",21.3151640892029,12.4702684879303,"what_if_baseline","results_experiment_1_what_if_baseline.csv","Irregular","Singular",0.5,-0.5,"set_tooth_bone"
"Irregular Plural","teeth","protector",23.5973510742188,12.774594783783,"what_if_baseline","results_experiment_1_what_if_baseline.csv","Irregular","Plural",0.5,0.5,"set_tooth_bone"
"Regular Singular","bone","protector",22.4261531829834,14.4195861816406,"what_if_baseline","results_experiment_1_what_if_baseline.csv","Regular","Singular",-0.5,-0.5,"set_tooth_bone"
"Regular Plural","bones","protector",18.8729643821716,16.3714561462402,"what_if_baseline","results_experiment_1_what_if_baseline.csv","Regular","Plural",-0.5,0.5,"set_tooth_bone"
"Irregular Singular","child","patrol",17.4340534210205,13.537100315094,"what_if_baseline","results_experiment_1_what_if_baseline.csv","Irregular","Singular",0.5,-0.5,"set_child_adult"
"Irregular Plural","children","patrol",15.8722741603851,12.2124552726746,"what_if_baseline","results_experiment_1_what_if_baseline.csv","Irregular","Plural",0.5,0.5,"set_child_adult"
"Regular Singular","adult","patrol",25.7029151916504,15.7607564926147,"what_if_baseline","results_experiment_1_what_if_baseline.csv","Regular","Singular",-0.5,-0.5,"set_child_adult"
"Regular Plural","adults","patrol",23.6280051469803,13.7748382091522,"what_if_baseline","results_experiment_1_what_if_baseline.csv","Regular","Plural",-0.5,0.5,"set_child_adult"
"Irregular Singular","child","register",17.4340534210205,14.1219444274902,"what_if_baseline","results_experiment_1_what_if_baseline.csv","Irregular","Singular",0.5,-0.5,"set_child_adult"
"Irregular Plural","children","register",15.8722741603851,11.9622535705566,"what_if_baseline","results_experiment_1_what_if_baseline.csv","Irregular","Plural",0.5,0.5,"set_child_adult"
"Regular Singular","adult","register",25.7029151916504,13.2654228210449,"what_if_baseline","results_experiment_1_what_if_baseline.csv","Regular","Singular",-0.5,-0.5,"set_child_adult"
"Regular Plural","adults","register",23.6280070543289,12.7144508361816,"what_if_baseline","results_experiment_1_what_if_baseline.csv","Regular","Plural",-0.5,0.5,"set_child_adult"
"Irregular Singular","child","institute",17.4340534210205,15.6801180839539,"what_if_baseline","results_experiment_1_what_if_baseline.csv","Irregular","Singular",0.5,-0.5,"set_child_adult"
"Irregular Plural","children","institute",15.8722741603851,16.6195306777954,"what_if_baseline","results_experiment_1_what_if_baseline.csv","Irregular","Plural",0.5,0.5,"set_child_adult"
"Regular Singular","adult","institute",25.7029151916504,16.2713022232056,"what_if_baseline","results_experiment_1_what_if_baseline.csv","Regular","Singular",-0.5,-0.5,"set_child_adult"
"Regular Plural","adults","institute",23.6280051469803,17.6830339431763,"what_if_baseline","results_experiment_1_what_if_baseline.csv","Regular","Plural",-0.5,0.5,"set_child_adult"
"Irregular Singular","child","crew",17.4340534210205,10.3696022033691,"what_if_baseline","results_experiment_1_what_if_baseline.csv","Irregular","Singular",0.5,-0.5,"set_child_adult"
"Irregular Plural","children","crew",15.8722741603851,14.6831712722778,"what_if_baseline","results_experiment_1_what_if_baseline.csv","Irregular","Plural",0.5,0.5,"set_child_adult"
"Regular Singular","adult","crew",25.7029151916504,9.73478698730469,"what_if_baseline","results_experiment_1_what_if_baseline.csv","Regular","Singular",-0.5,-0.5,"set_child_adult"
"Regular Plural","adults","crew",23.6280070543289,13.0088176727295,"what_if_baseline","results_experiment_1_what_if_baseline.csv","Regular","Plural",-0.5,0.5,"set_child_adult"
"Irregular Singular","woman","protector",14.0635414123535,23.6460437774658,"what_if_baseline","results_experiment_1_what_if_baseline.csv","Irregular","Singular",0.5,-0.5,"set_woman_girl"
"Irregular Plural","women","protector",19.4832239151001,16.4318399429321,"what_if_baseline","results_experiment_1_what_if_baseline.csv","Irregular","Plural",0.5,0.5,"set_woman_girl"
"Regular Singular","girl","protector",15.8187026977539,19.5338516235352,"what_if_baseline","results_experiment_1_what_if_baseline.csv","Regular","Singular",-0.5,-0.5,"set_woman_girl"
"Regular Plural","girls","protector",14.2609479427338,19.242751121521,"what_if_baseline","results_experiment_1_what_if_baseline.csv","Regular","Plural",-0.5,0.5,"set_woman_girl"
"Irregular Singular","woman","register",14.0635423660278,12.1880617141724,"what_if_baseline","results_experiment_1_what_if_baseline.csv","Irregular","Singular",0.5,-0.5,"set_woman_girl"
"Irregular Plural","women","register",19.4832239151001,13.2496795654297,"what_if_baseline","results_experiment_1_what_if_baseline.csv","Irregular","Plural",0.5,0.5,"set_woman_girl"
"Regular Singular","girl","register",15.8187026977539,14.3577823638916,"what_if_baseline","results_experiment_1_what_if_baseline.csv","Regular","Singular",-0.5,-0.5,"set_woman_girl"
"Regular Plural","girls","register",14.2609479427338,12.8242044448853,"what_if_baseline","results_experiment_1_what_if_baseline.csv","Regular","Plural",-0.5,0.5,"set_woman_girl"
"Irregular Singular","woman","hangout",14.0635414123535,20.7536535263062,"what_if_baseline","results_experiment_1_what_if_baseline.csv","Irregular","Singular",0.5,-0.5,"set_woman_girl"
"Irregular Plural","women","hangout",19.4832239151001,20.5647411346436,"what_if_baseline","results_experiment_1_what_if_baseline.csv","Irregular","Plural",0.5,0.5,"set_woman_girl"
"Regular Singular","girl","hangout",15.8187026977539,19.9225587844849,"what_if_baseline","results_experiment_1_what_if_baseline.csv","Regular","Singular",-0.5,-0.5,"set_woman_girl"
"Regular Plural","girls","hangout",14.2609479427338,18.6634855270386,"what_if_baseline","results_experiment_1_what_if_baseline.csv","Regular","Plural",-0.5,0.5,"set_woman_girl"
"Irregular Singular","woman","crew",14.0635423660278,10.7305278778076,"what_if_baseline","results_experiment_1_what_if_baseline.csv","Irregular","Singular",0.5,-0.5,"set_woman_girl"
"Irregular Plural","women","crew",19.4832239151001,10.0602073669434,"what_if_baseline","results_experiment_1_what_if_baseline.csv","Irregular","Plural",0.5,0.5,"set_woman_girl"
"Regular Singular","girl","crew",15.8187026977539,7.9708423614502,"what_if_baseline","results_experiment_1_what_if_baseline.csv","Regular","Singular",-0.5,-0.5,"set_woman_girl"
"Regular Plural","girls","crew",14.2609479427338,10.552903175354,"what_if_baseline","results_experiment_1_what_if_baseline.csv","Regular","Plural",-0.5,0.5,"set_woman_girl"
"Irregular Singular","man","institute",15.5733776092529,17.722580909729,"what_if_baseline","results_experiment_1_what_if_baseline.csv","Irregular","Singular",0.5,-0.5,"set_man_boy"
"Irregular Plural","men","institute",17.2533874511719,18.4240987300873,"what_if_baseline","results_experiment_1_what_if_baseline.csv","Irregular","Plural",0.5,0.5,"set_man_boy"
"Regular Singular","boy","institute",15.9438924789429,17.2221899032593,"what_if_baseline","results_experiment_1_what_if_baseline.csv","Regular","Singular",-0.5,-0.5,"set_man_boy"
"Regular Plural","boys","institute",17.3961372375488,15.2559823989868,"what_if_baseline","results_experiment_1_what_if_baseline.csv","Regular","Plural",-0.5,0.5,"set_man_boy"
"Irregular Singular","man","register",15.5733776092529,12.1147918701172,"what_if_baseline","results_experiment_1_what_if_baseline.csv","Irregular","Singular",0.5,-0.5,"set_man_boy"
"Irregular Plural","men","register",17.2533893585205,12.4053106307983,"what_if_baseline","results_experiment_1_what_if_baseline.csv","Irregular","Plural",0.5,0.5,"set_man_boy"
"Regular Singular","boy","register",15.9438943862915,12.6228790283203,"what_if_baseline","results_experiment_1_what_if_baseline.csv","Regular","Singular",-0.5,-0.5,"set_man_boy"
"Regular Plural","boys","register",17.3961391448975,11.5461616516113,"what_if_baseline","results_experiment_1_what_if_baseline.csv","Regular","Plural",-0.5,0.5,"set_man_boy"
"Irregular Singular","man","finder",15.5733776092529,18.2269344329834,"what_if_baseline","results_experiment_1_what_if_baseline.csv","Irregular","Singular",0.5,-0.5,"set_man_boy"
"Irregular Plural","men","finder",17.2533874511719,19.8980474472046,"what_if_baseline","results_experiment_1_what_if_baseline.csv","Irregular","Plural",0.5,0.5,"set_man_boy"
"Regular Singular","boy","finder",15.9438924789429,18.6426382064819,"what_if_baseline","results_experiment_1_what_if_baseline.csv","Regular","Singular",-0.5,-0.5,"set_man_boy"
"Regular Plural","boys","finder",17.3961372375488,20.4588079452515,"what_if_baseline","results_experiment_1_what_if_baseline.csv","Regular","Plural",-0.5,0.5,"set_man_boy"
"Irregular Singular","man","hangout",15.5733776092529,21.3231678009033,"what_if_baseline","results_experiment_1_what_if_baseline.csv","Irregular","Singular",0.5,-0.5,"set_man_boy"
"Irregular Plural","men","hangout",17.2533874511719,19.7192049026489,"what_if_baseline","results_experiment_1_what_if_baseline.csv","Irregular","Plural",0.5,0.5,"set_man_boy"
"Regular Singular","boy","hangout",15.9438924789429,19.9503860473633,"what_if_baseline","results_experiment_1_what_if_baseline.csv","Regular","Singular",-0.5,-0.5,"set_man_boy"
"Regular Plural","boys","hangout",17.3961372375488,19.7048397064209,"what_if_baseline","results_experiment_1_what_if_baseline.csv","Regular","Plural",-0.5,0.5,"set_man_boy"
"Irregular Singular","salesman","institute",36.6623840332031,15.7351484298706,"what_if_baseline","results_experiment_1_what_if_baseline.csv","Irregular","Singular",0.5,-0.5,"set_salesman_retailer"
"Irregular Plural","salesmen","institute",35.9167785644531,18.1490919589996,"what_if_baseline","results_experiment_1_what_if_baseline.csv","Irregular","Plural",0.5,0.5,"set_salesman_retailer"
"Regular Singular","retailer","institute",33.2162070274353,17.1988668441772,"what_if_baseline","results_experiment_1_what_if_baseline.csv","Regular","Singular",-0.5,-0.5,"set_salesman_retailer"
"Regular Plural","retailers","institute",31.2164373397827,15.5617156028748,"what_if_baseline","results_experiment_1_what_if_baseline.csv","Regular","Plural",-0.5,0.5,"set_salesman_retailer"
"Irregular Singular","salesman","inspector",36.6623840332031,12.1869449615479,"what_if_baseline","results_experiment_1_what_if_baseline.csv","Irregular","Singular",0.5,-0.5,"set_salesman_retailer"
"Irregular Plural","salesmen","inspector",35.9167785644531,14.8869526386261,"what_if_baseline","results_experiment_1_what_if_baseline.csv","Irregular","Plural",0.5,0.5,"set_salesman_retailer"
"Regular Singular","retailer","inspector",33.2162070274353,12.3141059875488,"what_if_baseline","results_experiment_1_what_if_baseline.csv","Regular","Singular",-0.5,-0.5,"set_salesman_retailer"
"Regular Plural","retailers","inspector",31.2164373397827,12.2386112213135,"what_if_baseline","results_experiment_1_what_if_baseline.csv","Regular","Plural",-0.5,0.5,"set_salesman_retailer"
"Irregular Singular","salesman","protector",36.6623840332031,18.7063403129578,"what_if_baseline","results_experiment_1_what_if_baseline.csv","Irregular","Singular",0.5,-0.5,"set_salesman_retailer"
"Irregular Plural","salesmen","protector",35.9167785644531,20.2502593994141,"what_if_baseline","results_experiment_1_what_if_baseline.csv","Irregular","Plural",0.5,0.5,"set_salesman_retailer"
"Regular Singular","retailer","protector",33.2162070274353,17.4273805618286,"what_if_baseline","results_experiment_1_what_if_baseline.csv","Regular","Singular",-0.5,-0.5,"set_salesman_retailer"
"Regular Plural","retailers","protector",31.2164373397827,19.4728126525879,"what_if_baseline","results_experiment_1_what_if_baseline.csv","Regular","Plural",-0.5,0.5,"set_salesman_retailer"
"Irregular Singular","salesman","employer",36.6623840332031,18.5851073265076,"what_if_baseline","results_experiment_1_what_if_baseline.csv","Irregular","Singular",0.5,-0.5,"set_salesman_retailer"
"Irregular Plural","salesmen","employer",35.9167785644531,19.3383178710938,"what_if_baseline","results_experiment_1_what_if_baseline.csv","Irregular","Plural",0.5,0.5,"set_salesman_retailer"
"Regular Singular","retailer","employer",33.2162070274353,17.7605895996094,"what_if_baseline","results_experiment_1_what_if_baseline.csv","Regular","Singular",-0.5,-0.5,"set_salesman_retailer"
"Regular Plural","retailers","employer",31.2164373397827,18.2960433959961,"what_if_baseline","results_experiment_1_what_if_baseline.csv","Regular","Plural",-0.5,0.5,"set_salesman_retailer"
"Irregular Singular","nobleman","patrol",34.1858730316162,9.80133008956909,"what_if_baseline","results_experiment_1_what_if_baseline.csv","Irregular","Singular",0.5,-0.5,"set_nobleman_aristocrat"
"Irregular Plural","noblemen","patrol",35.7197952270508,11.7605903148651,"what_if_baseline","results_experiment_1_what_if_baseline.csv","Irregular","Plural",0.5,0.5,"set_nobleman_aristocrat"
"Regular Singular","aristocrat","patrol",34.7197637557983,13.5094499588013,"what_if_baseline","results_experiment_1_what_if_baseline.csv","Regular","Singular",-0.5,-0.5,"set_nobleman_aristocrat"
"Regular Plural","aristocrats","patrol",33.0334100723267,13.3705163002014,"what_if_baseline","results_experiment_1_what_if_baseline.csv","Regular","Plural",-0.5,0.5,"set_nobleman_aristocrat"
"Irregular Singular","nobleman","hangout",34.1858730316162,20.228374004364,"what_if_baseline","results_experiment_1_what_if_baseline.csv","Irregular","Singular",0.5,-0.5,"set_nobleman_aristocrat"
"Irregular Plural","noblemen","hangout",35.7197952270508,17.7165861129761,"what_if_baseline","results_experiment_1_what_if_baseline.csv","Irregular","Plural",0.5,0.5,"set_nobleman_aristocrat"
"Regular Singular","aristocrat","hangout",34.7197637557983,17.4523138999939,"what_if_baseline","results_experiment_1_what_if_baseline.csv","Regular","Singular",-0.5,-0.5,"set_nobleman_aristocrat"
"Regular Plural","aristocrats","hangout",33.0334100723267,16.7189311981201,"what_if_baseline","results_experiment_1_what_if_baseline.csv","Regular","Plural",-0.5,0.5,"set_nobleman_aristocrat"
"Irregular Singular","nobleman","institute",34.1858730316162,18.8878483772278,"what_if_baseline","results_experiment_1_what_if_baseline.csv","Irregular","Singular",0.5,-0.5,"set_nobleman_aristocrat"
"Irregular Plural","noblemen","institute",35.7197952270508,19.9818773269653,"what_if_baseline","results_experiment_1_what_if_baseline.csv","Irregular","Plural",0.5,0.5,"set_nobleman_aristocrat"
"Regular Singular","aristocrat","institute",34.7197637557983,14.9939017295837,"what_if_baseline","results_experiment_1_what_if_baseline.csv","Regular","Singular",-0.5,-0.5,"set_nobleman_aristocrat"
"Regular Plural","aristocrats","institute",33.0334100723267,18.4110932350159,"what_if_baseline","results_experiment_1_what_if_baseline.csv","Regular","Plural",-0.5,0.5,"set_nobleman_aristocrat"
"Irregular Singular","nobleman","crew",34.1858711242676,10.8200187683105,"what_if_baseline","results_experiment_1_what_if_baseline.csv","Irregular","Singular",0.5,-0.5,"set_nobleman_aristocrat"
"Irregular Plural","noblemen","crew",35.7197952270508,11.9963054656982,"what_if_baseline","results_experiment_1_what_if_baseline.csv","Irregular","Plural",0.5,0.5,"set_nobleman_aristocrat"
"Regular Singular","aristocrat","crew",34.7197623252869,10.9456424713135,"what_if_baseline","results_experiment_1_what_if_baseline.csv","Regular","Singular",-0.5,-0.5,"set_nobleman_aristocrat"
"Regular Plural","aristocrats","crew",33.0334100723267,13.811954498291,"what_if_baseline","results_experiment_1_what_if_baseline.csv","Regular","Plural",-0.5,0.5,"set_nobleman_aristocrat"
"Irregular Singular","boatman","patrol",32.1550750732422,9.73670291900635,"what_if_baseline","results_experiment_1_what_if_baseline.csv","Irregular","Singular",0.5,-0.5,"set_boatman_shipmate"
"Irregular Plural","boatmen","patrol",33.3097648620605,11.040071606636,"what_if_baseline","results_experiment_1_what_if_baseline.csv","Irregular","Plural",0.5,0.5,"set_boatman_shipmate"
"Regular Singular","shipmate","patrol",29.5785465240479,12.5552792549133,"what_if_baseline","results_experiment_1_what_if_baseline.csv","Regular","Singular",-0.5,-0.5,"set_boatman_shipmate"
"Regular Plural","shipmates","patrol",33.1087560653687,10.3660893440247,"what_if_baseline","results_experiment_1_what_if_baseline.csv","Regular","Plural",-0.5,0.5,"set_boatman_shipmate"
"Irregular Singular","boatman","finder",32.1550750732422,17.8342223167419,"what_if_baseline","results_experiment_1_what_if_baseline.csv","Irregular","Singular",0.5,-0.5,"set_boatman_shipmate"
"Irregular Plural","boatmen","finder",33.3097648620605,18.8186120986938,"what_if_baseline","results_experiment_1_what_if_baseline.csv","Irregular","Plural",0.5,0.5,"set_boatman_shipmate"
"Regular Singular","shipmate","finder",29.5785465240479,19.3658437728882,"what_if_baseline","results_experiment_1_what_if_baseline.csv","Regular","Singular",-0.5,-0.5,"set_boatman_shipmate"
"Regular Plural","shipmates","finder",33.1087560653687,18.8159885406494,"what_if_baseline","results_experiment_1_what_if_baseline.csv","Regular","Plural",-0.5,0.5,"set_boatman_shipmate"
"Irregular Singular","boatman","inspector",32.1550750732422,12.0498592853546,"what_if_baseline","results_experiment_1_what_if_baseline.csv","Irregular","Singular",0.5,-0.5,"set_boatman_shipmate"
"Irregular Plural","boatmen","inspector",33.3097648620605,13.4309875965118,"what_if_baseline","results_experiment_1_what_if_baseline.csv","Irregular","Plural",0.5,0.5,"set_boatman_shipmate"
"Regular Singular","shipmate","inspector",29.5785465240479,10.7768154144287,"what_if_baseline","results_experiment_1_what_if_baseline.csv","Regular","Singular",-0.5,-0.5,"set_boatman_shipmate"
"Regular Plural","shipmates","inspector",33.1087560653687,11.3959732055664,"what_if_baseline","results_experiment_1_what_if_baseline.csv","Regular","Plural",-0.5,0.5,"set_boatman_shipmate"
"Irregular Singular","boatman","employer",32.1550750732422,18.4213094711304,"what_if_baseline","results_experiment_1_what_if_baseline.csv","Irregular","Singular",0.5,-0.5,"set_boatman_shipmate"
"Irregular Plural","boatmen","employer",33.3097648620605,18.6339268684387,"what_if_baseline","results_experiment_1_what_if_baseline.csv","Irregular","Plural",0.5,0.5,"set_boatman_shipmate"
"Regular Singular","shipmate","employer",29.5785465240479,18.7729935646057,"what_if_baseline","results_experiment_1_what_if_baseline.csv","Regular","Singular",-0.5,-0.5,"set_boatman_shipmate"
"Regular Plural","shipmates","employer",33.1087560653687,17.7659187316895,"what_if_baseline","results_experiment_1_what_if_baseline.csv","Regular","Plural",-0.5,0.5,"set_boatman_shipmate"
"Irregular Singular","craftsman","employer",32.8546695709229,19.0041103363037,"what_if_baseline","results_experiment_1_what_if_baseline.csv","Irregular","Singular",0.5,-0.5,"set_craftsman_labourer"
"Irregular Plural","craftsmen","employer",32.592679977417,18.2716054916382,"what_if_baseline","results_experiment_1_what_if_baseline.csv","Irregular","Plural",0.5,0.5,"set_craftsman_labourer"
"Regular Singular","labourer","employer",31.737377166748,19.5685901641846,"what_if_baseline","results_experiment_1_what_if_baseline.csv","Regular","Singular",-0.5,-0.5,"set_craftsman_labourer"
"Regular Plural","labourers","employer",37.1410536766052,17.13978099823,"what_if_baseline","results_experiment_1_what_if_baseline.csv","Regular","Plural",-0.5,0.5,"set_craftsman_labourer"
"Irregular Singular","craftsman","examination",32.8546724319458,14.8530864715576,"what_if_baseline","results_experiment_1_what_if_baseline.csv","Irregular","Singular",0.5,-0.5,"set_craftsman_labourer"
"Irregular Plural","craftsmen","examination",32.5926847457886,16.5452899932861,"what_if_baseline","results_experiment_1_what_if_baseline.csv","Irregular","Plural",0.5,0.5,"set_craftsman_labourer"
"Regular Singular","labourer","examination",31.737377166748,15.67919921875,"what_if_baseline","results_experiment_1_what_if_baseline.csv","Regular","Singular",-0.5,-0.5,"set_craftsman_labourer"
"Regular Plural","labourers","examination",37.1410536766052,13.4401378631592,"what_if_baseline","results_experiment_1_what_if_baseline.csv","Regular","Plural",-0.5,0.5,"set_craftsman_labourer"
"Irregular Singular","craftsman","hangout",32.8546695709229,21.038501739502,"what_if_baseline","results_experiment_1_what_if_baseline.csv","Irregular","Singular",0.5,-0.5,"set_craftsman_labourer"
"Irregular Plural","craftsmen","hangout",32.592679977417,17.5476293563843,"what_if_baseline","results_experiment_1_what_if_baseline.csv","Irregular","Plural",0.5,0.5,"set_craftsman_labourer"
"Regular Singular","labourer","hangout",31.737377166748,17.8756923675537,"what_if_baseline","results_experiment_1_what_if_baseline.csv","Regular","Singular",-0.5,-0.5,"set_craftsman_labourer"
"Regular Plural","labourers","hangout",37.1410536766052,16.7301063537598,"what_if_baseline","results_experiment_1_what_if_baseline.csv","Regular","Plural",-0.5,0.5,"set_craftsman_labourer"
"Irregular Singular","craftsman","finder",32.8546695709229,20.14182472229,"what_if_baseline","results_experiment_1_what_if_baseline.csv","Irregular","Singular",0.5,-0.5,"set_craftsman_labourer"
"Irregular Plural","craftsmen","finder",32.592679977417,18.9854784011841,"what_if_baseline","results_experiment_1_what_if_baseline.csv","Irregular","Plural",0.5,0.5,"set_craftsman_labourer"
"Regular Singular","labourer","finder",31.737377166748,17.1289510726929,"what_if_baseline","results_experiment_1_what_if_baseline.csv","Regular","Singular",-0.5,-0.5,"set_craftsman_labourer"
"Regular Plural","labourers","finder",37.1410536766052,16.9806137084961,"what_if_baseline","results_experiment_1_what_if_baseline.csv","Regular","Plural",-0.5,0.5,"set_craftsman_labourer"
"Irregular Singular","fireman","examination",24.2814693450928,16.1670475006104,"what_if_baseline","results_experiment_1_what_if_baseline.csv","Irregular","Singular",0.5,-0.5,"set_fireman_lifeguard"
"Irregular Plural","firemen","examination",24.779296875,17.0187835693359,"what_if_baseline","results_experiment_1_what_if_baseline.csv","Irregular","Plural",0.5,0.5,"set_fireman_lifeguard"
"Regular Singular","lifeguard","examination",31.5298192501068,11.7481670379639,"what_if_baseline","results_experiment_1_what_if_baseline.csv","Regular","Singular",-0.5,-0.5,"set_fireman_lifeguard"
"Regular Plural","lifeguards","examination",29.1372096538544,13.4587688446045,"what_if_baseline","results_experiment_1_what_if_baseline.csv","Regular","Plural",-0.5,0.5,"set_fireman_lifeguard"
"Irregular Singular","fireman","employer",24.2814693450928,18.693160533905,"what_if_baseline","results_experiment_1_what_if_baseline.csv","Irregular","Singular",0.5,-0.5,"set_fireman_lifeguard"
"Irregular Plural","firemen","employer",24.779296875,18.5914239883423,"what_if_baseline","results_experiment_1_what_if_baseline.csv","Irregular","Plural",0.5,0.5,"set_fireman_lifeguard"
"Regular Singular","lifeguard","employer",31.529816865921,16.5634822845459,"what_if_baseline","results_experiment_1_what_if_baseline.csv","Regular","Singular",-0.5,-0.5,"set_fireman_lifeguard"
"Regular Plural","lifeguards","employer",29.1372063159943,17.6411781311035,"what_if_baseline","results_experiment_1_what_if_baseline.csv","Regular","Plural",-0.5,0.5,"set_fireman_lifeguard"
"Irregular Singular","fireman","crew",24.2814693450928,10.1973571777344,"what_if_baseline","results_experiment_1_what_if_baseline.csv","Irregular","Singular",0.5,-0.5,"set_fireman_lifeguard"
"Irregular Plural","firemen","crew",24.779296875,11.7177333831787,"what_if_baseline","results_experiment_1_what_if_baseline.csv","Irregular","Plural",0.5,0.5,"set_fireman_lifeguard"
"Regular Singular","lifeguard","crew",31.5298192501068,12.3483152389526,"what_if_baseline","results_experiment_1_what_if_baseline.csv","Regular","Singular",-0.5,-0.5,"set_fireman_lifeguard"
"Regular Plural","lifeguards","crew",29.1372096538544,14.7934341430664,"what_if_baseline","results_experiment_1_what_if_baseline.csv","Regular","Plural",-0.5,0.5,"set_fireman_lifeguard"
"Irregular Singular","fireman","patrol",24.2814693450928,10.1081018447876,"what_if_baseline","results_experiment_1_what_if_baseline.csv","Irregular","Singular",0.5,-0.5,"set_fireman_lifeguard"
"Irregular Plural","firemen","patrol",24.779296875,11.1251211166382,"what_if_baseline","results_experiment_1_what_if_baseline.csv","Irregular","Plural",0.5,0.5,"set_fireman_lifeguard"
"Regular Singular","lifeguard","patrol",31.529816865921,13.9743251800537,"what_if_baseline","results_experiment_1_what_if_baseline.csv","Regular","Singular",-0.5,-0.5,"set_fireman_lifeguard"
"Regular Plural","lifeguards","patrol",29.1372063159943,13.7713623046875,"what_if_baseline","results_experiment_1_what_if_baseline.csv","Regular","Plural",-0.5,0.5,"set_fireman_lifeguard"
"Irregular Singular","goose","protector",20.0056552886963,14.2833452224731,"ZLATA","results_experiment_1_ZLATA.csv","Irregular","Singular",0.5,-0.5,"set_goose_swan"
"Irregular Plural","geese","protector",20.632285118103,13.0975923538208,"ZLATA","results_experiment_1_ZLATA.csv","Irregular","Plural",0.5,0.5,"set_goose_swan"
"Regular Singular","swan","protector",20.3958616256714,13.2607135772705,"ZLATA","results_experiment_1_ZLATA.csv","Regular","Singular",-0.5,-0.5,"set_goose_swan"
"Regular Plural","swans","protector",18.2610445022583,14.7219619750977,"ZLATA","results_experiment_1_ZLATA.csv","Regular","Plural",-0.5,0.5,"set_goose_swan"
"Irregular Singular","goose","trader",20.0056552886963,15.8654477596283,"ZLATA","results_experiment_1_ZLATA.csv","Irregular","Singular",0.5,-0.5,"set_goose_swan"
"Irregular Plural","geese","trader",20.632285118103,14.3875098228455,"ZLATA","results_experiment_1_ZLATA.csv","Irregular","Plural",0.5,0.5,"set_goose_swan"
"Regular Singular","swan","trader",20.39586353302,15.6605594158173,"ZLATA","results_experiment_1_ZLATA.csv","Regular","Singular",-0.5,-0.5,"set_goose_swan"
"Regular Plural","swans","trader",18.2610425949097,17.0794439315796,"ZLATA","results_experiment_1_ZLATA.csv","Regular","Plural",-0.5,0.5,"set_goose_swan"
"Irregular Singular","goose","tracker",20.0056552886963,18.0848731994629,"ZLATA","results_experiment_1_ZLATA.csv","Irregular","Singular",0.5,-0.5,"set_goose_swan"
"Irregular Plural","geese","tracker",20.632285118103,17.9674773216248,"ZLATA","results_experiment_1_ZLATA.csv","Irregular","Plural",0.5,0.5,"set_goose_swan"
"Regular Singular","swan","tracker",20.39586353302,19.3344459533691,"ZLATA","results_experiment_1_ZLATA.csv","Regular","Singular",-0.5,-0.5,"set_goose_swan"
"Regular Plural","swans","tracker",18.2610425949097,19.7849292755127,"ZLATA","results_experiment_1_ZLATA.csv","Regular","Plural",-0.5,0.5,"set_goose_swan"
"Irregular Singular","goose","expert",20.0056552886963,13.0202960968018,"ZLATA","results_experiment_1_ZLATA.csv","Irregular","Singular",0.5,-0.5,"set_goose_swan"
"Irregular Plural","geese","expert",20.632285118103,11.2256145477295,"ZLATA","results_experiment_1_ZLATA.csv","Irregular","Plural",0.5,0.5,"set_goose_swan"
"Regular Singular","swan","expert",20.3958616256714,12.4531297683716,"ZLATA","results_experiment_1_ZLATA.csv","Regular","Singular",-0.5,-0.5,"set_goose_swan"
"Regular Plural","swans","expert",18.2610445022583,12.8146095275879,"ZLATA","results_experiment_1_ZLATA.csv","Regular","Plural",-0.5,0.5,"set_goose_swan"
"Irregular Singular","ox","register",14.3393211364746,11.1139430999756,"ZLATA","results_experiment_1_ZLATA.csv","Irregular","Singular",0.5,-0.5,"set_ox_cow"
"Irregular Plural","oxen","register",20.4277057647705,11.7019214630127,"ZLATA","results_experiment_1_ZLATA.csv","Irregular","Plural",0.5,0.5,"set_ox_cow"
"Regular Singular","cow","register",20.8210382461548,12.1950435638428,"ZLATA","results_experiment_1_ZLATA.csv","Regular","Singular",-0.5,-0.5,"set_ox_cow"
"Regular Plural","cows","register",19.0149908065796,12.75084400177,"ZLATA","results_experiment_1_ZLATA.csv","Regular","Plural",-0.5,0.5,"set_ox_cow"
"Irregular Singular","ox","trader",14.3393239974976,15.1701993942261,"ZLATA","results_experiment_1_ZLATA.csv","Irregular","Singular",0.5,-0.5,"set_ox_cow"
"Irregular Plural","oxen","trader",20.4277105331421,15.396591424942,"ZLATA","results_experiment_1_ZLATA.csv","Irregular","Plural",0.5,0.5,"set_ox_cow"
"Regular Singular","cow","trader",20.8210372924805,15.2169322967529,"ZLATA","results_experiment_1_ZLATA.csv","Regular","Singular",-0.5,-0.5,"set_ox_cow"
"Regular Plural","cows","trader",19.014988899231,15.9465870857239,"ZLATA","results_experiment_1_ZLATA.csv","Regular","Plural",-0.5,0.5,"set_ox_cow"
"Irregular Singular","ox","tracker",14.3393239974976,18.1406621932983,"ZLATA","results_experiment_1_ZLATA.csv","Irregular","Singular",0.5,-0.5,"set_ox_cow"
"Irregular Plural","oxen","tracker",20.4277105331421,19.0693464279175,"ZLATA","results_experiment_1_ZLATA.csv","Irregular","Plural",0.5,0.5,"set_ox_cow"
"Regular Singular","cow","tracker",20.8210372924805,17.5996360778809,"ZLATA","results_experiment_1_ZLATA.csv","Regular","Singular",-0.5,-0.5,"set_ox_cow"
"Regular Plural","cows","tracker",19.014988899231,18.055718421936,"ZLATA","results_experiment_1_ZLATA.csv","Regular","Plural",-0.5,0.5,"set_ox_cow"
"Irregular Singular","ox","finder",14.3393239974976,21.0205516815186,"ZLATA","results_experiment_1_ZLATA.csv","Irregular","Singular",0.5,-0.5,"set_ox_cow"
"Irregular Plural","oxen","finder",20.4277105331421,21.2617273330688,"ZLATA","results_experiment_1_ZLATA.csv","Irregular","Plural",0.5,0.5,"set_ox_cow"
"Regular Singular","cow","finder",20.8210372924805,20.4097328186035,"ZLATA","results_experiment_1_ZLATA.csv","Regular","Singular",-0.5,-0.5,"set_ox_cow"
"Regular Plural","cows","finder",19.014988899231,19.694598197937,"ZLATA","results_experiment_1_ZLATA.csv","Regular","Plural",-0.5,0.5,"set_ox_cow"
"Irregular Singular","louse","issue",19.1651706695557,12.1167278289795,"ZLATA","results_experiment_1_ZLATA.csv","Irregular","Singular",0.5,-0.5,"set_louse_flea"
"Irregular Plural","lice","issue",18.1063747406006,11.9242467880249,"ZLATA","results_experiment_1_ZLATA.csv","Irregular","Plural",0.5,0.5,"set_louse_flea"
"Regular Singular","flea","issue",20.8592104911804,11.6376152038574,"ZLATA","results_experiment_1_ZLATA.csv","Regular","Singular",-0.5,-0.5,"set_louse_flea"
"Regular Plural","fleas","issue",20.2407712936401,12.6095504760742,"ZLATA","results_experiment_1_ZLATA.csv","Regular","Plural",-0.5,0.5,"set_louse_flea"
"Irregular Singular","louse","trader",19.16517162323,14.6885764598846,"ZLATA","results_experiment_1_ZLATA.csv","Irregular","Singular",0.5,-0.5,"set_louse_flea"
"Irregular Plural","lice","trader",18.1063756942749,15.0676937103271,"ZLATA","results_experiment_1_ZLATA.csv","Irregular","Plural",0.5,0.5,"set_louse_flea"
"Regular Singular","flea","trader",20.8592109680176,13.4583745002747,"ZLATA","results_experiment_1_ZLATA.csv","Regular","Singular",-0.5,-0.5,"set_louse_flea"
"Regular Plural","fleas","trader",20.2407736778259,15.9287371635437,"ZLATA","results_experiment_1_ZLATA.csv","Regular","Plural",-0.5,0.5,"set_louse_flea"
"Irregular Singular","louse","tracker",19.16517162323,18.0290427207947,"ZLATA","results_experiment_1_ZLATA.csv","Irregular","Singular",0.5,-0.5,"set_louse_flea"
"Irregular Plural","lice","tracker",18.1063756942749,18.6929378509521,"ZLATA","results_experiment_1_ZLATA.csv","Irregular","Plural",0.5,0.5,"set_louse_flea"
"Regular Singular","flea","tracker",20.8592109680176,17.9828510284424,"ZLATA","results_experiment_1_ZLATA.csv","Regular","Singular",-0.5,-0.5,"set_louse_flea"
"Regular Plural","fleas","tracker",20.2407736778259,18.6026210784912,"ZLATA","results_experiment_1_ZLATA.csv","Regular","Plural",-0.5,0.5,"set_louse_flea"
"Irregular Singular","louse","expert",19.1651706695557,12.9575996398926,"ZLATA","results_experiment_1_ZLATA.csv","Irregular","Singular",0.5,-0.5,"set_louse_flea"
"Irregular Plural","lice","expert",18.1063747406006,12.8853626251221,"ZLATA","results_experiment_1_ZLATA.csv","Irregular","Plural",0.5,0.5,"set_louse_flea"
"Regular Singular","flea","expert",20.8592104911804,12.5548877716064,"ZLATA","results_experiment_1_ZLATA.csv","Regular","Singular",-0.5,-0.5,"set_louse_flea"
"Regular Plural","fleas","expert",20.2407712936401,11.9838218688965,"ZLATA","results_experiment_1_ZLATA.csv","Regular","Plural",-0.5,0.5,"set_louse_flea"
"Irregular Singular","mouse","issue",20.1913433074951,11.9782819747925,"ZLATA","results_experiment_1_ZLATA.csv","Irregular","Singular",0.5,-0.5,"set_mouse_rat"
"Irregular Plural","mice","issue",18.6798315048218,11.8180675506592,"ZLATA","results_experiment_1_ZLATA.csv","Irregular","Plural",0.5,0.5,"set_mouse_rat"
"Regular Singular","rat","issue",14.5626344680786,12.0962715148926,"ZLATA","results_experiment_1_ZLATA.csv","Regular","Singular",-0.5,-0.5,"set_mouse_rat"
"Regular Plural","rats","issue",17.4488668441772,12.7397050857544,"ZLATA","results_experiment_1_ZLATA.csv","Regular","Plural",-0.5,0.5,"set_mouse_rat"
"Irregular Singular","mouse","trader",20.1913461685181,15.0409078598022,"ZLATA","results_experiment_1_ZLATA.csv","Irregular","Singular",0.5,-0.5,"set_mouse_rat"
"Irregular Plural","mice","trader",18.6798343658447,15.6540870666504,"ZLATA","results_experiment_1_ZLATA.csv","Irregular","Plural",0.5,0.5,"set_mouse_rat"
"Regular Singular","rat","trader",14.5626354217529,15.350652217865,"ZLATA","results_experiment_1_ZLATA.csv","Regular","Singular",-0.5,-0.5,"set_mouse_rat"
"Regular Plural","rats","trader",17.4488687515259,16.0622384548187,"ZLATA","results_experiment_1_ZLATA.csv","Regular","Plural",-0.5,0.5,"set_mouse_rat"
"Irregular Singular","mouse","tracker",20.1913461685181,18.4152774810791,"ZLATA","results_experiment_1_ZLATA.csv","Irregular","Singular",0.5,-0.5,"set_mouse_rat"
"Irregular Plural","mice","tracker",18.6798343658447,19.0789747238159,"ZLATA","results_experiment_1_ZLATA.csv","Irregular","Plural",0.5,0.5,"set_mouse_rat"
"Regular Singular","rat","tracker",14.5626354217529,18.639949798584,"ZLATA","results_experiment_1_ZLATA.csv","Regular","Singular",-0.5,-0.5,"set_mouse_rat"
"Regular Plural","rats","tracker",17.4488687515259,18.9817447662354,"ZLATA","results_experiment_1_ZLATA.csv","Regular","Plural",-0.5,0.5,"set_mouse_rat"
"Irregular Singular","mouse","inspector",20.1913433074951,12.6025543212891,"ZLATA","results_experiment_1_ZLATA.csv","Irregular","Singular",0.5,-0.5,"set_mouse_rat"
"Irregular Plural","mice","inspector",18.6798315048218,12.4866333007812,"ZLATA","results_experiment_1_ZLATA.csv","Irregular","Plural",0.5,0.5,"set_mouse_rat"
"Regular Singular","rat","inspector",14.5626344680786,11.7602224349976,"ZLATA","results_experiment_1_ZLATA.csv","Regular","Singular",-0.5,-0.5,"set_mouse_rat"
"Regular Plural","rats","inspector",17.4488668441772,13.0085792541504,"ZLATA","results_experiment_1_ZLATA.csv","Regular","Plural",-0.5,0.5,"set_mouse_rat"
"Irregular Singular","foot","issue",13.610011100769,11.887734413147,"ZLATA","results_experiment_1_ZLATA.csv","Irregular","Singular",0.5,-0.5,"set_foot_leg"
"Irregular Plural","feet","issue",14.3571624755859,12.1290626525879,"ZLATA","results_experiment_1_ZLATA.csv","Irregular","Plural",0.5,0.5,"set_foot_leg"
"Regular Singular","leg","issue",14.8132781982422,12.0562047958374,"ZLATA","results_experiment_1_ZLATA.csv","Regular","Singular",-0.5,-0.5,"set_foot_leg"
"Regular Plural","legs","issue",15.4926059246063,12.5766582489014,"ZLATA","results_experiment_1_ZLATA.csv","Regular","Plural",-0.5,0.5,"set_foot_leg"
"Irregular Singular","foot","examination",13.610011100769,11.3844518661499,"ZLATA","results_experiment_1_ZLATA.csv","Irregular","Singular",0.5,-0.5,"set_foot_leg"
"Irregular Plural","feet","examination",14.3571624755859,12.3176746368408,"ZLATA","results_experiment_1_ZLATA.csv","Irregular","Plural",0.5,0.5,"set_foot_leg"
"Regular Singular","leg","examination",14.8132781982422,10.9947719573975,"ZLATA","results_experiment_1_ZLATA.csv","Regular","Singular",-0.5,-0.5,"set_foot_leg"
"Regular Plural","legs","examination",15.4926059246063,10.9333753585815,"ZLATA","results_experiment_1_ZLATA.csv","Regular","Plural",-0.5,0.5,"set_foot_leg"
"Irregular Singular","foot","expert",13.610011100769,11.614296913147,"ZLATA","results_experiment_1_ZLATA.csv","Irregular","Singular",0.5,-0.5,"set_foot_leg"
"Irregular Plural","feet","expert",14.3571624755859,13.1773929595947,"ZLATA","results_experiment_1_ZLATA.csv","Irregular","Plural",0.5,0.5,"set_foot_leg"
"Regular Singular","leg","expert",14.8132781982422,11.6282997131348,"ZLATA","results_experiment_1_ZLATA.csv","Regular","Singular",-0.5,-0.5,"set_foot_leg"
"Regular Plural","legs","expert",15.4926059246063,12.0750360488892,"ZLATA","results_experiment_1_ZLATA.csv","Regular","Plural",-0.5,0.5,"set_foot_leg"
"Irregular Singular","foot","inspector",13.610011100769,11.4516096115112,"ZLATA","results_experiment_1_ZLATA.csv","Irregular","Singular",0.5,-0.5,"set_foot_leg"
"Irregular Plural","feet","inspector",14.3571624755859,12.8111190795898,"ZLATA","results_experiment_1_ZLATA.csv","Irregular","Plural",0.5,0.5,"set_foot_leg"
"Regular Singular","leg","inspector",14.8132781982422,11.6697301864624,"ZLATA","results_experiment_1_ZLATA.csv","Regular","Singular",-0.5,-0.5,"set_foot_leg"
"Regular Plural","legs","inspector",15.4926059246063,12.7329111099243,"ZLATA","results_experiment_1_ZLATA.csv","Regular","Plural",-0.5,0.5,"set_foot_leg"
"Irregular Singular","tooth","issue",22.4769611358643,11.9236068725586,"ZLATA","results_experiment_1_ZLATA.csv","Irregular","Singular",0.5,-0.5,"set_tooth_bone"
"Irregular Plural","teeth","issue",21.0406684875488,12.0883512496948,"ZLATA","results_experiment_1_ZLATA.csv","Irregular","Plural",0.5,0.5,"set_tooth_bone"
"Regular Singular","bone","issue",12.5618162155151,11.7796401977539,"ZLATA","results_experiment_1_ZLATA.csv","Regular","Singular",-0.5,-0.5,"set_tooth_bone"
"Regular Plural","bones","issue",13.5567722320557,12.7556209564209,"ZLATA","results_experiment_1_ZLATA.csv","Regular","Plural",-0.5,0.5,"set_tooth_bone"
"Irregular Singular","tooth","examination",22.4769611358643,11.103289604187,"ZLATA","results_experiment_1_ZLATA.csv","Irregular","Singular",0.5,-0.5,"set_tooth_bone"
"Irregular Plural","teeth","examination",21.0406684875488,11.6057024002075,"ZLATA","results_experiment_1_ZLATA.csv","Irregular","Plural",0.5,0.5,"set_tooth_bone"
"Regular Singular","bone","examination",12.5618162155151,11.8511152267456,"ZLATA","results_experiment_1_ZLATA.csv","Regular","Singular",-0.5,-0.5,"set_tooth_bone"
"Regular Plural","bones","examination",13.5567722320557,12.6715602874756,"ZLATA","results_experiment_1_ZLATA.csv","Regular","Plural",-0.5,0.5,"set_tooth_bone"
"Irregular Singular","tooth","expert",22.4769611358643,12.2061653137207,"ZLATA","results_experiment_1_ZLATA.csv","Irregular","Singular",0.5,-0.5,"set_tooth_bone"
"Irregular Plural","teeth","expert",21.0406684875488,12.6042318344116,"ZLATA","results_experiment_1_ZLATA.csv","Irregular","Plural",0.5,0.5,"set_tooth_bone"
"Regular Singular","bone","expert",12.5618162155151,12.9478206634521,"ZLATA","results_experiment_1_ZLATA.csv","Regular","Singular",-0.5,-0.5,"set_tooth_bone"
"Regular Plural","bones","expert",13.5567722320557,13.5985736846924,"ZLATA","results_experiment_1_ZLATA.csv","Regular","Plural",-0.5,0.5,"set_tooth_bone"
"Irregular Singular","tooth","protector",22.4769611358643,13.6375484466553,"ZLATA","results_experiment_1_ZLATA.csv","Irregular","Singular",0.5,-0.5,"set_tooth_bone"
"Irregular Plural","teeth","protector",21.0406684875488,12.8327188491821,"ZLATA","results_experiment_1_ZLATA.csv","Irregular","Plural",0.5,0.5,"set_tooth_bone"
"Regular Singular","bone","protector",12.5618162155151,14.7678318023682,"ZLATA","results_experiment_1_ZLATA.csv","Regular","Singular",-0.5,-0.5,"set_tooth_bone"
"Regular Plural","bones","protector",13.5567722320557,15.5762023925781,"ZLATA","results_experiment_1_ZLATA.csv","Regular","Plural",-0.5,0.5,"set_tooth_bone"
"Irregular Singular","child","patrol",13.4501314163208,13.5933532714844,"ZLATA","results_experiment_1_ZLATA.csv","Irregular","Singular",0.5,-0.5,"set_child_adult"
"Irregular Plural","children","patrol",13.5779552459717,14.5135841369629,"ZLATA","results_experiment_1_ZLATA.csv","Irregular","Plural",0.5,0.5,"set_child_adult"
"Regular Singular","adult","patrol",22.6454734802246,13.6435556411743,"ZLATA","results_experiment_1_ZLATA.csv","Regular","Singular",-0.5,-0.5,"set_child_adult"
"Regular Plural","adults","patrol",24.5040168762207,13.8956642150879,"ZLATA","results_experiment_1_ZLATA.csv","Regular","Plural",-0.5,0.5,"set_child_adult"
"Irregular Singular","child","register",13.4501314163208,12.7177534103394,"ZLATA","results_experiment_1_ZLATA.csv","Irregular","Singular",0.5,-0.5,"set_child_adult"
"Irregular Plural","children","register",13.5779552459717,12.5464992523193,"ZLATA","results_experiment_1_ZLATA.csv","Irregular","Plural",0.5,0.5,"set_child_adult"
"Regular Singular","adult","register",22.6454734802246,12.3232736587524,"ZLATA","results_experiment_1_ZLATA.csv","Regular","Singular",-0.5,-0.5,"set_child_adult"
"Regular Plural","adults","register",24.5040168762207,12.3322515487671,"ZLATA","results_experiment_1_ZLATA.csv","Regular","Plural",-0.5,0.5,"set_child_adult"
"Irregular Singular","child","institute",13.4501314163208,12.1991958618164,"ZLATA","results_experiment_1_ZLATA.csv","Irregular","Singular",0.5,-0.5,"set_child_adult"
"Irregular Plural","children","institute",13.5779552459717,13.9619445800781,"ZLATA","results_experiment_1_ZLATA.csv","Irregular","Plural",0.5,0.5,"set_child_adult"
"Regular Singular","adult","institute",22.6454734802246,12.4203453063965,"ZLATA","results_experiment_1_ZLATA.csv","Regular","Singular",-0.5,-0.5,"set_child_adult"
"Regular Plural","adults","institute",24.5040168762207,13.0202169418335,"ZLATA","results_experiment_1_ZLATA.csv","Regular","Plural",-0.5,0.5,"set_child_adult"
"Irregular Singular","child","crew",13.4501314163208,11.1259126663208,"ZLATA","results_experiment_1_ZLATA.csv","Irregular","Singular",0.5,-0.5,"set_child_adult"
"Irregular Plural","children","crew",13.5779552459717,12.5117855072021,"ZLATA","results_experiment_1_ZLATA.csv","Irregular","Plural",0.5,0.5,"set_child_adult"
"Regular Singular","adult","crew",22.6454734802246,11.0783710479736,"ZLATA","results_experiment_1_ZLATA.csv","Regular","Singular",-0.5,-0.5,"set_child_adult"
"Regular Plural","adults","crew",24.5040168762207,12.473895072937,"ZLATA","results_experiment_1_ZLATA.csv","Regular","Plural",-0.5,0.5,"set_child_adult"
"Irregular Singular","woman","protector",13.1400423049927,14.37073802948,"ZLATA","results_experiment_1_ZLATA.csv","Irregular","Singular",0.5,-0.5,"set_woman_girl"
"Irregular Plural","women","protector",14.4039268493652,15.1276416778564,"ZLATA","results_experiment_1_ZLATA.csv","Irregular","Plural",0.5,0.5,"set_woman_girl"
"Regular Singular","girl","protector",14.9034090042114,14.2351598739624,"ZLATA","results_experiment_1_ZLATA.csv","Regular","Singular",-0.5,-0.5,"set_woman_girl"
"Regular Plural","girls","protector",15.3833270072937,14.4511070251465,"ZLATA","results_experiment_1_ZLATA.csv","Regular","Plural",-0.5,0.5,"set_woman_girl"
"Irregular Singular","woman","register",13.1400423049927,12.3916292190552,"ZLATA","results_experiment_1_ZLATA.csv","Irregular","Singular",0.5,-0.5,"set_woman_girl"
"Irregular Plural","women","register",14.4039268493652,12.8612279891968,"ZLATA","results_experiment_1_ZLATA.csv","Irregular","Plural",0.5,0.5,"set_woman_girl"
"Regular Singular","girl","register",14.9034090042114,12.7715711593628,"ZLATA","results_experiment_1_ZLATA.csv","Regular","Singular",-0.5,-0.5,"set_woman_girl"
"Regular Plural","girls","register",15.3833270072937,12.3790531158447,"ZLATA","results_experiment_1_ZLATA.csv","Regular","Plural",-0.5,0.5,"set_woman_girl"
"Irregular Singular","woman","hangout",13.140043258667,17.9652605056763,"ZLATA","results_experiment_1_ZLATA.csv","Irregular","Singular",0.5,-0.5,"set_woman_girl"
"Irregular Plural","women","hangout",14.4039278030396,17.947075843811,"ZLATA","results_experiment_1_ZLATA.csv","Irregular","Plural",0.5,0.5,"set_woman_girl"
"Regular Singular","girl","hangout",14.9034099578857,17.2960357666016,"ZLATA","results_experiment_1_ZLATA.csv","Regular","Singular",-0.5,-0.5,"set_woman_girl"
"Regular Plural","girls","hangout",15.383327960968,15.739040851593,"ZLATA","results_experiment_1_ZLATA.csv","Regular","Plural",-0.5,0.5,"set_woman_girl"
"Irregular Singular","woman","crew",13.1400423049927,11.1548357009888,"ZLATA","results_experiment_1_ZLATA.csv","Irregular","Singular",0.5,-0.5,"set_woman_girl"
"Irregular Plural","women","crew",14.4039268493652,12.5213375091553,"ZLATA","results_experiment_1_ZLATA.csv","Irregular","Plural",0.5,0.5,"set_woman_girl"
"Regular Singular","girl","crew",14.9034090042114,10.9816541671753,"ZLATA","results_experiment_1_ZLATA.csv","Regular","Singular",-0.5,-0.5,"set_woman_girl"
"Regular Plural","girls","crew",15.3833270072937,10.9630031585693,"ZLATA","results_experiment_1_ZLATA.csv","Regular","Plural",-0.5,0.5,"set_woman_girl"
"Irregular Singular","man","institute",8.85054016113281,12.4041137695312,"ZLATA","results_experiment_1_ZLATA.csv","Irregular","Singular",0.5,-0.5,"set_man_boy"
"Irregular Plural","men","institute",10.3171243667603,13.2593193054199,"ZLATA","results_experiment_1_ZLATA.csv","Irregular","Plural",0.5,0.5,"set_man_boy"
"Regular Singular","boy","institute",13.5447235107422,12.6644630432129,"ZLATA","results_experiment_1_ZLATA.csv","Regular","Singular",-0.5,-0.5,"set_man_boy"
"Regular Plural","boys","institute",12.3413114547729,13.2276859283447,"ZLATA","results_experiment_1_ZLATA.csv","Regular","Plural",-0.5,0.5,"set_man_boy"
"Irregular Singular","man","register",8.85054016113281,13.0495624542236,"ZLATA","results_experiment_1_ZLATA.csv","Irregular","Singular",0.5,-0.5,"set_man_boy"
"Irregular Plural","men","register",10.3171243667603,12.4882574081421,"ZLATA","results_experiment_1_ZLATA.csv","Irregular","Plural",0.5,0.5,"set_man_boy"
"Regular Singular","boy","register",13.5447235107422,13.0397567749023,"ZLATA","results_experiment_1_ZLATA.csv","Regular","Singular",-0.5,-0.5,"set_man_boy"
"Regular Plural","boys","register",12.3413114547729,12.3877820968628,"ZLATA","results_experiment_1_ZLATA.csv","Regular","Plural",-0.5,0.5,"set_man_boy"
"Irregular Singular","man","finder",8.85054111480713,20.5576105117798,"ZLATA","results_experiment_1_ZLATA.csv","Irregular","Singular",0.5,-0.5,"set_man_boy"
"Irregular Plural","men","finder",10.3171243667603,19.3822813034058,"ZLATA","results_experiment_1_ZLATA.csv","Irregular","Plural",0.5,0.5,"set_man_boy"
"Regular Singular","boy","finder",13.5447244644165,19.7724390029907,"ZLATA","results_experiment_1_ZLATA.csv","Regular","Singular",-0.5,-0.5,"set_man_boy"
"Regular Plural","boys","finder",12.3413114547729,19.5769758224487,"ZLATA","results_experiment_1_ZLATA.csv","Regular","Plural",-0.5,0.5,"set_man_boy"
"Irregular Singular","man","hangout",8.85054111480713,18.4417939186096,"ZLATA","results_experiment_1_ZLATA.csv","Irregular","Singular",0.5,-0.5,"set_man_boy"
"Irregular Plural","men","hangout",10.3171243667603,17.2825865745544,"ZLATA","results_experiment_1_ZLATA.csv","Irregular","Plural",0.5,0.5,"set_man_boy"
"Regular Singular","boy","hangout",13.5447244644165,17.0764589309692,"ZLATA","results_experiment_1_ZLATA.csv","Regular","Singular",-0.5,-0.5,"set_man_boy"
"Regular Plural","boys","hangout",12.3413114547729,17.2890319824219,"ZLATA","results_experiment_1_ZLATA.csv","Regular","Plural",-0.5,0.5,"set_man_boy"
"Irregular Singular","salesman","institute",29.7957715988159,12.1424131393433,"ZLATA","results_experiment_1_ZLATA.csv","Irregular","Singular",0.5,-0.5,"set_salesman_retailer"
"Irregular Plural","salesmen","institute",30.7782125473022,13.1392431259155,"ZLATA","results_experiment_1_ZLATA.csv","Irregular","Plural",0.5,0.5,"set_salesman_retailer"
"Regular Singular","retailer","institute",31.9895067214966,11.8555345535278,"ZLATA","results_experiment_1_ZLATA.csv","Regular","Singular",-0.5,-0.5,"set_salesman_retailer"
"Regular Plural","retailers","institute",30.7278351783752,13.4397821426392,"ZLATA","results_experiment_1_ZLATA.csv","Regular","Plural",-0.5,0.5,"set_salesman_retailer"
"Irregular Singular","salesman","inspector",29.7957715988159,12.1701383590698,"ZLATA","results_experiment_1_ZLATA.csv","Irregular","Singular",0.5,-0.5,"set_salesman_retailer"
"Irregular Plural","salesmen","inspector",30.7782125473022,13.4913902282715,"ZLATA","results_experiment_1_ZLATA.csv","Irregular","Plural",0.5,0.5,"set_salesman_retailer"
"Regular Singular","retailer","inspector",31.9895067214966,11.8033075332642,"ZLATA","results_experiment_1_ZLATA.csv","Regular","Singular",-0.5,-0.5,"set_salesman_retailer"
"Regular Plural","retailers","inspector",30.7278351783752,13.0294809341431,"ZLATA","results_experiment_1_ZLATA.csv","Regular","Plural",-0.5,0.5,"set_salesman_retailer"
"Irregular Singular","salesman","protector",29.7957715988159,14.5482892990112,"ZLATA","results_experiment_1_ZLATA.csv","Irregular","Singular",0.5,-0.5,"set_salesman_retailer"
"Irregular Plural","salesmen","protector",30.7782125473022,14.9035301208496,"ZLATA","results_experiment_1_ZLATA.csv","Irregular","Plural",0.5,0.5,"set_salesman_retailer"
"Regular Singular","retailer","protector",31.9895067214966,14.0052843093872,"ZLATA","results_experiment_1_ZLATA.csv","Regular","Singular",-0.5,-0.5,"set_salesman_retailer"
"Regular Plural","retailers","protector",30.7278351783752,15.1517448425293,"ZLATA","results_experiment_1_ZLATA.csv","Regular","Plural",-0.5,0.5,"set_salesman_retailer"
"Irregular Singular","salesman","employer",29.7957715988159,13.4814701080322,"ZLATA","results_experiment_1_ZLATA.csv","Irregular","Singular",0.5,-0.5,"set_salesman_retailer"
"Irregular Plural","salesmen","employer",30.7782125473022,13.908730506897,"ZLATA","results_experiment_1_ZLATA.csv","Irregular","Plural",0.5,0.5,"set_salesman_retailer"
"Regular Singular","retailer","employer",31.9895067214966,13.0954675674438,"ZLATA","results_experiment_1_ZLATA.csv","Regular","Singular",-0.5,-0.5,"set_salesman_retailer"
"Regular Plural","retailers","employer",30.7278351783752,14.2111129760742,"ZLATA","results_experiment_1_ZLATA.csv","Regular","Plural",-0.5,0.5,"set_salesman_retailer"
"Irregular Singular","nobleman","patrol",26.84840965271,13.7224197387695,"ZLATA","results_experiment_1_ZLATA.csv","Irregular","Singular",0.5,-0.5,"set_nobleman_aristocrat"
"Irregular Plural","noblemen","patrol",28.3629865646362,13.5965337753296,"ZLATA","results_experiment_1_ZLATA.csv","Irregular","Plural",0.5,0.5,"set_nobleman_aristocrat"
"Regular Singular","aristocrat","patrol",32.2781596183777,12.625940322876,"ZLATA","results_experiment_1_ZLATA.csv","Regular","Singular",-0.5,-0.5,"set_nobleman_aristocrat"
"Regular Plural","aristocrats","patrol",31.422908782959,13.8730621337891,"ZLATA","results_experiment_1_ZLATA.csv","Regular","Plural",-0.5,0.5,"set_nobleman_aristocrat"
"Irregular Singular","nobleman","hangout",26.8484101295471,16.8389401435852,"ZLATA","results_experiment_1_ZLATA.csv","Irregular","Singular",0.5,-0.5,"set_nobleman_aristocrat"
"Irregular Plural","noblemen","hangout",28.3629860877991,15.5511608123779,"ZLATA","results_experiment_1_ZLATA.csv","Irregular","Plural",0.5,0.5,"set_nobleman_aristocrat"
"Regular Singular","aristocrat","hangout",32.2781577110291,17.0195951461792,"ZLATA","results_experiment_1_ZLATA.csv","Regular","Singular",-0.5,-0.5,"set_nobleman_aristocrat"
"Regular Plural","aristocrats","hangout",31.4229073524475,16.2209396362305,"ZLATA","results_experiment_1_ZLATA.csv","Regular","Plural",-0.5,0.5,"set_nobleman_aristocrat"
"Irregular Singular","nobleman","institute",26.84840965271,12.6072301864624,"ZLATA","results_experiment_1_ZLATA.csv","Irregular","Singular",0.5,-0.5,"set_nobleman_aristocrat"
"Irregular Plural","noblemen","institute",28.3629865646362,13.0839414596558,"ZLATA","results_experiment_1_ZLATA.csv","Irregular","Plural",0.5,0.5,"set_nobleman_aristocrat"
"Regular Singular","aristocrat","institute",32.2781596183777,10.8424835205078,"ZLATA","results_experiment_1_ZLATA.csv","Regular","Singular",-0.5,-0.5,"set_nobleman_aristocrat"
"Regular Plural","aristocrats","institute",31.422908782959,13.4577112197876,"ZLATA","results_experiment_1_ZLATA.csv","Regular","Plural",-0.5,0.5,"set_nobleman_aristocrat"
"Irregular Singular","nobleman","crew",26.84840965271,11.9720878601074,"ZLATA","results_experiment_1_ZLATA.csv","Irregular","Singular",0.5,-0.5,"set_nobleman_aristocrat"
"Irregular Plural","noblemen","crew",28.3629865646362,12.2596263885498,"ZLATA","results_experiment_1_ZLATA.csv","Irregular","Plural",0.5,0.5,"set_nobleman_aristocrat"
"Regular Singular","aristocrat","crew",32.2781596183777,11.0752830505371,"ZLATA","results_experiment_1_ZLATA.csv","Regular","Singular",-0.5,-0.5,"set_nobleman_aristocrat"
"Regular Plural","aristocrats","crew",31.422908782959,11.7792615890503,"ZLATA","results_experiment_1_ZLATA.csv","Regular","Plural",-0.5,0.5,"set_nobleman_aristocrat"
"Irregular Singular","boatman","patrol",20.1592721939087,13.361722946167,"ZLATA","results_experiment_1_ZLATA.csv","Irregular","Singular",0.5,-0.5,"set_boatman_shipmate"
"Irregular Plural","boatmen","patrol",21.2214050292969,13.5330457687378,"ZLATA","results_experiment_1_ZLATA.csv","Irregular","Plural",0.5,0.5,"set_boatman_shipmate"
"Regular Singular","shipmate","patrol",23.0914926528931,13.3291997909546,"ZLATA","results_experiment_1_ZLATA.csv","Regular","Singular",-0.5,-0.5,"set_boatman_shipmate"
"Regular Plural","shipmates","patrol",22.7331552505493,13.9857769012451,"ZLATA","results_experiment_1_ZLATA.csv","Regular","Plural",-0.5,0.5,"set_boatman_shipmate"
"Irregular Singular","boatman","finder",20.1592750549316,19.9705667495728,"ZLATA","results_experiment_1_ZLATA.csv","Irregular","Singular",0.5,-0.5,"set_boatman_shipmate"
"Irregular Plural","boatmen","finder",21.2214059829712,19.0239782333374,"ZLATA","results_experiment_1_ZLATA.csv","Irregular","Plural",0.5,0.5,"set_boatman_shipmate"
"Regular Singular","shipmate","finder",23.0914926528931,20.1687307357788,"ZLATA","results_experiment_1_ZLATA.csv","Regular","Singular",-0.5,-0.5,"set_boatman_shipmate"
"Regular Plural","shipmates","finder",22.7331552505493,19.1022472381592,"ZLATA","results_experiment_1_ZLATA.csv","Regular","Plural",-0.5,0.5,"set_boatman_shipmate"
"Irregular Singular","boatman","inspector",20.1592721939087,11.831226348877,"ZLATA","results_experiment_1_ZLATA.csv","Irregular","Singular",0.5,-0.5,"set_boatman_shipmate"
"Irregular Plural","boatmen","inspector",21.2214050292969,13.0041332244873,"ZLATA","results_experiment_1_ZLATA.csv","Irregular","Plural",0.5,0.5,"set_boatman_shipmate"
"Regular Singular","shipmate","inspector",23.0914926528931,12.2078399658203,"ZLATA","results_experiment_1_ZLATA.csv","Regular","Singular",-0.5,-0.5,"set_boatman_shipmate"
"Regular Plural","shipmates","inspector",22.7331552505493,13.4074268341064,"ZLATA","results_experiment_1_ZLATA.csv","Regular","Plural",-0.5,0.5,"set_boatman_shipmate"
"Irregular Singular","boatman","employer",20.1592721939087,14.0295839309692,"ZLATA","results_experiment_1_ZLATA.csv","Irregular","Singular",0.5,-0.5,"set_boatman_shipmate"
"Irregular Plural","boatmen","employer",21.2214050292969,14.4461450576782,"ZLATA","results_experiment_1_ZLATA.csv","Irregular","Plural",0.5,0.5,"set_boatman_shipmate"
"Regular Singular","shipmate","employer",23.0914926528931,13.8001642227173,"ZLATA","results_experiment_1_ZLATA.csv","Regular","Singular",-0.5,-0.5,"set_boatman_shipmate"
"Regular Plural","shipmates","employer",22.7331552505493,14.5035362243652,"ZLATA","results_experiment_1_ZLATA.csv","Regular","Plural",-0.5,0.5,"set_boatman_shipmate"
"Irregular Singular","craftsman","employer",25.5811858177185,13.5002918243408,"ZLATA","results_experiment_1_ZLATA.csv","Irregular","Singular",0.5,-0.5,"set_craftsman_labourer"
"Irregular Plural","craftsmen","employer",26.7717394828796,14.0527095794678,"ZLATA","results_experiment_1_ZLATA.csv","Irregular","Plural",0.5,0.5,"set_craftsman_labourer"
"Regular Singular","labourer","employer",32.5073580741882,12.7928123474121,"ZLATA","results_experiment_1_ZLATA.csv","Regular","Singular",-0.5,-0.5,"set_craftsman_labourer"
"Regular Plural","labourers","employer",34.4791665077209,13.7057914733887,"ZLATA","results_experiment_1_ZLATA.csv","Regular","Plural",-0.5,0.5,"set_craftsman_labourer"
"Irregular Singular","craftsman","examination",25.5811858177185,12.1137046813965,"ZLATA","results_experiment_1_ZLATA.csv","Irregular","Singular",0.5,-0.5,"set_craftsman_labourer"
"Irregular Plural","craftsmen","examination",26.7717394828796,12.2583904266357,"ZLATA","results_experiment_1_ZLATA.csv","Irregular","Plural",0.5,0.5,"set_craftsman_labourer"
"Regular Singular","labourer","examination",32.5073580741882,12.1707057952881,"ZLATA","results_experiment_1_ZLATA.csv","Regular","Singular",-0.5,-0.5,"set_craftsman_labourer"
"Regular Plural","labourers","examination",34.4791665077209,12.182731628418,"ZLATA","results_experiment_1_ZLATA.csv","Regular","Plural",-0.5,0.5,"set_craftsman_labourer"
"Irregular Singular","craftsman","hangout",25.581184387207,17.492618560791,"ZLATA","results_experiment_1_ZLATA.csv","Irregular","Singular",0.5,-0.5,"set_craftsman_labourer"
"Irregular Plural","craftsmen","hangout",26.7717390060425,16.7130632400513,"ZLATA","results_experiment_1_ZLATA.csv","Irregular","Plural",0.5,0.5,"set_craftsman_labourer"
"Regular Singular","labourer","hangout",32.5073580741882,17.5373229980469,"ZLATA","results_experiment_1_ZLATA.csv","Regular","Singular",-0.5,-0.5,"set_craftsman_labourer"
"Regular Plural","labourers","hangout",34.4791665077209,15.655613899231,"ZLATA","results_experiment_1_ZLATA.csv","Regular","Plural",-0.5,0.5,"set_craftsman_labourer"
"Irregular Singular","craftsman","finder",25.581184387207,19.7269926071167,"ZLATA","results_experiment_1_ZLATA.csv","Irregular","Singular",0.5,-0.5,"set_craftsman_labourer"
"Irregular Plural","craftsmen","finder",26.7717390060425,19.0919485092163,"ZLATA","results_experiment_1_ZLATA.csv","Irregular","Plural",0.5,0.5,"set_craftsman_labourer"
"Regular Singular","labourer","finder",32.5073580741882,19.1855506896973,"ZLATA","results_experiment_1_ZLATA.csv","Regular","Singular",-0.5,-0.5,"set_craftsman_labourer"
"Regular Plural","labourers","finder",34.4791665077209,18.4974966049194,"ZLATA","results_experiment_1_ZLATA.csv","Regular","Plural",-0.5,0.5,"set_craftsman_labourer"
"Irregular Singular","fireman","examination",18.7661156654358,12.6020240783691,"ZLATA","results_experiment_1_ZLATA.csv","Irregular","Singular",0.5,-0.5,"set_fireman_lifeguard"
"Irregular Plural","firemen","examination",20.8163805007935,12.6700477600098,"ZLATA","results_experiment_1_ZLATA.csv","Irregular","Plural",0.5,0.5,"set_fireman_lifeguard"
"Regular Singular","lifeguard","examination",24.6440649032593,11.5565214157104,"ZLATA","results_experiment_1_ZLATA.csv","Regular","Singular",-0.5,-0.5,"set_fireman_lifeguard"
"Regular Plural","lifeguards","examination",24.8870162963867,12.5688991546631,"ZLATA","results_experiment_1_ZLATA.csv","Regular","Plural",-0.5,0.5,"set_fireman_lifeguard"
"Irregular Singular","fireman","employer",18.7661156654358,14.1459159851074,"ZLATA","results_experiment_1_ZLATA.csv","Irregular","Singular",0.5,-0.5,"set_fireman_lifeguard"
"Irregular Plural","firemen","employer",20.8163805007935,14.5663471221924,"ZLATA","results_experiment_1_ZLATA.csv","Irregular","Plural",0.5,0.5,"set_fireman_lifeguard"
"Regular Singular","lifeguard","employer",24.6440649032593,13.3578176498413,"ZLATA","results_experiment_1_ZLATA.csv","Regular","Singular",-0.5,-0.5,"set_fireman_lifeguard"
"Regular Plural","lifeguards","employer",24.8870162963867,14.6323070526123,"ZLATA","results_experiment_1_ZLATA.csv","Regular","Plural",-0.5,0.5,"set_fireman_lifeguard"
"Irregular Singular","fireman","crew",18.7661156654358,11.5103816986084,"ZLATA","results_experiment_1_ZLATA.csv","Irregular","Singular",0.5,-0.5,"set_fireman_lifeguard"
"Irregular Plural","firemen","crew",20.8163805007935,12.0936670303345,"ZLATA","results_experiment_1_ZLATA.csv","Irregular","Plural",0.5,0.5,"set_fireman_lifeguard"
"Regular Singular","lifeguard","crew",24.6440649032593,10.7524147033691,"ZLATA","results_experiment_1_ZLATA.csv","Regular","Singular",-0.5,-0.5,"set_fireman_lifeguard"
"Regular Plural","lifeguards","crew",24.8870162963867,12.8631410598755,"ZLATA","results_experiment_1_ZLATA.csv","Regular","Plural",-0.5,0.5,"set_fireman_lifeguard"
"Irregular Singular","fireman","patrol",18.7661156654358,13.2086563110352,"ZLATA","results_experiment_1_ZLATA.csv","Irregular","Singular",0.5,-0.5,"set_fireman_lifeguard"
"Irregular Plural","firemen","patrol",20.8163805007935,13.318000793457,"ZLATA","results_experiment_1_ZLATA.csv","Irregular","Plural",0.5,0.5,"set_fireman_lifeguard"
"Regular Singular","lifeguard","patrol",24.6440649032593,13.6303253173828,"ZLATA","results_experiment_1_ZLATA.csv","Regular","Singular",-0.5,-0.5,"set_fireman_lifeguard"
"Regular Plural","lifeguards","patrol",24.8870162963867,14.0838613510132,"ZLATA","results_experiment_1_ZLATA.csv","Regular","Plural",-0.5,0.5,"set_fireman_lifeguard"
